# The patterns kept for cas under the rule 15,7,6,3,11,5,9,8,14,13,12,4,10,2,1,0:
# a pattern to a line, with tabs in between: what it is (a spaceship, an oscillator or a
# still life), the pattern (run-length encoded, from a corner of the blocks the next step
# rewrites, at the start of the vacuum's cycle), its period, how far it moves in a period,
# a name, and a note. The file is named by the rule's table in hex.
class	pattern	period	moves	name	note
spaceship	bo$bo$bo	62	-2,-2		
spaceship	o$o$o$o	254	2,2		search
spaceship	o$o$3o$2bo	226	2,2		search
spaceship	o$2o$o$o$o	46	2,2		search
spaceship	o$2o$2o$o	406	2,2		search
spaceship	o$3o	88	2,2		search
spaceship	o$3o$obo$bo	126	2,2		search
spaceship	2o$o$3o	554	2,2		search
spaceship	2o2$obo$2o	122	2,2		search
spaceship	2o$bo$bo$bo2$o	692	-4,-4		search
spaceship	2o$b2o$o$2bo	118	-2,-2		search
spaceship	2o$b2o$o2bo	442	2,2		search
spaceship	2o$bobo$obobo$bobo	460	2,2		search
spaceship	3o$o2bo$b2o	140	2,2		search
spaceship	3o$b2o	382	2,2		search
spaceship	4o	254	2,2		search
spaceship	5o$3bo	78	-2,-2		search
spaceship	3o$4bo$b2o	648	-4,-4		search
spaceship	2obo$3o	480	2,2		search
spaceship	o$bo$o$2o$bo2$bo	1902	-4,-4		search
spaceship	o$bo2$2o$obo$o$obo	1394	2,2		search
spaceship	o$b2o2$obo$bo	100	2,2		search
spaceship	obo$o$b2o$bo	90	2,2		search
spaceship	obo$b2o2$o$bo	364	-4,-4		search
spaceship	obo$2bobo$b2obo	50	2,2		search
spaceship	ob2o$bobo$3bo	62	-2,-2		search
spaceship	ob3o$4b2o	46	2,2		search
spaceship	ob2obo$2o	660	-4,-4		search
spaceship	obo$3bo$bobo	226	-2,-2		search
spaceship	o2$2bo$2o$b2o$2bo	388	4,4		search
spaceship	o2$2bo2$b2o$2bo	406	-2,-2		search
spaceship	o2bo$2bo$bo2$2o	334	2,2		search
spaceship	o2b2o$bobo$o2bo	238	-2,-2		search
spaceship	o$4bo$b4o	546	2,2		search
spaceship	$o$o$2o$o	378	2,2		search
spaceship	$o$o$o$b3o	62	2,2		search
spaceship	$o$2o$2o$bo	148	-4,-4		search
spaceship	$o$2o$o$2bo	76	-2,-2		search
spaceship	$o$2o$bo$bo	122	-2,-2		search
spaceship	$o$3o$bobo$2bo	306	2,2		search
spaceship	$o$2o$2bo$2bo	190	-2,-2		search
spaceship	$o$o$bo$b2o$2bo	106	-2,-2		search
spaceship	$2o$3o$bo$2bo	374	6,6		search
spaceship	$3o$bo	86	2,2		search
spaceship	$o$b3o$3bo$3bo	342	-2,-2		search
spaceship	$obo$o2bo	166	-2,-2		search
spaceship	$ob2o$obo$3bo	146	2,2		search
spaceship	bo$3o	226	-2,-2		search
spaceship	bo$bo$2o2$o$bo$o	238	-2,-2		search
spaceship	bo$b2o$b3o	38	2,2		search
spaceship	bo$bo$2bo$2o$b2o$bo	2324	8,8		search
spaceship	bo2$bo$b2o$bo	364	-4,-4		search
spaceship	b2o$o$bo2bo$2b2o	798	2,2		search
spaceship	b2o$obo$o$2o	970	2,2		search
spaceship	b2o$obo2$bo	290	2,2		search
spaceship	b2o$bobo$bo$3bo$bo	236	2,2		search
spaceship	b2o2$bo$b2o	364	4,4		search
spaceship	b2o$2b2o$b2o	66	2,2		search
spaceship	b3o	98	2,2		search
spaceship	b3o$o$2o	966	2,2		search
spaceship	b3o$b2o$4bo	418	2,2		search
spaceship	b3o2$bo2bo$2bo	124	4,4		search
spaceship	b3o$2b2o$bo4bo	1274	-2,-2		search
spaceship	b3o$3bo3$bo	606	-2,-2		search
spaceship	b3o$3bo$2bo$2bo	814	-2,-2		search
spaceship	b3o$3b2o$bo	480	-4,-4		search
spaceship	b4o$5bo$2o	278	-2,-2		search
spaceship	b3obo	244	4,4		search
spaceship	b3obo$4bo2bo	86	2,2		search
spaceship	b2o$3bobo$bobo	270	-2,-2		search
spaceship	b2o$3bobo$bo$4bo	334	-2,-2		search
spaceship	b2obo$2bo$bo2bo	1316	-4,-4		search
spaceship	bo$2bo$bo	88	2,2		search
spaceship	bobo$b2o	186	2,2		search
spaceship	bobo$bo2bo$bo3bo	218	2,2		search
spaceship	bobo$3b2o$2bobo$3bo	146	-2,-2		search
spaceship	bob2o$2bo$2b2o	2038	6,6		search
spaceship	bo2bo$b3o$3b2o	940	-4,-4		search
spaceship	bo2bo$bobobo$3o	594	-2,-2		search
spaceship	$bo$2o2$b2o	214	-2,-2		search
spaceship	$bo2bo$3bo$2b3o	980	2,2		search
spaceship	$bo3bo$2bo2b2o$2bobo	1336	4,4		search
spaceship	2bo2$bobo$b2o$bo	436	-4,-4		search
spaceship	2b2obo$3bobo$bo	676	4,4		search
spaceship	$2bo$b2o$4bo$bob2o	760	2,2		search
spaceship	$2b2o$bobo	210	2,2		search
spaceship	$2b2o$3bo$obo$bo	2306	-2,-2		search
spaceship	$2b3o$3bo$bo$b2o	342	-2,-2		search
spaceship	$2bobo$b2o$4bo$3b2o	140	4,4		search
spaceship	$3bo$2b2o$3bo$b2o$3bo	324	-4,-4		search
spaceship	$4bo$bo2bo$3b3o	330	2,2		search
oscillator	o	4			search
oscillator	o$o$o	24			search
oscillator	o$o$o2$o$o	40			search
oscillator	o$o$o2$2o	36			search
oscillator	o$o$o2$2o$bo	32			search
oscillator	o$o$2o$2b2o$2bo	296			search
oscillator	o$o$obo2$2o	40			search
oscillator	o$o$obo$2bo$o	40			search
oscillator	o$o$obo$2bo2$2bo	256			search
oscillator	o$o$o2$2b3o	24			search
oscillator	o$o$o2bo2$2o	36			search
oscillator	o$o$o2bo$2bo$4bo	28			search
oscillator	o$o$o$3bo$bobo	48			search
oscillator	o$o$o$3bo$3bo$bo	48			search
oscillator	o$o$o3bo$4bo$3bo	24			search
oscillator	o$o2$o2bo$bobo	112			search
oscillator	o$2o$o	16			search
oscillator	o$2o$o2$o$o	28			search
oscillator	o$2o$o2$2o$bo	28			search
oscillator	o$2o$o2$o$bo	24			search
oscillator	o$2o$o3$2o	16			search
oscillator	o$2o$3o$bo	288			search
oscillator	o$2o$o$bo$o	112			search
oscillator	o$2o$o$bo$bo$o	460			search
oscillator	o$2o$o$bo2$bo	112			search
oscillator	o$2o$o2$bo	16			search
oscillator	o$2o$o2$bo$bo	28			search
oscillator	o$2o$o2$bobo	16			search
oscillator	o$2o$obo	16			search
oscillator	o$2o$obo2$bo	16			search
oscillator	o$2o$obo3$bo	16			search
oscillator	o$2o$obo$2bo	16			search
oscillator	o$2o$obo2$2bo$3bo	16			search
oscillator	o$2o$ob2o	28			search
oscillator	o$2o$ob3o	132			search
oscillator	o$2o$obo$3bo	16			search
oscillator	o$2o$obo$3b2o	112			search
oscillator	o$2o$obo2$3bo	16			search
oscillator	o$2o$obobo$2b2o	72			search
oscillator	o$2o$obo$4bo	16			search
oscillator	o$2o$o$2bo$2bo	94			search
oscillator	o$2o$o2bo	16			search
oscillator	o$2o$o2bo2$bo	16			search
oscillator	o$2o$o2bo$2bo	24			search
oscillator	o$2o$o2bo$3bo	16			search
oscillator	o$2o$o2bo2$3bo	16			search
oscillator	o$2o$o2b2o	80			search
oscillator	o$2o$o2bo$4bo	112			search
oscillator	o$2o$o$3bo$3bo	16			search
oscillator	o$2o$o$3b2o	16			search
oscillator	o$2o$o$3bo$4bo	16			search
oscillator	o$2o$o2$3bo	16			search
oscillator	o$2o$o$4bo$3bo	16			search
oscillator	o$2o2$3o	56			search
oscillator	o$2o2$o$bo	28			search
oscillator	o$2o$b2o$2b2o$4bo	56			search
oscillator	o$2o2$bo$o	16			search
oscillator	o$2o2$bo$2o	28			search
oscillator	o$2o2$bo$2o$bo	44			search
oscillator	o$2o2$bo$3o	72			search
oscillator	o$2o2$bo$obo	16			search
oscillator	o$2o2$bo$bo	24			search
oscillator	o$2o2$bo$bo$bo	28			search
oscillator	o$2o2$bo$b2o	32			search
oscillator	o$2o2$b2o$bo	60			search
oscillator	o$2o2$b2o$2bo	32			search
oscillator	o$2o2$bo$2bo	16			search
oscillator	o$2o2$bo$2b2o	16			search
oscillator	o$2o2$bobo$2bo	16			search
oscillator	o$2o2$bobo$3bo	16			search
oscillator	o$2o2$bob2o	16			search
oscillator	o$2o2$bobo$4bo	16			search
oscillator	o$2o2$bo2bo$3bo	16			search
oscillator	o$3o2$obo	20			search
oscillator	o$3o$bo$o	22			search
oscillator	o$3o2$bo$2bo	72			search
oscillator	o$3o2$bo$2bo$2bo	244			search
oscillator	o$3o$2bo$o$o	112			search
oscillator	o$3o$2b2o	176			search
oscillator	o$2o$2bo	4			search
oscillator	o$2o$2bo$o$bo	28			search
oscillator	o$2o$2bo$bo	16			search
oscillator	o$2o$2bo$bo$o	16			search
oscillator	o$2o$2bo$bo$o$bo	16			search
oscillator	o$2o$2bo$bo$bo	28			search
oscillator	o$2o$2bo$bo$b2o	36			search
oscillator	o$2o$2bo$b2o	28			search
oscillator	o$2o$2bo$bo$2bo	16			search
oscillator	o$2o$2bo2$2bo$2bo	24			search
oscillator	o$2o$2bo2$2b2o$3bo	24			search
oscillator	o$2o$2b2o	8			search
oscillator	o$2o$2bo$3b2o	28			search
oscillator	o$2o$2bo$3bo$4bo	4			search
oscillator	o$2o$2bob2o	24			search
oscillator	o$2o$2bo$4bo	16			search
oscillator	o$2obo$obo	48			search
oscillator	o$2obo$obo$2b2o	72			search
oscillator	o$2obo$obo2$2bo$3bo	48			search
oscillator	o$2obo$obobo	48			search
oscillator	o$2obo$obobo$2b2o	600			search
oscillator	o$2obo$obo$4bo	48			search
oscillator	o$2obo$o2bo	64			search
oscillator	o$2obo$o2bo$2bo	168			search
oscillator	o$2obo$o2b2o	48			search
oscillator	o$2obo$o2$3bo	48			search
oscillator	o$2obo$o3bo	48			search
oscillator	o$2obo3$2obo	48			search
oscillator	o$2obo$2b2o	24			search
oscillator	o$2obo$2b3o	24			search
oscillator	o$2obo$3b2o	8			search
oscillator	o$2ob2o$obobo	1036			search
oscillator	o$2ob2o$o2bo	96			search
oscillator	o$2ob2o$o3bo	48			search
oscillator	o$2ob2o$3bo	8			search
oscillator	o$2o$3bo	4			search
oscillator	o$2o$3bo$o$bo	28			search
oscillator	o$2o$3bo$bo$o	16			search
oscillator	o$2o$3bo$bo$b2o	32			search
oscillator	o$2o$3bo$b2o	24			search
oscillator	o$2o$3bo$bo$2bo	16			search
oscillator	o$2o$3bo2$2b2o	20			search
oscillator	o$2o$3bo$3bo$4bo	8			search
oscillator	o$2o$3bo$4bo$2bo	16			search
oscillator	o$2o2$3bo$2b2o	24			search
oscillator	o$2o2$3bo$2b3o	24			search
oscillator	o$2o2$3bo$3b2o	8			search
oscillator	o$2o2$3b2o$3bo	8			search
oscillator	o$2o2$3b2o$4bo	4			search
oscillator	o$2o2$3bo$4bo	4			search
oscillator	o$2o2bo$o2bo	208			search
oscillator	o$2o2bo$o2bo2$4bo	208			search
oscillator	o$2o2bo$o3bo2$bo	80			search
oscillator	o$2o2bo$o3bo2$3bo	80			search
oscillator	o$2o2bo$3bo$bo	16			search
oscillator	o$2o2bo$3bo$4bo	28			search
oscillator	o$2o$4bo$3bo$3b2o	12			search
oscillator	o$2o$4bo$3b2o	24			search
oscillator	o$o$bo2$obo$2bo	120			search
oscillator	o$o$bo$2b2o$4bo	24			search
oscillator	o$o$bobo2$2b2o	40			search
oscillator	o$o$bobo$4bo$2bo	80			search
oscillator	o$o$bo$3bo$o2bo	80			search
oscillator	o$o$bo$3bo$bobo	80			search
oscillator	o$o$bo$3bo$2b2o	120			search
oscillator	o$o2$bo$2o	40			search
oscillator	o$o2$bo$2o$bo	40			search
oscillator	o$o2$bo$3o	108			search
oscillator	o$o2$bo$obo$2bo	24			search
oscillator	o$o2$bo$ob2o	24			search
oscillator	o$o2$bo$2bo$2bo	24			search
oscillator	o$o2$bobo$o2bo	48			search
oscillator	o$o2$bobo$2b2o	24			search
oscillator	o$o2$bo2bo$2b2o	24			search
oscillator	o$obo$o2bo$4bo	136			search
oscillator	o$obo$2bo$b2o	392			search
oscillator	o$o$2bo$bo$3o	144			search
oscillator	o$o$2bo$b2o	40			search
oscillator	o$o$2bo$b2o$o	64			search
oscillator	o$o$2bo$b2o$2bo	52			search
oscillator	o$o$2bo$b3o	16			search
oscillator	o$o$2bo$bo2bo$2bo	24			search
oscillator	o$o$2bo$bo2bo$3bo	24			search
oscillator	o$o2bo$o2$bobo	32			search
oscillator	o$o2bo$ob2o	48			search
oscillator	o$o2bo$ob3o	204			search
oscillator	o$o2bo$o2bo	36			search
oscillator	o$o2bo$o2bo2$bo	36			search
oscillator	o$o2bo$o2bo2$3bo	36			search
oscillator	o$o2bo$o$3bo$bo	32			search
oscillator	o$o2bo$o$3bo$3bo	32			search
oscillator	o$o2bo$o$3b2o	32			search
oscillator	o$o2bo$o$3bo$4bo	32			search
oscillator	o$o2bo$o2$3bo	32			search
oscillator	o$o2bo$o3bo	32			search
oscillator	o$o2bo$o3bo2$bo	32			search
oscillator	o$o2bo$o3bo$2bo	72			search
oscillator	o$o2bo$o3bo$3bo	32			search
oscillator	o$o2bo$o3bo2$3bo	32			search
oscillator	o$o2bo$o3bo$4bo	32			search
oscillator	o$o2bo$o$4bo$3bo	32			search
oscillator	o$o2bo$bo$2bobo	308			search
oscillator	o$o2bo$bobo	116			search
oscillator	o$o2bo$bobo2$o	116			search
oscillator	o$o2bo$bobo2$bo	116			search
oscillator	o$o2bo$bobo$3bo	192			search
oscillator	o$o2bo$bobo2$3bo	116			search
oscillator	o$o2bo$bo$3b2o	208			search
oscillator	o$o2bo$bo2bo$2bo	308			search
oscillator	o$o2bo$bo2b2o	104			search
oscillator	o$o2bo2$bo$obo	32			search
oscillator	o$o2bo2$bo$2bo	32			search
oscillator	o$o2bo2$bo$2b2o	32			search
oscillator	o$o2bo2$bobo$2bo	32			search
oscillator	o$o2bo2$bobo$3bo	32			search
oscillator	o$o2bo2$bob2o	32			search
oscillator	o$o2bo2$bobo$4bo	32			search
oscillator	o$o2bo2$bo2bo$3bo	32			search
oscillator	o$o2bo$2bo$bob2o	224			search
oscillator	o$o2bo$2bo$bo2bo	32			search
oscillator	o$o2bo$2b2o	32			search
oscillator	o$o2bo$2b2o$bo	48			search
oscillator	o$o2bo$2b3o	52			search
oscillator	o$o2bo$2bobo$4bo	24			search
oscillator	o$o2bo$2bob2o	24			search
oscillator	o$o2bo$3bo$bo$o	36			search
oscillator	o$o2bo$3bo$b2o	136			search
oscillator	o$o2bo$3bo$bo$2bo	36			search
oscillator	o$o2bo$3bo$bobo	48			search
oscillator	o$o2bo2$3bo$2b2o	24			search
oscillator	o$o2b2o	28			search
oscillator	o$o2b2o$o	36			search
oscillator	o$o2b2o$o2bo	40			search
oscillator	o$o2b2o$o3bo	76			search
oscillator	o$o2b2o$2b2o	132			search
oscillator	o$o2b2o$2b3o	74			search
oscillator	o$o2b2o2$4bo$2bo	52			search
oscillator	o$o2b3o	32			search
oscillator	o$o2bo$4bo$bo	32			search
oscillator	o$o2bo$4bo$bo$o	32			search
oscillator	o$o2bo$4bo$bo$2bo	32			search
oscillator	o$o2bo$4bo$bobo	32			search
oscillator	o$o2bo$4bo$bo2bo	32			search
oscillator	o$o2bo$4bo$3bo$3bo	24			search
oscillator	o$o2bo$4bo$3b2o	24			search
oscillator	o$o2bo$4b2o	24			search
oscillator	o$o2bo2$4bo$2b2o	24			search
oscillator	o$o$3bo$bo$3o	108			search
oscillator	o$o$3bo$b2o	16			search
oscillator	o$o$3bo$b3o	16			search
oscillator	o$o$3bo$bo2bo$2bo	48			search
oscillator	o$o2$3bo$ob2o	32			search
oscillator	o$o3bo$ob2o	120			search
oscillator	o$o3bo$obo2bo	28			search
oscillator	o$o3bo$o3bo$2bo	28			search
oscillator	o$o3bo$2bo$b2o	80			search
oscillator	o$o3bo$2b2o	52			search
oscillator	o$o3bo$2bo$3bo$4bo	28			search
oscillator	o$o$4bo$bob2o	24			search
oscillator	o$o$4bo$bo2bo$3bo	24			search
oscillator	o$o$4bo$3bo$2b3o	24			search
oscillator	o$o$4bo$3b2o$2bo	32			search
oscillator	o$o$4bo$3b2o$3bo	8			search
oscillator	o$o$4bo$3b2o$4bo	8			search
oscillator	o2$o$o$o	32			search
oscillator	o2$o$o$o2$2o	100			search
oscillator	o2$o$o$o2$bo	32			search
oscillator	o2$o$2o$o2$bo	48			search
oscillator	o2$o$2obo$3b2o	8			search
oscillator	o2$o$o2$bo$o	32			search
oscillator	o2$o$o2$bo$2o	88			search
oscillator	o2$2o$o$o	80			search
oscillator	o2$2o$2o$o	48			search
oscillator	o2$2o2$o2$bo	32			search
oscillator	o2$2o2$bo2$o	104			search
oscillator	o2$2o2$bo2$bo	104			search
oscillator	o2$2o3$bo$o	32			search
oscillator	o2$2o3$bo$2o	100			search
oscillator	o2$o$bo$o$o$o2$bo	128			search
oscillator	o2$o$bo$o$o$bo2$o	212			search
oscillator	o2$o$bo$o$o$bo2$bo	212			search
oscillator	o2$o$bo$o$o2$bo$o	128			search
oscillator	o2$o$bo$2o2$bo	160			search
oscillator	o2$o$bo$2o3$bo$bo	416			search
oscillator	o2$o$bo2$2o$o	56			search
oscillator	o2$o$bo2$2o2$bo$o	56			search
oscillator	o2$o$bo$bo$o$o	112			search
oscillator	o2$o$bo$bo$bo$o$bo$bo	2020			search
oscillator	o2$obo$b2o$2o	92			search
oscillator	o2$obo$2b2o$o3bo	24			search
oscillator	o2$obo$2b2o$4bo	16			search
oscillator	o2$ob2o$2bo$4bo	16			search
oscillator	o2$o2bo$3bo$obobo	28			search
oscillator	o2$o2bo$3bo$o3bo	32			search
oscillator	o2$o2bo$3b2o$4bo	24			search
oscillator	o2$o2bo$3bo$4bo	24			search
oscillator	o2$o2b2o$3bo$4bo	32			search
oscillator	o2$o$3b2o$3b2o	4			search
oscillator	o2$o3bo$3bo$3b2o	12			search
oscillator	o2$o3bo$3b2o$3bo	8			search
oscillator	o2$o$4bo$2obo	24			search
oscillator	o3$2o$o2$2o	100			search
oscillator	o3$2o$obo$2bo	48			search
oscillator	o3$2o2$bo$o	32			search
oscillator	o3$2o2$bo$2o	100			search
oscillator	o3$o2bo$ob2o	72			search
oscillator	o3$o2bo$ob3o	84			search
oscillator	2o	8			search
oscillator	2o$o$o	16			search
oscillator	2o$o$o3$2o	16			search
oscillator	2o$o$o2$bo	16			search
oscillator	2o$o$o2$bobo	16			search
oscillator	2o$o$ob2o	188			search
oscillator	2o$o$obo$3b2o	112			search
oscillator	2o$o$o2bo	16			search
oscillator	2o$o$o2bo2$bo	16			search
oscillator	2o$o$o2bo$3bo	16			search
oscillator	2o$o$o2bo2$3bo	16			search
oscillator	2o$o$o2bo$4bo	112			search
oscillator	2o$o$o$3bo$3bo	16			search
oscillator	2o$o$o$3b2o	16			search
oscillator	2o$o$o$3bo$4bo	16			search
oscillator	2o$o$o2$3bo	16			search
oscillator	2o$o$o$4bo$3bo	16			search
oscillator	2o$o2$o$bo	28			search
oscillator	2o$2o$o	16			search
oscillator	2o$2o$o2$o$bo	24			search
oscillator	2o$2o$o$bo$o	40			search
oscillator	2o$2o$o$bo$o$bo	40			search
oscillator	2o$2o$o$bo2$bo	40			search
oscillator	2o$2o$o$bo$2bo	40			search
oscillator	2o$2o$o2$bo	16			search
oscillator	2o$2o$obo	16			search
oscillator	2o$2o$obo$3bo	16			search
oscillator	2o$2o$o2bo	16			search
oscillator	2o$2o$o2b2o	752			search
oscillator	2o$2o$o2$3bo	16			search
oscillator	2o$2o2$o$bo	28			search
oscillator	2o$2o$bo$o	12			search
oscillator	2o$2o2$bo$o	16			search
oscillator	2o$2o2$bo$bo	24			search
oscillator	2o$2o2$bo$b2o	32			search
oscillator	2o$2o2$bo$2bo	16			search
oscillator	2o$3o$2bo$o	18			search
oscillator	2o$2o$2bo	4			search
oscillator	2o$2o$2bo$bo	16			search
oscillator	2o$2o$2b2o	8			search
oscillator	2o$2o$2bo$3b2o	28			search
oscillator	2o$2o$2bo$4bo	16			search
oscillator	2o$2obo$obo	48			search
oscillator	2o$2obo$o2bo	128			search
oscillator	2o$2obo$o3bo	48			search
oscillator	2o$2obo$2bo	16			search
oscillator	2o$2obo$3b2o	36			search
oscillator	2o$2ob2o	24			search
oscillator	2o$2ob2o$o3bo	1520			search
oscillator	2o$2ob2o$4bo	30			search
oscillator	2o$2obo$4bo	16			search
oscillator	2o$2o$3bo	4			search
oscillator	2o$2o2$3bo$3b2o	8			search
oscillator	2o$2o2$3bo$4bo	4			search
oscillator	2o$o$b2o2$3bo	40			search
oscillator	2o$o2$bo$o	16			search
oscillator	2o$o2$bo$obo	16			search
oscillator	2o$o2$bo$bo	108			search
oscillator	2o$o2$bo$b2o	64			search
oscillator	2o$o2$b2o$bo	36			search
oscillator	2o$o2$bo$2bo	16			search
oscillator	2o$o2$bo$2b2o	16			search
oscillator	2o$o$2bo$o$bo	28			search
oscillator	2o$o$2bo$bo	16			search
oscillator	2o$o$2bo$bo$o	16			search
oscillator	2o$o$2bo$bo$o$bo	16			search
oscillator	2o$o$2bo$bo$2bo	16			search
oscillator	2o$o2bo$obo	80			search
oscillator	2o$o2bo$o2bo	220			search
oscillator	2o$o2bo$o2$3bo	80			search
oscillator	2o$o2bo$o3bo	80			search
oscillator	2o$o2bo2$bo$2bo	16			search
oscillator	2o$o2bo$2bo	24			search
oscillator	2o$o2bo$2bobo	24			search
oscillator	2o$o2bo$3b2o$2bo	52			search
oscillator	2o$o2b2o	132			search
oscillator	2o$o2b2o$2bobo	60			search
oscillator	2o$o2b2o$4bo	162			search
oscillator	2o$o2bo$4bo	24			search
oscillator	2o$o2bo$4bo$bo	16			search
oscillator	2o$o2bo$4bo$4bo	24			search
oscillator	2o$o$3bo$bo$b2o	64			search
oscillator	2o$o3bo$2b2o	350			search
oscillator	2o2$o3$2o$o	88			search
oscillator	2o2$o2$bo	24			search
oscillator	2o2$o2$bo$bo	36			search
oscillator	2o2$o2$bo$bo$o	100			search
oscillator	2o2$o2$bobo	24			search
oscillator	2o2$obo$b2o$2bo	748			search
oscillator	2o2$obo$2bo	40			search
oscillator	2o2$obo$2bo$o	64			search
oscillator	2o2$ob2o	36			search
oscillator	2o2$obo$4bo$3bo	24			search
oscillator	2o2$o$2b2o$4bo	36			search
oscillator	2o2$o2bo	24			search
oscillator	2o2$o2bo2$bo	24			search
oscillator	2o2$o2bo2$bobo	24			search
oscillator	2o2$o2bo$3bo$4bo	40			search
oscillator	2o2$o$3bo$bobo	48			search
oscillator	2o2$o$3bo$bob2o	24			search
oscillator	2o2$o$3bo$bo2bo	24			search
oscillator	2o2$o$3bo$2b2o	24			search
oscillator	2o2$o$3b2o$2bo	24			search
oscillator	2o2$o$3b2o$3bo	24			search
oscillator	2o2$o$3b2o$4bo	24			search
oscillator	2o2$o$3bo$4bo	24			search
oscillator	2o2$o3bo$4bo$3bo	24			search
oscillator	2o2$o$4bo$bobo	24			search
oscillator	2o2$o$4bo$2b2o	24			search
oscillator	2o2$o$4bo$3bo	24			search
oscillator	2o3$o2bo$bob2o	56			search
oscillator	2o3$o2bo$bo2bo	56			search
oscillator	2o3$o3bo$bobo	56			search
oscillator	2o$bo$ob2o	24			search
oscillator	2o$bo$obo$3b2o	28			search
oscillator	2o$bo$o2bo$2bo	16			search
oscillator	2o$bo$o2bo$4bo	28			search
oscillator	2o$bo$o$3bo$3b2o	8			search
oscillator	2o$bo$o$3b2o	16			search
oscillator	2o$bo$bo$o	36			search
oscillator	2o$bo$bo$obo	36			search
oscillator	2o$bo$bo$bo3$o	96			search
oscillator	2o$bo$bo$bo3$bo	96			search
oscillator	2o$bo$b2o$obo	24			search
oscillator	2o$bo$bo$2b2o$4bo	176			search
oscillator	2o$b2o	112			search
oscillator	2o$b2o$o	28			search
oscillator	2o$b2o$o2$2bo	28			search
oscillator	2o$b2o2$o	36			search
oscillator	2o$b2o2$obo	20			search
oscillator	2o$b2o3$obo	112			search
oscillator	2o$b2o$bo	32			search
oscillator	2o$b2o$bo$o	22			search
oscillator	2o$b2o$b2o$o	56			search
oscillator	2o$b2o3$2bo	112			search
oscillator	2o$b2obo	112			search
oscillator	2o$b2ob2o	112			search
oscillator	2o$bo$2bo	4			search
oscillator	2o$bo$2bo$bo$b2o	12			search
oscillator	2o$bo$2bo$b2o	24			search
oscillator	2o$bo$2bo$2bo$o$bo	12			search
oscillator	2o$bo$2bo2$2bo$2bo	24			search
oscillator	2o$bo$2bo2$2b2o$3bo	24			search
oscillator	2o$bo$2b2o	8			search
oscillator	2o$bo$2bo$3b2o	28			search
oscillator	2o$bo$2bo$3bo$4bo	4			search
oscillator	2o$bo$2bob2o	24			search
oscillator	2o$bo$2bo$4bo	16			search
oscillator	2o$bobo$2o	228			search
oscillator	2o$bobo$2bo	24			search
oscillator	2o$bobo$2bobo	24			search
oscillator	2o$bobo$3b2o	40			search
oscillator	2o$bobo$3b2o$2bo	32			search
oscillator	2o$bob2o	44			search
oscillator	2o$bob2o$obobo	1196			search
oscillator	2o$bob2o$3b2o	36			search
oscillator	2o$bob2o$4bo	52			search
oscillator	2o$bobo$4bo	24			search
oscillator	2o$bobo$4bo$3bo	24			search
oscillator	2o$bobo$4bo$4bo	24			search
oscillator	2o$bo$3bo	4			search
oscillator	2o$bo$3bo$bo$b2o	8			search
oscillator	2o$bo$3bo2$2b2o	20			search
oscillator	2o$bo$3bo$3bo$4bo	8			search
oscillator	2o$bo$3bo$4bo$2bo	16			search
oscillator	2o$bo2$3bo$2b2o	24			search
oscillator	2o$bo2$3bo$2b3o	24			search
oscillator	2o$bo2$3bo$3b2o	8			search
oscillator	2o$bo2$3b2o$3bo	8			search
oscillator	2o$bo2$3b2o$4bo	4			search
oscillator	2o$bo2$3bo$4bo	4			search
oscillator	2o$bo$4bo$3bo$3b2o	12			search
oscillator	2o$bo$4bo$3b2o	24			search
oscillator	2o2$bo	40			search
oscillator	2o2$bo2$o	40			search
oscillator	2o2$bo2$2o	108			search
oscillator	2o2$bo2$obo$2bo	120			search
oscillator	2o2$bo2$o2bo	40			search
oscillator	2o2$bo$bo$2bo	20			search
oscillator	2o2$bo$bo$2bobo	20			search
oscillator	2o2$bo$bo$4bo	20			search
oscillator	2o2$bo2$bo	40			search
oscillator	2o2$bo2$bo$bo$o	592			search
oscillator	2o2$bo2$bobo	40			search
oscillator	2o2$bo$2bo$o	40			search
oscillator	2o2$bo$2b2o$4bo	80			search
oscillator	2o2$bobo	40			search
oscillator	2o2$bobo2$o	40			search
oscillator	2o2$bobo2$o2bo	40			search
oscillator	2o2$bobo2$bo	40			search
oscillator	2o2$bobo2$bobo	40			search
oscillator	2o2$bobo2$2b2o	40			search
oscillator	2o2$bobo$3bo$4bo	24			search
oscillator	2o2$bobo2$3bo	40			search
oscillator	2o2$bobo$4bo$2bo	80			search
oscillator	2o2$bo$3bo$o2bo	80			search
oscillator	2o2$bo$3bo$o2b2o	40			search
oscillator	2o2$bo$3bo$o3bo	40			search
oscillator	2o2$bo$3bo$bobo	80			search
oscillator	2o2$bo$3bo$bob2o	40			search
oscillator	2o2$bo$3bo$bo2bo	40			search
oscillator	2o2$bo$3bo$2b2o	120			search
oscillator	2o2$bo$3bo$3b2o	40			search
oscillator	2o2$bo$3b2o$3bo	40			search
oscillator	2o2$bo$3b2o$4bo	40			search
oscillator	2o2$bo$3bo$4bo	40			search
oscillator	2o2$bo2$3bo	40			search
oscillator	2o2$bo2bo$3bo$3b2o	120			search
oscillator	2o2$bo$4bo$2o	108			search
oscillator	2o2$bo$4bo$o2bo	40			search
oscillator	2o2$bo$4bo$3bo	40			search
oscillator	2o2$bo$4bo$3b2o	40			search
oscillator	2o3$bo$o	24			search
oscillator	2o3$bo$2o	32			search
oscillator	2o3$bo$2o$o	76			search
oscillator	2o3$bo$2o$bo	48			search
oscillator	2o3$bo$obo	24			search
oscillator	2o3$bo2$2o$o	88			search
oscillator	2o3$bo$bo$bo	32			search
oscillator	2o3$bo$bo$bo$o	100			search
oscillator	2o3$b2o$obo	48			search
oscillator	2o3$b2o$b2o	56			search
oscillator	2o3$b2o$2bo	40			search
oscillator	2o3$b3o$4bo	32			search
oscillator	2o3$bo$2bo	24			search
oscillator	2o3$bo$2bo$2bo	24			search
oscillator	2o3$bobo$obo	24			search
oscillator	2o3$bobo$o2bo	48			search
oscillator	2o3$bobo$o2b2o	24			search
oscillator	2o3$bobo$o3bo	24			search
oscillator	2o3$bobo$bo2bo	36			search
oscillator	2o3$bobo$2bo	24			search
oscillator	2o3$bobo$2b2o	24			search
oscillator	2o3$bobo$2bobo	24			search
oscillator	2o3$bobo$3b2o	24			search
oscillator	2o3$bob2o$2bo	24			search
oscillator	2o3$bob2o$3bo	24			search
oscillator	2o3$bob2o$4bo	24			search
oscillator	2o3$bobo$4bo	24			search
oscillator	2o3$bo2bo$o2bo	24			search
oscillator	2o3$bo2bo$2b2o	24			search
oscillator	2o3$bo2bo$2bobo	24			search
oscillator	2o3$bo2bo$3bo	24			search
oscillator	2o3$bo2bo$3b2o	24			search
oscillator	3o	24			search
oscillator	3o$o	24			search
oscillator	3o$o$o	16			search
oscillator	3o$o$o2$bo	16			search
oscillator	3o$o$o3$bo	16			search
oscillator	3o$o$o$2bo	216			search
oscillator	3o$o$o2bo	16			search
oscillator	3o$o$o$3bo	16			search
oscillator	3o$o$o2$3bo	16			search
oscillator	3o$2o	16			search
oscillator	3o$2o$o2bo	1152			search
oscillator	3o$2o$2bo	16			search
oscillator	3o$2o$2bo$bo	48			search
oscillator	3o$2obo	12			search
oscillator	3o$2obo$2bo	12			search
oscillator	3o$2obo$3bo	16			search
oscillator	3o$2ob2o	16			search
oscillator	3o$2obo$4bo	12			search
oscillator	3o$2o$3bo	16			search
oscillator	3o$2o2bo	24			search
oscillator	3o$2o2bo$4bo	80			search
oscillator	3o$o2$b2o	176			search
oscillator	3o$o$2bo$2bo	56			search
oscillator	3o$o$2b2o	284			search
oscillator	3o$o$2bo$3bo$4bo	132			search
oscillator	3o$o2bo	124			search
oscillator	3o$o2bo$o	32			search
oscillator	3o$o2bo$o$3bo	32			search
oscillator	3o$o2bo$2bo$bo	16			search
oscillator	3o$o2bo$3bo	24			search
oscillator	3o$o2bo$3b2o	24			search
oscillator	3o$o2bo2$3b2o	184			search
oscillator	3o$o2bo3$3bo$bo	304			search
oscillator	3o$o2b2o	24			search
oscillator	3o$o2b2o$o	16			search
oscillator	3o$o2b2o2$2bo	24			search
oscillator	3o$o2bo$4bo	124			search
oscillator	3o$o2bo2$4bo	304			search
oscillator	3o$o2bo3$4bo	124			search
oscillator	3o$o$3bo$2bo	84			search
oscillator	3o$o2$3b2o	48			search
oscillator	3o$o2$3bo$4bo	24			search
oscillator	3o$o3bo	236			search
oscillator	3o$o3bo3$4bo	236			search
oscillator	3o$o$4bo	24			search
oscillator	3o$o$4bo$3bo	24			search
oscillator	3o$o$4bo$4bo	24			search
oscillator	3o$o2$4bo$3bo	24			search
oscillator	3o2$2obo	60			search
oscillator	3o2$o$bobo$b2o	32			search
oscillator	3o2$o2$bobo	32			search
oscillator	3o2$obo$2bo	40			search
oscillator	3o2$ob2o	48			search
oscillator	3o2$obo$3bo$bo	72			search
oscillator	3o2$o$2b2o	48			search
oscillator	3o2$o2bo	32			search
oscillator	3o2$o2bo2$bo	32			search
oscillator	3o2$o2bo2$3bo	32			search
oscillator	3o2$o$3bo$bo	32			search
oscillator	3o2$o$3bo$3bo	32			search
oscillator	3o2$o$3bo$4bo	32			search
oscillator	3o2$o2$3bo	32			search
oscillator	3o2$o$4bo$3bo	32			search
oscillator	3o3$o$bo	56			search
oscillator	3o3$o2bo$bo	56			search
oscillator	3o$bo	24			search
oscillator	3o$bo$ob2o	1104			search
oscillator	3o$bo$bo$obo	112			search
oscillator	3o$bo2$b3o	88			search
oscillator	3o$b2o$o$bo	28			search
oscillator	3o$b3o2$o2bo	144			search
oscillator	3o$bo$2bo	24			search
oscillator	3o$bo$2bo2$b2o	220			search
oscillator	3o$bo$2bobo	24			search
oscillator	3o$bo$3bo	60			search
oscillator	3o$bo2$3b2o	48			search
oscillator	3o$bo2$3bo$4bo	24			search
oscillator	3o$bo2bo	28			search
oscillator	3o$bo2bo$2bo	36			search
oscillator	3o$bo2bo3$4bo	28			search
oscillator	3o$bo2b2o	32			search
oscillator	3o$bo$4bo	24			search
oscillator	3o$bo$4bo$3bo	24			search
oscillator	3o$bo$4bo$4bo	24			search
oscillator	3o$bo2$4bo$3bo	24			search
oscillator	3o2$bo2$2o	80			search
oscillator	3o2$bo2$o2bo	104			search
oscillator	3o2$bo2$bobo	104			search
oscillator	3o2$bo$2bo	32			search
oscillator	3o2$bo$2bo$o	236			search
oscillator	3o2$bobo	104			search
oscillator	3o2$bobo2$o	104			search
oscillator	3o2$bobo2$bo	104			search
oscillator	3o2$bobo2$3bo	104			search
oscillator	3o2$bo$3bo$o	104			search
oscillator	3o2$bo$3bo$bo	104			search
oscillator	3o2$bo$3bo$3b2o	104			search
oscillator	3o2$bo$3bo$4bo	104			search
oscillator	3o2$bo2$3bo	104			search
oscillator	3o2$bo$4bo$3bo	104			search
oscillator	3o3$bo$2o	40			search
oscillator	3o3$bo$3o	108			search
oscillator	3o3$bo$obo	32			search
oscillator	3o3$bo$bo	36			search
oscillator	3o3$b2o	36			search
oscillator	3o3$b2o$obo	148			search
oscillator	3o3$b2o$2bo	200			search
oscillator	3o3$bo$2bo	32			search
oscillator	3o3$bo$2b2o	32			search
oscillator	3o3$bobo$o	32			search
oscillator	3o3$bobo$2bo	32			search
oscillator	3o3$bobo$4bo	32			search
oscillator	3o3$bo2bo$3bo	32			search
oscillator	3o$2bo$obo$bo	44			search
oscillator	3o$2bo$b2obo	116			search
oscillator	3o$2bo$2bo$o	80			search
oscillator	3o$2bo$2bo$2bo	144			search
oscillator	3o2$2bo$bo$b2o	344			search
oscillator	3o2$2bo$b2o	48			search
oscillator	3o2$2bo$bobo$o	72			search
oscillator	3o2$2bo$bobo$2bo	72			search
oscillator	3o2$2bo$bo2bo	32			search
oscillator	3o2$2bo$2bo	40			search
oscillator	3o2$2b2o	36			search
oscillator	3o2$2bo$3bo$4bo	28			search
oscillator	3o2$2bobo$3bo$4bo	64			search
oscillator	3o2$2bo$4bo$3bo	24			search
oscillator	3o3$2bo$o$o	108			search
oscillator	3o3$2bo$2o	72			search
oscillator	3o3$2b2o$4bo	36			search
oscillator	4o$b2o	148			search
oscillator	4o$b3o	174			search
oscillator	4o$2bo$3bo	20			search
oscillator	4o$3bo$b2o$o	76			search
oscillator	5o$bobobo	170			search
oscillator	3o$3bo$ob2o	532			search
oscillator	3o$3bo$obo$3b2o	28			search
oscillator	3o$3bo$o$2b2o	40			search
oscillator	3o$3bo$o2bo	160			search
oscillator	3o$3bo$o2b2o	36			search
oscillator	3o$3bo$o$3bo	28			search
oscillator	3o$3bo$o$3b2o	112			search
oscillator	3o$3bo$o2$3bo	28			search
oscillator	3o$3bo$o3bo	28			search
oscillator	3o$3bo$bo$ob2o	22			search
oscillator	3o$3bo$bo$o2bo	172			search
oscillator	3o$3bo$bo2$3bo	92			search
oscillator	3o$3bo$bo2bo	92			search
oscillator	3o$3bo2$b2o	32			search
oscillator	3o$3bo2$b2o$2bo	236			search
oscillator	3o$3bo2$bo$2bo	28			search
oscillator	3o$3bo$2b2o	196			search
oscillator	3o$3bo$2b2o$bo	348			search
oscillator	3o$3bo2$2b2o	28			search
oscillator	3o$3bo$3bo$bo$o$bo	160			search
oscillator	3o$3bo$3bo$b2o	824			search
oscillator	3o$3bo$3b2o2$4bo	36			search
oscillator	3o$3bo2$3bo$4bo	20			search
oscillator	3o$3b2o	104			search
oscillator	3o$3b2o$obo	308			search
oscillator	3o$3b2o$3b2o	20			search
oscillator	3o$3b2o3$4bo	104			search
oscillator	3o$3bo$4bo	20			search
oscillator	3o$3bo$4bo$bo	28			search
oscillator	3o$3bo$4bo$3bo	20			search
oscillator	3o$3bo$4b2o	40			search
oscillator	3o$3bobo$4bo	28			search
oscillator	3o2$3bo	24			search
oscillator	3o2$3bo$o$bo	56			search
oscillator	3o2$3bo$bo$o	32			search
oscillator	3o2$3bo$bo$2bo	32			search
oscillator	3o2$3bo$2bo$bo	40			search
oscillator	3o2$3bo$3bo$4bo	40			search
oscillator	3o3$3b2o$3bo	24			search
oscillator	3o3$3b2o$4bo	24			search
oscillator	3o3$3bo$4bo	24			search
oscillator	3obo$o2bo	132			search
oscillator	3obo$o2bo$4bo	132			search
oscillator	3obo$bo3b2o	128			search
oscillator	3obo2$2b2o	40			search
oscillator	3obo$3bo$3b2o	24			search
oscillator	3obo$3b2o	108			search
oscillator	3obo$3b2o$2bo	96			search
oscillator	3obo$4bo	36			search
oscillator	3obo$4bo$o	36			search
oscillator	3obo$4bo$2bo	40			search
oscillator	3obo$4bo$2bobo	160			search
oscillator	3obo$4bo2$2bo	36			search
oscillator	3obo$4bo3$4bo	36			search
oscillator	3ob2o	40			search
oscillator	3ob2o$bo	32			search
oscillator	3ob2o$bo3bo	216			search
oscillator	3ob2o$3bo	92			search
oscillator	3o$4bo$obo	72			search
oscillator	3o$4bo$o2$4bo	72			search
oscillator	3o$4bo2$bo$4bo	72			search
oscillator	3o$4bo$2bobo	20			search
oscillator	3o$4bo2$3bo$4bo	32			search
oscillator	3o$4bo2$4bo$2bo	48			search
oscillator	3o$4bo3$4bo	28			search
oscillator	3o2$4bo$3bo$3bo	24			search
oscillator	3o2$4bo$3bo$3b2o	24			search
oscillator	3o2$4bo$4bo$3bo	24			search
oscillator	3o2$4bo$4bo$4bo	24			search
oscillator	3o3$4bo$3bo	24			search
oscillator	3o2bo$2obo	168			search
oscillator	3o2bo$bo3bo	40			search
oscillator	3o2bo$3bo$o3bo	360			search
oscillator	3o2bo$3bo$bo	92			search
oscillator	3o2bo$3bo$4bo	248			search
oscillator	3o2bo$5bo	36			search
oscillator	3o2b2o$5bo	100			search
oscillator	3o3bo$bo2b2o	40			search
oscillator	3o3bo$4b2o	88			search
oscillator	2o$2bo$o2bo	24			search
oscillator	2o$2bo$o2bo2$bo	24			search
oscillator	2o$2bo$o$3bo$4bo	24			search
oscillator	2o$2bo2$b2o$4bo	84			search
oscillator	2o$2bo2$bobo$2bo	24			search
oscillator	2o$2bo2$bobo$4bo	24			search
oscillator	2o$2bo$2bo2$obo	112			search
oscillator	2o$2bo$2bo2$2bo	112			search
oscillator	2o$2bo2$2b2o$4bo	8			search
oscillator	2o$2b2o3$3bo$bo	248			search
oscillator	2o$2bo$3bo	8			search
oscillator	2o$2bo$3bo$bo$o	24			search
oscillator	2o$2bo$3bo$bo$2bo	24			search
oscillator	2o$2bo$3bo$3bo$4bo	8			search
oscillator	2o$2bo2$3b2o$4bo	8			search
oscillator	2o$2bo2$3bo$4bo	8			search
oscillator	2o2$2bo$bo$2o	40			search
oscillator	2o2$2bo$bo$obo$3bo	48			search
oscillator	2o2$2bo$bo$b2o	64			search
oscillator	2o2$2bo$b2o	32			search
oscillator	2o2$2bo$b2o$o	40			search
oscillator	2o2$2bo$b2o$obo	144			search
oscillator	2o2$2bo$b2o$b2o	164			search
oscillator	2o2$2bo$b2o$2bo	40			search
oscillator	2o2$2bo$bo$2bo$2o	64			search
oscillator	2o2$2bo$bo$2bo$2bo	24			search
oscillator	2o2$2bo$bo$2b2o	24			search
oscillator	2o2$2bo$bo2bo$2bo	24			search
oscillator	2o2$2bo$bo2bo$3bo	24			search
oscillator	2o2$2bo$2bo2$2o	64			search
oscillator	2o2$2bo$2bo$b2o	16			search
oscillator	2o2$2bo$2b2o$bo	8			search
oscillator	2o2$2bo$2b2o$4bo	8			search
oscillator	2o2$2b2o$3bo$4bo	8			search
oscillator	2o2$2b3o$3bo$4bo	304			search
oscillator	2o2$2bobo$bo2bo	24			search
oscillator	2o3$2b3o$4bo	8			search
oscillator	2o3$2b2o$4bo	8			search
oscillator	2obo	24			search
oscillator	2obo$o3$o2bo	124			search
oscillator	2obo$2o$2bo	12			search
oscillator	2obo$2o$3bo	12			search
oscillator	2obo$o2$bo$o	32			search
oscillator	2obo$o2$bo$2bo	32			search
oscillator	2obo$o$2bobo	148			search
oscillator	2obo$o3bo3$4bo	24			search
oscillator	2obo$o$4bo	124			search
oscillator	2obo$o$4bo2$o	124			search
oscillator	2obo$o$4bo$2bo	188			search
oscillator	2obo2$o2$bobo	72			search
oscillator	2obo2$ob2o	532			search
oscillator	2obo2$o2bo	72			search
oscillator	2obo2$o2bo2$bo	72			search
oscillator	2obo2$o$3bo$bo	72			search
oscillator	2obo2$o$3b2o	144			search
oscillator	2obo2$o$3bo$4bo	72			search
oscillator	2obo2$o$4bo$3bo	72			search
oscillator	2obo3$o$bo	56			search
oscillator	2obo3$o2bo$bo	56			search
oscillator	2obo4$3o	36			search
oscillator	2obo$b2o$bo$o	22			search
oscillator	2obo$bobo$3bo	64			search
oscillator	2obo$bobo$3b2o	32			search
oscillator	2obo$bo2bo$o	400			search
oscillator	2obo2$bo	40			search
oscillator	2obo2$bo2$o	40			search
oscillator	2obo2$bo2$o2bo	40			search
oscillator	2obo2$bo2$bo	40			search
oscillator	2obo2$bo2$bobo	40			search
oscillator	2obo2$bo$2bo$o	40			search
oscillator	2obo2$bo$2b2o	536			search
oscillator	2obo2$bo$2bobo	552			search
oscillator	2obo2$bobo	40			search
oscillator	2obo2$bobo2$o	40			search
oscillator	2obo2$bobo2$bo	40			search
oscillator	2obo2$bobo$3bo	360			search
oscillator	2obo2$bobo2$3bo	40			search
oscillator	2obo2$bobo$4bo	280			search
oscillator	2obo2$bo$3bo	40			search
oscillator	2obo2$bo$3bo$o	40			search
oscillator	2obo2$bo$3bo$bo	40			search
oscillator	2obo2$bo$3b2o	80			search
oscillator	2obo2$bo$3bo$4bo	40			search
oscillator	2obo2$bo2$3bo	40			search
oscillator	2obo2$bo$4bo$3bo	40			search
oscillator	2obo3$bo$obo	72			search
oscillator	2obo3$bo$b2o	36			search
oscillator	2obo3$b2o	84			search
oscillator	2obo3$b2o$2bo	40			search
oscillator	2obo3$bo$2bo	72			search
oscillator	2obo3$bo$2b2o	72			search
oscillator	2obo3$bobo$o	72			search
oscillator	2obo3$bobo$2bo	72			search
oscillator	2obo3$bobo$3b2o	72			search
oscillator	2obo3$bob2o	144			search
oscillator	2obo3$bobo$4bo	72			search
oscillator	2obo3$bo2bo$3bo	72			search
oscillator	2obo$2bo$o2bo	24			search
oscillator	2obo$2b2o$3b2o	8			search
oscillator	2obo$2bo$3bo	8			search
oscillator	2obo$2bo$3bo$bo	24			search
oscillator	2obo$2bo2$3bo$4bo	8			search
oscillator	2obo$2bobo$3bo	8			search
oscillator	2obo$2bo2$4bo$3bo	72			search
oscillator	2obo2$2bo$o2bo$bo	504			search
oscillator	2obo2$2bo$b2o	108			search
oscillator	2obo2$2bo$b2o$2bo	440			search
oscillator	2obo2$2bo$b3o	520			search
oscillator	2obo2$2bo$bobo$b2o	1224			search
oscillator	2obo2$2bo$bo2bo	144			search
oscillator	2obo2$2bo$2b2o$bo	144			search
oscillator	2obo2$2b2o	196			search
oscillator	2obo2$2b2o$bo	164			search
oscillator	2obo2$2b2o$bo$2bo	1128			search
oscillator	2obo2$2bo$3bo$4bo	24			search
oscillator	2obo3$2b2o$4bo	68			search
oscillator	2obo$3bo2$bo$2bo	44			search
oscillator	2obo$3bo2$bo$4bo	80			search
oscillator	2obo$3bo3$2bobo	20			search
oscillator	2obo$3bo2$3bo$4bo	80			search
oscillator	2obo$3bo$4bo	20			search
oscillator	2obo$3bo$4bo2$2bo	20			search
oscillator	2obo$3bo$4bo$3bo	80			search
oscillator	2obo$3bo$4bo2$4bo	20			search
oscillator	2obo$3bo3$4bo	20			search
oscillator	2obo$3bobo$4bo	64			search
oscillator	2obo2$3bo	24			search
oscillator	2obo2$3bo$o$bo	56			search
oscillator	2obo2$3bo$bo	72			search
oscillator	2obo2$3bo$bo$o	72			search
oscillator	2obo2$3bo$b2o	628			search
oscillator	2obo2$3bo$bo$2bo	72			search
oscillator	2obo2$3bo$bo2bo	504			search
oscillator	2obo2$3bo$3bo$4bo	24			search
oscillator	2obo3$3bo$2b2o	24			search
oscillator	2obo3$3b2o	48			search
oscillator	2obo3$3b2o$3bo	24			search
oscillator	2obo3$3b2o$4bo	24			search
oscillator	2obo3$3bo$4bo	24			search
oscillator	2ob2o	44			search
oscillator	2ob2o$2o	56			search
oscillator	2ob2o2$o2bo	128			search
oscillator	2ob2o2$bobo	212			search
oscillator	2ob2o$2bo$3bo	16			search
oscillator	2ob2o$2bo2bo$3bo	24			search
oscillator	2ob2o2$3bo	44			search
oscillator	2ob2o2$3bo$bo	128			search
oscillator	2ob2o2$3bo$4bo	308			search
oscillator	2ob2o3$3bo$3b2o	88			search
oscillator	2ob2o3$3b2o	176			search
oscillator	2ob2o3$3bo$4bo	44			search
oscillator	2ob2o$4bo$o	76			search
oscillator	2ob2o2$4b2o	220			search
oscillator	2ob2o$5bo$o3bo	360			search
oscillator	2ob2o$5bo$bo2bo	468			search
oscillator	2ob2o$5bo$4bo	248			search
oscillator	2obo$4bo$o	144			search
oscillator	2obo$4bo$o2$4bo	144			search
oscillator	2obo$4bo2$bo$4bo	144			search
oscillator	2obo$4bo2$3bo$4bo	44			search
oscillator	2obo$4bo3$4bo	144			search
oscillator	2obo2$4bo$3bo$3bo	24			search
oscillator	2obo2$4bo$3bo$3b2o	24			search
oscillator	2obo2$4bo$3b2o	24			search
oscillator	2obo2$4bo$4bo$3bo	24			search
oscillator	2obo3$4bo$2b2o	24			search
oscillator	2obo3$4bo$3bo	24			search
oscillator	2obob2o$5bo	112			search
oscillator	2obo2bo$4b2o	120			search
oscillator	2o$3bo$o2$bobo	32			search
oscillator	2o$3bo$ob2o	92			search
oscillator	2o$3bo$ob2o$3bo	88			search
oscillator	2o$3bo$ob3o	180			search
oscillator	2o$3bo$o2bo	48			search
oscillator	2o$3bo$o2bo2$bo	48			search
oscillator	2o$3bo$o2bo$2bo	48			search
oscillator	2o$3bo$o2bo$3bo	24			search
oscillator	2o$3bo$o2bo2$3bo	48			search
oscillator	2o$3bo$o2b2o	24			search
oscillator	2o$3bo$o2b2o2$bo	24			search
oscillator	2o$3bo$o$3bo$3bo	32			search
oscillator	2o$3bo$o$3b2o	32			search
oscillator	2o$3bo$o$3bo$4bo	32			search
oscillator	2o$3bo$o3bo	32			search
oscillator	2o$3bo$o3bo2$bo	32			search
oscillator	2o$3bo$o3bo$3bo	32			search
oscillator	2o$3bo$o3bo2$3bo	32			search
oscillator	2o$3bo$o3bo$4bo	32			search
oscillator	2o$3bo$o$4bo$3bo	32			search
oscillator	2o$3bo$bo2$o2bo	104			search
oscillator	2o$3bo$bo$bo$2bo	64			search
oscillator	2o$3bo$bo$bo$4bo	64			search
oscillator	2o$3bo$bo2$bobo	104			search
oscillator	2o$3bo$bobo	80			search
oscillator	2o$3bo$bobo$o2bo	116			search
oscillator	2o$3bo$bobo2$o	80			search
oscillator	2o$3bo$bobo2$bo	80			search
oscillator	2o$3bo$bobo2$3bo	80			search
oscillator	2o$3bo$bob2o	40			search
oscillator	2o$3bo$bob2o2$o	40			search
oscillator	2o$3bo$bob2o2$bo	40			search
oscillator	2o$3bo$bob2o2$3bo	40			search
oscillator	2o$3bo$bo$3bo$3b2o	104			search
oscillator	2o$3bo$bo$3b2o	208			search
oscillator	2o$3bo$bo$3bo$4bo	104			search
oscillator	2o$3bo$bo2$3bo	104			search
oscillator	2o$3bo$bo2bo	104			search
oscillator	2o$3bo$bo2bo2$o	104			search
oscillator	2o$3bo$bo2bo$bo	64			search
oscillator	2o$3bo$bo2bo2$bo	104			search
oscillator	2o$3bo$bo2bo$2bo	32			search
oscillator	2o$3bo$bo2bo$3bo	104			search
oscillator	2o$3bo$bo2bo2$3bo	104			search
oscillator	2o$3bo$bo2b2o	104			search
oscillator	2o$3bo$bo$4bo$3bo	104			search
oscillator	2o$3bo2$bo$obo	32			search
oscillator	2o$3bo2$b3o	48			search
oscillator	2o$3bo2$bo$2bo	32			search
oscillator	2o$3bo2$bo$2b2o	32			search
oscillator	2o$3bo2$bobo$2bo	32			search
oscillator	2o$3bo2$bobo$3bo	32			search
oscillator	2o$3bo2$bob2o	32			search
oscillator	2o$3bo2$bobo$4bo	32			search
oscillator	2o$3bo2$bo2bo$3bo	32			search
oscillator	2o$3bo$2bo$b2o	48			search
oscillator	2o$3bo$2bo$bob2o	224			search
oscillator	2o$3bo$2bo$bo2bo	32			search
oscillator	2o$3bo$2b2o	40			search
oscillator	2o$3bo$2b2o2$bo	412			search
oscillator	2o$3bo$2b3o	44			search
oscillator	2o$3bo2$2b2o$4bo	36			search
oscillator	2o$3bo$3bo$o$bo	112			search
oscillator	2o$3bo$3bo$bo$o	48			search
oscillator	2o$3bo$3bo$bo$b2o	560			search
oscillator	2o$3bo$3bo$b2o	136			search
oscillator	2o$3bo$3bo$bo$2bo	48			search
oscillator	2o$3bo$3bo2$b2o	16			search
oscillator	2o$3bo$3bo$2bo$bo	16			search
oscillator	2o$3bo$3bo$2bo$2bo	16			search
oscillator	2o$3bo$3bo2$2b2o	40			search
oscillator	2o$3bo$3b2o	8			search
oscillator	2o$3bo$3b2o$bo$o	24			search
oscillator	2o$3bo$3b2o$bo$2bo	24			search
oscillator	2o$3bo$3b2o$3bo$4bo	44			search
oscillator	2o$3bo2$3bo$2b2o	24			search
oscillator	2o$3bo2$3b2o	48			search
oscillator	2o$3bo2$3b2o$3bo	24			search
oscillator	2o$3bo2$3b2o$4bo	24			search
oscillator	2o$3bo2$3bo$4bo	24			search
oscillator	2o$3b2o	16			search
oscillator	2o$3b2o$obo	92			search
oscillator	2o$3b2o$o2bo	24			search
oscillator	2o$3b2o$o3bo	40			search
oscillator	2o$3b2o$bobo	40			search
oscillator	2o$3b2o$bo2bo	128			search
oscillator	2o$3b2o$2bobo	32			search
oscillator	2o$3b2o$3bo	8			search
oscillator	2o$3b2o$3bo$bo	24			search
oscillator	2o$3b2o$3b2o	28			search
oscillator	2o$3b2o2$3bo$4bo	40			search
oscillator	2o$3b2o$4bo	32			search
oscillator	2o$3b2o$4bo$bo	40			search
oscillator	2o$3b2o2$4bo$2bo	40			search
oscillator	2o$3b3o$o	24			search
oscillator	2o$3bo$4bo	24			search
oscillator	2o$3bo$4bo$o$bo	56			search
oscillator	2o$3bo$4bo$bo	32			search
oscillator	2o$3bo$4bo$bo$o	32			search
oscillator	2o$3bo$4bo$bo$bo	36			search
oscillator	2o$3bo$4bo$b2o	36			search
oscillator	2o$3bo$4bo$b2o$2bo	200			search
oscillator	2o$3bo$4bo$bo$2bo	32			search
oscillator	2o$3bo$4bo$bobo	32			search
oscillator	2o$3bo$4bo$2b2o$4bo	56			search
oscillator	2o$3bo$4bo$3bo	24			search
oscillator	2o$3bo$4bo$3bo$3bo	24			search
oscillator	2o$3bo$4bo$3bo$3b2o	24			search
oscillator	2o$3bo$4bo$3b2o	24			search
oscillator	2o$3bo$4bo$3bo$4bo	24			search
oscillator	2o$3bo$4bo$4bo$3bo	24			search
oscillator	2o$3bo$4b2o	24			search
oscillator	2o$3bo2$4bo$2b2o	24			search
oscillator	2o$3bo2$4bo$3bo	24			search
oscillator	2o2$3bo	8			search
oscillator	2o2$3bo$bo$o	24			search
oscillator	2o2$3bo$bo$obo	24			search
oscillator	2o2$3bo$b2o$2bo	40			search
oscillator	2o2$3bo$bo$2bo	24			search
oscillator	2o2$3bo$bo$2b2o	120			search
oscillator	2o2$3bo$bobo$4bo	40			search
oscillator	2o2$3bo$bo2bo$2bo	48			search
oscillator	2o2$3bo$2bo$obo	40			search
oscillator	2o2$3bo$2bo$bo	8			search
oscillator	2o2$3bo$3bo$bo2bo	64			search
oscillator	2o2$3bo$3b2o$4bo	8			search
oscillator	2o2$3bo$3bo$4bo	8			search
oscillator	2o3$3bo$ob2o	32			search
oscillator	2o3$3b2o$2b2o	16			search
oscillator	2o3$3b2o$3bo	8			search
oscillator	2o3$3b2o$3b2o	8			search
oscillator	2o3$3b2o$4bo	8			search
oscillator	2o3$3bo$4bo	8			search
oscillator	2o2bo$o2bo$3b2o	44			search
oscillator	2o2bo$b2obo	112			search
oscillator	2o2bo$bobo$3b2o	52			search
oscillator	2o2bo$bob2o	48			search
oscillator	2o2bo$bob3o	44			search
oscillator	2o2bo$3bo$o2b2o	240			search
oscillator	2o2bo$3bo$3b2o	48			search
oscillator	2o2bo$3b2o	40			search
oscillator	2o2bo$3b2o$o	24			search
oscillator	2o2bo$3b2o$o3bo	116			search
oscillator	2o2bo$3b2o2$bo	24			search
oscillator	2o2bo$3b2o$2bo	64			search
oscillator	2o2bo$3b2o$2bobo	240			search
oscillator	2o2bo$3b2o2$2bo	40			search
oscillator	2o2bo$3b2o$3bo	8			search
oscillator	2o2bo$3b2o$4bo	108			search
oscillator	2o2bo$3bo$4bo$4bo	24			search
oscillator	2o2bo$3bo$4b2o	24			search
oscillator	2o2bo2$4bo$3bo$3b2o	32			search
oscillator	2o2bo2$4bo$3b2o	32			search
oscillator	2o2bo2$4bo$4bo$3bo	32			search
oscillator	2o2b2o$b2o	112			search
oscillator	2o2b2o$3bo$o	36			search
oscillator	2o2b2o$3b2o	16			search
oscillator	2o$4bo$ob2o	176			search
oscillator	2o$4bo$o2bo	36			search
oscillator	2o$4bo$o2bo2$bo	36			search
oscillator	2o$4bo$o2bo2$3bo	36			search
oscillator	2o$4bo$o2b2o	40			search
oscillator	2o$4bo$bobo	116			search
oscillator	2o$4bo$bobo2$o	116			search
oscillator	2o$4bo$bobo2$3bo	116			search
oscillator	2o$4bo$bob2o	128			search
oscillator	2o$4bo$2b2o	52			search
oscillator	2o$4bo2$2b2o$4bo	56			search
oscillator	2o$4bo$3bo$bo$o	36			search
oscillator	2o$4bo$3bo$bo$2bo	36			search
oscillator	2o$4bo$3bo$3bo$4bo	44			search
oscillator	2o$4bo$3b2o	32			search
oscillator	2o$4bo$4bo$3bo$4bo	32			search
oscillator	2o2$4bo$bob2o	24			search
oscillator	2o2$4bo$bo2bo$3bo	24			search
oscillator	2o2$4bo$3bo$2b3o	24			search
oscillator	2o2$4bo$3bo$3b2o	24			search
oscillator	2o2$4bo$3b2o$2bo	32			search
oscillator	2o2$4bo$3b2o$3bo	8			search
oscillator	2o2$4bo$3b2o$4bo	8			search
oscillator	2o3$4bo$3bo	8			search
oscillator	2o3bo$b2o2bo	112			search
oscillator	2o3b2o$3bobo	100			search
oscillator	2o4bo$3b3o	88			search
oscillator	o$bo$o$2o2$bo$2o	196			search
oscillator	o$bo$o$2o2$bo$bo	168			search
oscillator	o$bo$o$2o$2bo$bo	48			search
oscillator	o$bo$o$o$bo	40			search
oscillator	o$bo$o$o$bo2$o$o	276			search
oscillator	o$bo$o$o2$bo$o$o	36			search
oscillator	o$bo$o$o2$bo$2o	120			search
oscillator	o$bo$o$o$2bo$b2o	80			search
oscillator	o$bo$2o$o3$o	124			search
oscillator	o$bo$2o$2o$bo$o	128			search
oscillator	o$bo$2o$o3$bo	124			search
oscillator	o$bo$2o2$o2$bo	72			search
oscillator	o$bo$2o2$bo	40			search
oscillator	o$bo$2o2$bo$o	120			search
oscillator	o$bo$2o2$bo2$o	40			search
oscillator	o$bo$2o2$bo2$2o	324			search
oscillator	o$bo$2o2$bo2$bo	40			search
oscillator	o$bo$2o3$bo$o	72			search
oscillator	o$bo$2o3$bo$2o	96			search
oscillator	o$bo$2o3$bo$bo	84			search
oscillator	o$bo$3o$o$o	32			search
oscillator	o$bo$3o$bo$2bo	16			search
oscillator	o$bo$3o$bob2o	80			search
oscillator	o$bo$3o$3bo$4bo	16			search
oscillator	o$bo$o$bo2bo$b2o	56			search
oscillator	o$bo$obo$2ob2o	28			search
oscillator	o$bo$obo$2o2bo	16			search
oscillator	o$bo$obo$bo$2o	24			search
oscillator	o$bo$obo$bo$bo$bo	20			search
oscillator	o$bo$obo$bo$b2o$bo	24			search
oscillator	o$bo$obo$b2o	40			search
oscillator	o$bo$obo$b2o$o	24			search
oscillator	o$bo$obo$b2o2$bo	28			search
oscillator	o$bo$obo$2bo$o	32			search
oscillator	o$bo$obo$2bo2$2o	16			search
oscillator	o$bo$obo$2bo2$bo	32			search
oscillator	o$bo$ob2o	24			search
oscillator	o$bo$obo2$3bo$bobo	32			search
oscillator	o$bo$o2bo$2bo$4bo	16			search
oscillator	o$bo2$2o$o	28			search
oscillator	o$bo2$2o$o$bo$bo	164			search
oscillator	o$bo2$2o$obo	28			search
oscillator	o$bo2$2o$o$2bo	32			search
oscillator	o$bo2$2o$bo$o	312			search
oscillator	o$bo$bo$o	12			search
oscillator	o$bo$bo$o$o	80			search
oscillator	o$bo$bo$o$o2$o$bo	24			search
oscillator	o$bo$bo$o$o$2bo	24			search
oscillator	o$bo$bo$o2$o$bo	140			search
oscillator	o$bo$bo$o2$bo$o	80			search
oscillator	o$bo$bo$o2$bo$2o	28			search
oscillator	o$bo$bo$o2$bo$o$bo	80			search
oscillator	o$bo$bo$o2$bo$bo	24			search
oscillator	o$bo$bo$o2$b2o	24			search
oscillator	o$bo$bo$o$2bo$b2o	28			search
oscillator	o$bo$bo2$2o	248			search
oscillator	o$bo$bo2$2o2$o	360			search
oscillator	o$bo$bo2$2o2$bo	752			search
oscillator	o$bo$bo3$2o$o	360			search
oscillator	o$bo$bo$bo$o	28			search
oscillator	o$bo$bo$bo$o2$2o	168			search
oscillator	o$bo$bo$bo$o$bo$o	92			search
oscillator	o$bo$bo$bo$o$bo$2o	552			search
oscillator	o$bo$bo$bo$o$bo$bo	80			search
oscillator	o$bo$bo$bo$o2$bo	28			search
oscillator	o$bo$bo$bo2$bo$o	28			search
oscillator	o$bo$bo$bo2$bo$2o	168			search
oscillator	o$bo$bo2$bo$o	168			search
oscillator	o$bo$bo2$bo$bo$o	360			search
oscillator	o$bo$bo2$bo$bo$o$bo	468			search
oscillator	o$bo$b2o$o$o	16			search
oscillator	o$bo$b2o$2o$o	40			search
oscillator	o$bo$b2o$2o$2bo	16			search
oscillator	o$bo$b2o$o$2bo$bo	32			search
oscillator	o$bo$b2o$o2b2o	54			search
oscillator	o$bo$b2o$o2bo$4bo	8			search
oscillator	o$bo$b2o$bobo$2bo	16			search
oscillator	o$bo$b2o$bobo$4bo	16			search
oscillator	o$bo$b2o$3b2o$4bo	8			search
oscillator	o$bo$b2o$3bo$4bo	8			search
oscillator	o$bo2$bo$bo2$2o$o	1844			search
oscillator	o$bo2$bobo$2b2o$3bo	24			search
oscillator	o$bo2$bobo$2b3o	24			search
oscillator	o$b2o$o$2o	12			search
oscillator	o$b2o$o$2o$2bo	12			search
oscillator	o$b2o$3o	52			search
oscillator	o$b2o$obo$2bo2$bo	32			search
oscillator	o$b2o$ob2o	24			search
oscillator	o$b2o$o$2bo$2bo$o	210			search
oscillator	o$b2o$o2$2bo$bo$b2o	60			search
oscillator	o$b2o2$o	12			search
oscillator	o$b2o2$o$obo	80			search
oscillator	o$b2o3$3o	68			search
oscillator	o$b2o$b2o	4			search
oscillator	o$b2o$b2o$bo	52			search
oscillator	o$b2o$b2o$3bo	4			search
oscillator	o$b2o$b2o2$3bo	4			search
oscillator	o$b2o2$bo$o	40			search
oscillator	o$b2o2$bo$obo	40			search
oscillator	o$b2o2$bo$obo$bo	64			search
oscillator	o$b2o2$bo2bo$2bo	20			search
oscillator	o$b2o$2bo	4			search
oscillator	o$b2o$2bo$o2b2o	44			search
oscillator	o$b2o$2bo$bo$b2o	12			search
oscillator	o$b2o$2bo$bo$b2o$bo	16			search
oscillator	o$b2o$2bo$b2o	24			search
oscillator	o$b2o$2bo$b2o$o$bo	32			search
oscillator	o$b2o$2bo$b2o2$bo	32			search
oscillator	o$b2o$2bo$2bo2$2o	16			search
oscillator	o$b2o$2b2o	8			search
oscillator	o$b2o$2bo$3bo$4bo	4			search
oscillator	o$b3o$b2o	36			search
oscillator	o$b3o$b2obo	36			search
oscillator	o$b3o$2bo$bo2bo	16			search
oscillator	o$b3obo$b2o	36			search
oscillator	o$bo$2bo	4			search
oscillator	o$bo$2bo$2o$b2o	56			search
oscillator	o$bo$2bo$3o	52			search
oscillator	o$bo$2bo$3o$2bo	16			search
oscillator	o$bo$2bo$bo$3o	24			search
oscillator	o$bo$2bo$bo$b2o	12			search
oscillator	o$bo$2bo$bo$b2o$bo	16			search
oscillator	o$bo$2bo$b2o	24			search
oscillator	o$bo$2bo$b2o$o	32			search
oscillator	o$bo$2bo$b2o$bo	8			search
oscillator	o$bo$2bo$b2o$bo$bo	16			search
oscillator	o$bo$2bo$b2o$b2o	12			search
oscillator	o$bo$2bo$b2o2$bo	32			search
oscillator	o$bo$2bo$b2o$2bo	8			search
oscillator	o$bo$2bo$b3o	16			search
oscillator	o$bo$2bo$bo$2bo$2bo	24			search
oscillator	o$bo$2bo$bo$2b2o$2bo	24			search
oscillator	o$bo$2bo$bo$2b2o$3bo	24			search
oscillator	o$bo$2bo$bobo$b2o	8			search
oscillator	o$bo$2bo$bob2o	28			search
oscillator	o$bo$2bo$bo2bo	16			search
oscillator	o$bo$2bo$2bo2$2o	16			search
oscillator	o$bo$2bo$2bo$b2o	16			search
oscillator	o$bo$2bo$2b2o$4bo	4			search
oscillator	o$bo$2bo2$2bo$2bo	24			search
oscillator	o$bo$2bo2$2bo$2bo$b2o	80			search
oscillator	o$bo$2b2o	8			search
oscillator	o$bo$2b2o$b3o	16			search
oscillator	o$bo$2b2o$3bo$4bo	4			search
oscillator	o$bo$2bo$3b2o$4bo	4			search
oscillator	o$bo$2bo$3bo$4bo	4			search
oscillator	o$bo$2bo2$3bo$bobo	32			search
oscillator	o$bo$2bobo$bo2bo	24			search
oscillator	o$bo$2bobo$3b2o	40			search
oscillator	o$bo$2bobo$4bo$2bo	32			search
oscillator	o$bo$2bob2o	24			search
oscillator	o$bo$2bob2o$bo2bo	16			search
oscillator	o$bobo$o$o$3bo	32			search
oscillator	o$bobo$ob2o	36			search
oscillator	o$bobo$ob2o3$bo	44			search
oscillator	o$bobo$ob3o	216			search
oscillator	o$bobo$o3bo$o	40			search
oscillator	o$bobo2$2o$2bo	28			search
oscillator	o$bobo$2bo$bo2bo	16			search
oscillator	o$bobo$2bo$bo2b2o	48			search
oscillator	o$bobo$2b2o$bo2$bo	44			search
oscillator	o$bobo$2b2o2$bo$bo	88			search
oscillator	o$bobo$2b2o3$bobo	44			search
oscillator	o$bobo$3bo$bo$b2o	24			search
oscillator	o$bobo$3bo$b2o$2bo$3bo	24			search
oscillator	o$bobo$3bo$bobo2$bo	44			search
oscillator	o$bobo$3bo$bobo$2bo$3bo	28			search
oscillator	o$bobo$3bo2$b2o$bo	24			search
oscillator	o$bobo$3bo$2bo$bo	24			search
oscillator	o$bobo$3b2o$b2o	32			search
oscillator	o$bob2o$obo	36			search
oscillator	o$bob2o$obobo	76			search
oscillator	o$bob2o$o2bo$2bo	48			search
oscillator	o$bob2o$2bobo	32			search
oscillator	o$bob3o$obo	40			search
oscillator	o$bob3obo$6bo	72			search
oscillator	o$bobo$4bo$2o	36			search
oscillator	o$bobobo$2bob2o	32			search
oscillator	o$bo2bo$o2bo$4bo	56			search
oscillator	o$bo2bo$b2o$3bo$4bo	20			search
oscillator	o$bo2bo$2bo$b3o	16			search
oscillator	o$bo2bo$2b2o$o$bo	168			search
oscillator	o$bo2bo$2bo$3bo$4bo	8			search
oscillator	o$bo2bo$3bo$bo2bo	56			search
oscillator	o$bo2b2o$ob2o	24			search
oscillator	o$bo$4bo$3bo$2b3o	24			search
oscillator	o$bo3bo$2bo2bo$bo3bo	32			search
oscillator	o2$bo$o$o2$bo	48			search
oscillator	o2$bo$o2$o$bo	112			search
oscillator	o2$bo$o2$bo$2o	112			search
oscillator	o2$bo$bo$o2$2o	88			search
oscillator	o2$bo$bo$o$bo$o	104			search
oscillator	o2$bo$bo2$bo$o	32			search
oscillator	o2$bo$bo2$bo$2o	88			search
oscillator	o2$b2o$o$2bo$2bo	20			search
oscillator	o2$bobo2$2obo	16			search
oscillator	o2$bobo$3bo$o3bo	28			search
oscillator	o2$bobo$3bo$4bo	40			search
oscillator	o2$bo$3bo$2o2bo	20			search
oscillator	o2$bo$3bo$3b2o	8			search
oscillator	o2$bo$3b2o$3bo	8			search
oscillator	o2$bo$3b2o$3b2o	4			search
oscillator	o2$bo2bo$3bo$3b2o	12			search
oscillator	o2$bo2bo$3b2o$3bo	8			search
oscillator	o2$bo$4bo$2obo	32			search
oscillator	o3$b3o$2b2o	80			search
oscillator	o3$b3o$2b3o	24			search
oscillator	o3$bobo$3obo	16			search
oscillator	o3$bobo$ob2o	32			search
oscillator	o3$bobo$ob3o	72			search
oscillator	o3$bobo$2b2o	24			search
oscillator	o3$bobo$2b3o	24			search
oscillator	o3$bob2o$2b2o	16			search
oscillator	obo$o$o2$2o	36			search
oscillator	obo$o$o2$bobo	32			search
oscillator	obo$o$obo$2bo	48			search
oscillator	obo$o$o$2bo	72			search
oscillator	obo$o$o2bo	32			search
oscillator	obo$o$o2bo2$bo	32			search
oscillator	obo$o$o2bo$2bo	136			search
oscillator	obo$o$o2bo$3bo	48			search
oscillator	obo$o$o2b2o	64			search
oscillator	obo$o$o$3bo$bo	32			search
oscillator	obo$o$o$3bo$4bo	32			search
oscillator	obo$2o$o$o$bo	392			search
oscillator	obo$2o$obo$3bo	16			search
oscillator	obo$2o2$o2bo$bo	168			search
oscillator	obo$2o2$bo$o	48			search
oscillator	obo$2o2$bo$3o	144			search
oscillator	obo$2o2$bo$obo	48			search
oscillator	obo$2o2$bo$b2o	32			search
oscillator	obo$2o2$bo$b2o$bo	144			search
oscillator	obo$2o2$b2o	72			search
oscillator	obo$2o2$b2o$o	112			search
oscillator	obo$2o2$b2o$bo	360			search
oscillator	obo$2o2$b2o$2bo	64			search
oscillator	obo$2o2$bo$2bo	48			search
oscillator	obo$2o2$bo$2b2o	48			search
oscillator	obo$2o2$bobo$o	48			search
oscillator	obo$2o2$bobo$2bo	48			search
oscillator	obo$2o2$bobo$3bo	48			search
oscillator	obo$2o2$bob2o	48			search
oscillator	obo$2o2$bobo$4bo	48			search
oscillator	obo$2o2$bo2bo$3bo	48			search
oscillator	obo$2o$2bo$o$bo	168			search
oscillator	obo$2o$2bo$o2bo$bo	504			search
oscillator	obo$2o$2bo$bo	48			search
oscillator	obo$2o$2bo$bo$o	48			search
oscillator	obo$2o$2bo$bo$bo	132			search
oscillator	obo$2o$2bo$b2o$2bo	948			search
oscillator	obo$2o$2bo$b3o	168			search
oscillator	obo$2o$2bo$bo$2bo	48			search
oscillator	obo$2o$2bo$bobo$b2o	800			search
oscillator	obo$2o$2bo$bo2bo	48			search
oscillator	obo$2o$2bo$2bo$2bo	228			search
oscillator	obo$2o$2b2o	24			search
oscillator	obo$2obo$o2bo	112			search
oscillator	obo$2obo2$b2o	168			search
oscillator	obo$2obo$2bo$bo	48			search
oscillator	obo$2obo$2bo$bob2o	336			search
oscillator	obo$2obo$2bo$bo2bo	48			search
oscillator	obo$2obo$2b2o	24			search
oscillator	obo$2obo$2b2o$bo	628			search
oscillator	obo$2obo$3b2o	24			search
oscillator	obo$2ob2o	28			search
oscillator	obo$2ob2o$2bo	12			search
oscillator	obo$2ob2o2$4bo	112			search
oscillator	obo$2o$3bo$bo	48			search
oscillator	obo$2o$3bo$bo$o	48			search
oscillator	obo$2o$3bo$bo$2bo	48			search
oscillator	obo$2o$3bo$bo2bo	336			search
oscillator	obo$2o2bo	16			search
oscillator	obo$2o2bo3$4bo	16			search
oscillator	obo$o$bo$o2$2bo	332			search
oscillator	obo$o$b2o$o	80			search
oscillator	obo$o$bo$2bo	308			search
oscillator	obo$o2$bo$o$o	36			search
oscillator	obo$o2$bo$obo	32			search
oscillator	obo$o2$b3o	24			search
oscillator	obo$o2$bo$2bo	32			search
oscillator	obo$o2$bo$2b2o	32			search
oscillator	obo$o2$bobo$o	32			search
oscillator	obo$o2$bobo$2bo	32			search
oscillator	obo$o2$bobo$3bo	32			search
oscillator	obo$o2$bob2o	32			search
oscillator	obo$o2$bobo$4bo	32			search
oscillator	obo$o2$bo2bo$3bo	32			search
oscillator	obo$o$2bo$bo$bo	92			search
oscillator	obo$o$2bo$b2o	92			search
oscillator	obo$o2bo$ob2o	76			search
oscillator	obo$o2bo$o2bo	160			search
oscillator	obo$o2bo$o3bo	28			search
oscillator	obo$o2bo$bobo$3bo	212			search
oscillator	obo$o2bo2$bo$2bo	28			search
oscillator	obo$o2bo2$bob2o	112			search
oscillator	obo$o2bo$2bo$bob2o	28			search
oscillator	obo$o2bo$2bo$bo2bo	112			search
oscillator	obo$o2bo$2b2o$bo	164			search
oscillator	obo$o2bo$3bo$bo	160			search
oscillator	obo$o2b2o$o3bo	28			search
oscillator	obo$o2b2o2$b2o	76			search
oscillator	obo$o2bo$4bo$bo	28			search
oscillator	obo$o2bobo$o3bo	56			search
oscillator	obo$o2bobo$bo2bo	184			search
oscillator	obo$o2bobo$4bo	40			search
oscillator	obo$o$3bo$bo$o	32			search
oscillator	obo$o$3bo$bo$2bo	32			search
oscillator	obo$o$4bo$3bo$3bo	24			search
oscillator	obo$o$4bo$3b2o	24			search
oscillator	obo2$o$o$o	40			search
oscillator	obo2$o$o$o3bo	40			search
oscillator	obo2$o$2o$o	32			search
oscillator	obo2$o$2o$obo	32			search
oscillator	obo2$o$2o$o2bo	80			search
oscillator	obo2$o$2obo$o2bo	240			search
oscillator	obo2$2o$o2bo$4bo	16			search
oscillator	obo2$2o$bobo$4bo	16			search
oscillator	obo2$2o$3bo$o3bo	72			search
oscillator	obo2$2o$3bo$bobo	128			search
oscillator	obo2$2o$3bo$bo2bo	40			search
oscillator	obo2$2o$3bo$4bo	24			search
oscillator	obo2$o$bobo$2bobo	12			search
oscillator	obo2$o$bobo$4bo	12			search
oscillator	obo2$obo$o$bo	40			search
oscillator	obo2$obo$o$bobo	40			search
oscillator	obo2$o2bo$3bo$bo	64			search
oscillator	obo2$o2bo$3bo$4bo	32			search
oscillator	obo$bo$o$o$bo	40			search
oscillator	obo$bo$2o	24			search
oscillator	obo$bo$2o$2o	12			search
oscillator	obo$bo$2o2$o	72			search
oscillator	obo$bo$2o2$bo	40			search
oscillator	obo$bo$2o2$bobo	40			search
oscillator	obo$bo$3o	168			search
oscillator	obo$bo$3o$o	12			search
oscillator	obo$bo$3o2$o	48			search
oscillator	obo$bo$3o$bo	12			search
oscillator	obo$bo$obo$o$o	24			search
oscillator	obo$bo$obo$obo	60			search
oscillator	obo$bo$obo$b2o	104			search
oscillator	obo$bo$obo$b2o2$bo	80			search
oscillator	obo$bo$obo$2bo	32			search
oscillator	obo$bo$obo$2bo2$bo	40			search
oscillator	obo$bo$ob2o	32			search
oscillator	obo$bo2$2o$o	28			search
oscillator	obo$bo$bo$o	12			search
oscillator	obo$bo$bo$bo	20			search
oscillator	obo$bo$bo$bo$o	28			search
oscillator	obo$bo$bo$bo$obo	28			search
oscillator	obo$bo$bo$bo$2bo	20			search
oscillator	obo$bo$bo2$bo$o	96			search
oscillator	obo$bo$b2o$o	12			search
oscillator	obo$bo$b2o$2o	12			search
oscillator	obo$bo$b2o$o$4bo	12			search
oscillator	obo$bo$b2o$bo	24			search
oscillator	obo$bo$b2o$bo$o	120			search
oscillator	obo$bo$b2o$bo$2bo	24			search
oscillator	obo$bo$b2o$bo$4bo	24			search
oscillator	obo$bo$b2o2$2bo$o	148			search
oscillator	obo$b2o$o	24			search
oscillator	obo$b2o$o$2o	24			search
oscillator	obo$b2o$2o	152			search
oscillator	obo$b2o2$o	24			search
oscillator	obo$b2o2$o$o	176			search
oscillator	obo$b2o2$o$obo	176			search
oscillator	obo$b2o2$2o$o	52			search
oscillator	obo$b2o2$o$2bo$2bo	196			search
oscillator	obo$b2o$bo$o	420			search
oscillator	obo$b2o$b2o$bo	8			search
oscillator	obo$b2o2$bo	28			search
oscillator	obo$b2o2$bo$o	64			search
oscillator	obo$b2o2$bo$obo	64			search
oscillator	obo$b2o2$bo$2bo	28			search
oscillator	obo$b2o3$bo$o	248			search
oscillator	obo$b2o$2bo	8			search
oscillator	obo$b2o$2bo$bo2bo	16			search
oscillator	obo$b2o2b2o	116			search
oscillator	obo$bo$2bo$3o	60			search
oscillator	obo$bo$2bo$bo$b2o	32			search
oscillator	obo$bo$2bo$bo$b2o$bo	40			search
oscillator	obo$bo$2bo$b2o	32			search
oscillator	obo$bo$2bo$b2o$bo	40			search
oscillator	obo$bo$2bo$b2o2$bo	40			search
oscillator	obo$bo$2bo$b3o	48			search
oscillator	obo$bo$2bo$bobo$b2o	24			search
oscillator	obo$bo$2bo$2bo2$2o	40			search
oscillator	obo$bo$2bo$2bo$b2o	80			search
oscillator	obo$bo$2bo$2bo$2bo	32			search
oscillator	obo$bo$2bo$2bo$2bo$bo	40			search
oscillator	obo$bo$2b2o	24			search
oscillator	obo$bo$2b2o$3b2o	120			search
oscillator	obo$bo$2bo$3bo$2bo$2o	24			search
oscillator	obo$bo$2bo$3bo$3bo$bobo	52			search
oscillator	obo$bobo$3o	16			search
oscillator	obo$bobo$3o$o	16			search
oscillator	obo$bobo$3o$o2bo	8			search
oscillator	obo$bobo$3o$bo	16			search
oscillator	obo$bobo$3o$bobo	8			search
oscillator	obo$bobo$ob2o	72			search
oscillator	obo$bobo$ob3o	40			search
oscillator	obo$bobo$bo$bo$obo	360			search
oscillator	obo$bobo$b2o	24			search
oscillator	obo$bobo$b2o$o	16			search
oscillator	obo$bobo$b2o$2o	16			search
oscillator	obo$bobo$b2o$2obo	8			search
oscillator	obo$bobo$b2o$o2bo	8			search
oscillator	obo$bobo$b2o$o2b2o	54			search
oscillator	obo$bobo$b2o$bo$2bo	24			search
oscillator	obo$bobo$b2o$bo$4bo	24			search
oscillator	obo$bobo$b2o$3bo	8			search
oscillator	obo$bobo$b2o$3b2o	40			search
oscillator	obo$bobo$b2obo	24			search
oscillator	obo$bobo$b2obo$bo	24			search
oscillator	obo$bobo$2b2o	24			search
oscillator	obo$bobo$2b2o$bo	72			search
oscillator	obo$bobo$2b2o$b2o	16			search
oscillator	obo$bobo$2b3o	16			search
oscillator	obo$bobo$2bobo$b2o	24			search
oscillator	obo$bobo$3bo$bo2$2o	48			search
oscillator	obo$bobo$3bo$b2o	80			search
oscillator	obo$bob2o2$b2o	48			search
oscillator	obo$bob2o$2bo	12			search
oscillator	obo$bob2o3$4bo	28			search
oscillator	obo$bob3o$2bo	36			search
oscillator	obo$bo$3bo$bo$b2o$bo	24			search
oscillator	obo$bo$3bo$2bo$3bo$bo	16			search
oscillator	obo$bo2bo$ob2o	24			search
oscillator	obo$bo2bo$ob3o	68			search
oscillator	obo$bo2bo3$4bo	16			search
oscillator	obo2$bo$o$o2bo	80			search
oscillator	obo2$bo$2obo$4bo	16			search
oscillator	obo2$bo$o$2bo$2bo	32			search
oscillator	obo2$bo$o2bo$o2bo	144			search
oscillator	obo2$bo$o2bo$4bo	16			search
oscillator	obo2$bo$bo$3o	140			search
oscillator	obo2$bo$bo$obo	40			search
oscillator	obo2$bo$bo$o2bo	80			search
oscillator	obo2$bo$bo$o3bo	40			search
oscillator	obo2$bo$b2o2$o	148			search
oscillator	obo2$bo$bo$2bo$bo	40			search
oscillator	obo2$bo$bobo$obo	24			search
oscillator	obo$2bo$o	32			search
oscillator	obo$2bo$o$o	16			search
oscillator	obo$2bo$o$o$o	20			search
oscillator	obo$2bo$o$2o	24			search
oscillator	obo$2bo$o$o$2bo	16			search
oscillator	obo$2bo$o$o$4bo	16			search
oscillator	obo$2bo$o2$o	40			search
oscillator	obo$2bo$o$bo$2bo	8			search
oscillator	obo$2bo$o$bo$4bo	8			search
oscillator	obo$2bo$o2$bo	128			search
oscillator	obo$2bo$o$2bo$o	76			search
oscillator	obo$2bo2$o	24			search
oscillator	obo$2bo2$o$o	32			search
oscillator	obo$2bo2$o$o2bo	80			search
oscillator	obo$2bo2$o$o3bo	32			search
oscillator	obo$2bo2$2o$2bo	16			search
oscillator	obo$2bo2$2ob2o	32			search
oscillator	obo$2bo2$obo2$2bo	400			search
oscillator	obo$2bo2$o$2bo$2bo	36			search
oscillator	obo$2bo2$o$2b2o	40			search
oscillator	obo$2bo2$o2bo$o2bo	144			search
oscillator	obo$2bo2$o2b2o	44			search
oscillator	obo$2bo3$2o	40			search
oscillator	obo$2bo4$2o2$bo	120			search
oscillator	obo$2bo2$bo$obo	40			search
oscillator	obo$2bo2$bo$obo$bo	128			search
oscillator	obo$2bo2$bo$2bo	32			search
oscillator	obo$2bo2$bo$2bo$bo	40			search
oscillator	obo$2bo2$bobo$o2bo	80			search
oscillator	obo$2bo2$bob2o	32			search
oscillator	obo$2bo3$bo$o	136			search
oscillator	obo$2bo$2bo2$o$o2$bo	96			search
oscillator	obo$2b2o$o	24			search
oscillator	obo$2b2o$o$2o	16			search
oscillator	obo$2b2o$o$o$4bo	24			search
oscillator	obo$2b2o$o2$o3bo	32			search
oscillator	obo$2b2o$o2$bo	104			search
oscillator	obo$2b2o$o2$bobo	116			search
oscillator	obo$2b2o$o2$bo2bo	104			search
oscillator	obo$2b2o$o3bo	24			search
oscillator	obo$2b2o$o3bo$o	24			search
oscillator	obo$2b2o$o3bo2$bo	104			search
oscillator	obo$2b2o$o3bo$3b2o	48			search
oscillator	obo$2b2o$o3bo$4bo	40			search
oscillator	obo$2b2o$o3bo2$4bo	24			search
oscillator	obo$2b2o$o3b2o	32			search
oscillator	obo$2b2o$o2$4bo	24			search
oscillator	obo$2b2o2$o	16			search
oscillator	obo$2b2o2$o$o	48			search
oscillator	obo$2b2o2$o$obo	48			search
oscillator	obo$2b2o2$o$o2bo	80			search
oscillator	obo$2b2o2$o$o3bo	48			search
oscillator	obo$2b2o2$o2bo$o2bo	208			search
oscillator	obo$2b2o2$o2bo$3bo	30			search
oscillator	obo$2b2o2$o2b2o	36			search
oscillator	obo$2b2o2$o$3bo	24			search
oscillator	obo$2b2o2$o3bo	24			search
oscillator	obo$2b2o2$o$4bo	16			search
oscillator	obo$2b2o$bo$o3bo	44			search
oscillator	obo$2b2o$b2o$o	152			search
oscillator	obo$2b2o2$bo$obo	32			search
oscillator	obo$2b2o2$bo$o2bo	36			search
oscillator	obo$2b2o2$bo$o3bo	32			search
oscillator	obo$2b2o2$bobo$o2bo	76			search
oscillator	obo$2b2o2$bobo$3bo	32			search
oscillator	obo$2b2o2$bob2o	28			search
oscillator	obo$2b2o2$3bo$4bo	4			search
oscillator	obo$2b2o$4bo$o	16			search
oscillator	obo$2b2o$4bo$o2b2o	44			search
oscillator	obo$2b2o$4bo$o3bo	16			search
oscillator	obo$2b2o$4bo$o$4bo	16			search
oscillator	obo$2b2o$4bo2$2o	32			search
oscillator	obo$2b2o$4bo$bob2o	48			search
oscillator	obo$2b2o$4bo$bo2bo	40			search
oscillator	obo$2b2o$4bo$3bo	4			search
oscillator	obo$2b2o$4bo$3b2o	40			search
oscillator	obo$2b2ob2o	16			search
oscillator	obo$2bo2bo$4b2o	72			search
oscillator	obo$2bo2b2o	72			search
oscillator	obo2$2bo$obo$bo$o	68			search
oscillator	obo2$2bo$b2o$b2o	72			search
oscillator	obo2$2bo$bobo$b2o	24			search
oscillator	obo2$2b2o$2bo$bo	72			search
oscillator	ob2o2$o2$o3bo	40			search
oscillator	ob2o2$2o	16			search
oscillator	ob2o2$2obo	16			search
oscillator	ob2o2$2o2bo	16			search
oscillator	ob2o2$2o2$4bo	16			search
oscillator	ob2o2$o$bobo$4bo	12			search
oscillator	ob2o2$o2$bo2bo	128			search
oscillator	ob2o2$o2$4bo	32			search
oscillator	ob2o3$o$o2bo	80			search
oscillator	ob2o3$o$o3bo	32			search
oscillator	ob2o3$o2bo$2b2o	96			search
oscillator	ob2o3$o$4bo	24			search
oscillator	ob2o$bo$3o	16			search
oscillator	ob2o$bo2$o$o2bo	176			search
oscillator	ob2o$bobo$o3bo	32			search
oscillator	ob2o$bobo$o3bo$bo	156			search
oscillator	ob2o2$bo$o$3bo	24			search
oscillator	ob2o3$bo$o2bo	40			search
oscillator	ob2o3$bo$o3bo	40			search
oscillator	ob2o$2bo2$bob2o	28			search
oscillator	ob2o$2b2o$o	24			search
oscillator	ob2o$2b2o$obo	60			search
oscillator	ob2o$2b2o2$o	16			search
oscillator	ob2o$2b2o$2bo$o	66			search
oscillator	ob2o$2b2o$3b2o	8			search
oscillator	ob2o$2bo$3bo	4			search
oscillator	ob2o$2bo2$3bo$4bo	4			search
oscillator	ob2o$2bo2bo$4bo	64			search
oscillator	ob2o3$2b2o$bo	220			search
oscillator	ob2o$3bo$bo$o2bo	6			search
oscillator	ob2o$3bo2$2b2o$4bo	104			search
oscillator	ob2o$3b2o$2bo	28			search
oscillator	ob2o$3b2o2$3bo$4bo	64			search
oscillator	ob2o2$3bo$bo$b2o	16			search
oscillator	ob2o3$3b2o$4bo	8			search
oscillator	ob2o3$3bo$4bo	8			search
oscillator	ob3o	32			search
oscillator	ob3o2$o	40			search
oscillator	ob3o2$o2$4bo	40			search
oscillator	ob3o3$o$4bo	32			search
oscillator	ob3o$bo$o	72			search
oscillator	ob3o$bo$2bo	24			search
oscillator	ob3o$bo3bo$o	60			search
oscillator	ob3o$bo3bo$2bo	20			search
oscillator	ob3o$bo3bobo	44			search
oscillator	ob3o$2bo	80			search
oscillator	ob3o$2b2o	48			search
oscillator	ob3o$2b2o$o	72			search
oscillator	ob3o$2bo$3bo	24			search
oscillator	ob3o$2bo$4bo	80			search
oscillator	ob3o$3bobo$2bo	116			search
oscillator	ob3o$3bobo$4bo	88			search
oscillator	ob3o2$3bo	24			search
oscillator	ob3o3$3bo$3b2o	24			search
oscillator	ob3o3$3bo$4bo	24			search
oscillator	ob3o$5bo$o	36			search
oscillator	ob3o$5bo$3bo	20			search
oscillator	ob3o$5b2o	64			search
oscillator	ob3o$5bobo$2bo3bo	44			search
oscillator	ob2o$4bo2$3bo$4bo	96			search
oscillator	ob2obo	72			search
oscillator	ob2obo2$o	96			search
oscillator	ob2obo2$obo	24			search
oscillator	ob2obo$bo$o	24			search
oscillator	ob2obo$bo$5bo	40			search
oscillator	ob2obo$3bo$2bo	132			search
oscillator	ob2obo2$3bo	24			search
oscillator	ob2ob2o	128			search
oscillator	ob2ob2o$bo	212			search
oscillator	ob2ob2o$bo5bo$6bo	256			search
oscillator	ob2o2bo$bo3b2o	184			search
oscillator	ob2o2bo$5b2o	88			search
oscillator	obo$3bo$o$2o$o	48			search
oscillator	obo$3bo$o$2o$obo	48			search
oscillator	obo$3bo$o$2o$o2bo	80			search
oscillator	obo$3bo$o$2o$o3bo	48			search
oscillator	obo$3bo$o$2obo$o2bo	208			search
oscillator	obo$3bo$o$o$3bo$bo	72			search
oscillator	obo$3bo$2o	24			search
oscillator	obo$3bo$2o$2o	16			search
oscillator	obo$3bo$2o$2obo	6			search
oscillator	obo$3bo$2o$o2bo	6			search
oscillator	obo$3bo$2o$o2bo$4bo	12			search
oscillator	obo$3bo$2o2$o3bo	32			search
oscillator	obo$3bo$2o$b3o	112			search
oscillator	obo$3bo$2o$b3obo	112			search
oscillator	obo$3bo$2o$bobo	6			search
oscillator	obo$3bo$2o$bobo$2bo	12			search
oscillator	obo$3bo$2o$bobo$4bo	12			search
oscillator	obo$3bo$2o2$bo	104			search
oscillator	obo$3bo$2o2$bobo	116			search
oscillator	obo$3bo$2o2$bo2bo	104			search
oscillator	obo$3bo$2o$3bo$o3bo	72			search
oscillator	obo$3bo$2o$3bo$bo	40			search
oscillator	obo$3bo$2o$3bo$bo2bo	40			search
oscillator	obo$3bo$2o$3bo$4bo	24			search
oscillator	obo$3bo$2o2$3bo$bo	36			search
oscillator	obo$3bo$2o2bo	24			search
oscillator	obo$3bo$2o2bo$o2bo	12			search
oscillator	obo$3bo$2o2bo$bobo	12			search
oscillator	obo$3bo$2o2bo2$bo	104			search
oscillator	obo$3bo$2o2bo$3bo$bo	40			search
oscillator	obo$3bo$2o2bo$3b2o	108			search
oscillator	obo$3bo$2o2bo$3bo$4bo	24			search
oscillator	obo$3bo$2o2bo$4bo	40			search
oscillator	obo$3bo$2o2bo2$4bo	24			search
oscillator	obo$3bo$2o2b2o	36			search
oscillator	obo$3bo$2o2$4bo	24			search
oscillator	obo$3bo$o$bobo$2bobo	8			search
oscillator	obo$3bo$o$bobo$4bo	8			search
oscillator	obo$3bo$o3bo$bo$2o	32			search
oscillator	obo$3bo$o3bo$bobo	8			search
oscillator	obo$3bo$o3bo$bobo$2bo	8			search
oscillator	obo$3bo$o3bo$bobo$4bo	8			search
oscillator	obo$3bo2$2obo$3bo	28			search
oscillator	obo$3bo2$2ob2o	32			search
oscillator	obo$3bo$bo$o	16			search
oscillator	obo$3bo$bo$o$o	48			search
oscillator	obo$3bo$bo$o$obo	48			search
oscillator	obo$3bo$bo$o$o3bo	48			search
oscillator	obo$3bo$bo$2obo	6			search
oscillator	obo$3bo$bo$2obo$2bo	12			search
oscillator	obo$3bo$bo$2obo$4bo	12			search
oscillator	obo$3bo$bo$o2bo	6			search
oscillator	obo$3bo$bo$o2bo$o	48			search
oscillator	obo$3bo$bo$o2bo$o2bo	112			search
oscillator	obo$3bo$bo$o2bo$o3bo	48			search
oscillator	obo$3bo$bo$o2bo$2b2o	64			search
oscillator	obo$3bo$bo$o2bo$3bo	36			search
oscillator	obo$3bo$bo$o2b2o	30			search
oscillator	obo$3bo$bo$o2bo$4bo	12			search
oscillator	obo$3bo$bo$o$3bo	24			search
oscillator	obo$3bo$bo$o$3bo$bo	48			search
oscillator	obo$3bo$bo$o3bo	24			search
oscillator	obo$3bo$bo$o$4bo	16			search
oscillator	obo$3bo$bo$bobo$obo	72			search
oscillator	obo$3bo$bo$bobo$o2bo	216			search
oscillator	obo$3bo$bo$bobo$o3bo	72			search
oscillator	obo$3bo$bo$bo$3bo$bo	72			search
oscillator	obo$3bo$bo2bo$o	16			search
oscillator	obo$3bo$bo2bo$2obo	12			search
oscillator	obo$3bo$bo2bo$o2bo	12			search
oscillator	obo$3bo$bo2bo$o2b2o	80			search
oscillator	obo$3bo$bo2bo$o2bo$4bo	12			search
oscillator	obo$3bo$bo2bo$o3bo	16			search
oscillator	obo$3bo$bo2bo$o$4bo	16			search
oscillator	obo$3bo2$b3o	28			search
oscillator	obo$3bo$2b2o$b2o	16			search
oscillator	obo$3bo$3bo$bo2$2o	48			search
oscillator	obo$3bo$3bo$bo$b2o	16			search
oscillator	obo$3bo$3bo$b2o	80			search
oscillator	obo$3bo$3bo$b3o	32			search
oscillator	obo$3bo$3bo$2bo$bo	48			search
oscillator	obo$3bo$3bo$3bo$bo	28			search
oscillator	obo$3bo$3bo$3bo$4bo	20			search
oscillator	obo$3bo$3b2o$bo$b2o	16			search
oscillator	obo$3bo$3b2o$3bo$4bo	24			search
oscillator	obo$3bo$3b2o2$4bo	24			search
oscillator	obo$3bo2$3bo$2obo	40			search
oscillator	obo$3b2o$3b2o	4			search
oscillator	obo$3b2o2$3bo$bo	20			search
oscillator	obo$3b2o2$3bo$4bo	16			search
oscillator	obo$3b2o3$4bo	28			search
oscillator	obo$3b3o$3b2o	36			search
oscillator	obo$3bo$4bo$2ob2o	96			search
oscillator	obo$3bo$4bo$2o2bo	40			search
oscillator	obo$3bo$4bo$3bo$3b2o	12			search
oscillator	obo$3bo$4bo$3b2o	24			search
oscillator	obo$3bobo$o3bo$o2bo	48			search
oscillator	obo2$3bo$bo$b2o	24			search
oscillator	obo2$3bo$bobo$2bo	24			search
oscillator	obo2$3bo$2bo$obo	48			search
oscillator	obo2$3bo$3bo$bo	32			search
oscillator	obo3$3bo$2obo	48			search
oscillator	obobo$2ob3o	112			search
oscillator	obobo$2o2bo	24			search
oscillator	obobo$o2bo$3bo	40			search
oscillator	obobo$o3bo$2bo	64			search
oscillator	obobo$o3bo3$4bo	40			search
oscillator	obobo2$2o$3bo$4bo	56			search
oscillator	obobo2$o$bobo$4bo	32			search
oscillator	obobo$b2o2bobo$o	120			search
oscillator	obobo$bobo$bo$o$4bo	248			search
oscillator	obobo$bob2o	40			search
oscillator	obobo$bo2bo	24			search
oscillator	obobo$bo2bo$2bo	32			search
oscillator	obobo$bo2bo3$4bo	24			search
oscillator	obobo2$bo$o2bo$4bo	40			search
oscillator	obobo$2bo$o	40			search
oscillator	obobo$2bo$o2$4bo	40			search
oscillator	obobo$2bo2$o$4bo	32			search
oscillator	obobo$2b2o	48			search
oscillator	obobo$2b2o$o	24			search
oscillator	obobo$2b2o$o3bo	24			search
oscillator	obobo$2b2o$o$4bo	28			search
oscillator	obobo$2b2o$o2$4bo	24			search
oscillator	obobo$2b2o2$o	48			search
oscillator	obobo$2b2o2$o2b2o	144			search
oscillator	obobo$2b2o2$o3bo	72			search
oscillator	obobo$2b2o2$o$4bo	48			search
oscillator	obobo$2b2o$4bo$o	48			search
oscillator	obobo$2b2obo$o	48			search
oscillator	obobo$2b2obo$o3bo	48			search
oscillator	obobo$2b2ob2o	32			search
oscillator	obobo$2bo2bo$o	36			search
oscillator	obobo$2bo2bobo$3bo	40			search
oscillator	obobo$3bo$o$o2b2o	72			search
oscillator	obobo$3bo$2o	48			search
oscillator	obobo$3bo$2o$o	24			search
oscillator	obobo$3bo$2o$o2bo	72			search
oscillator	obobo$3bo$2o$bobo	72			search
oscillator	obobo$3bo$2o$3bo$bo	40			search
oscillator	obobo$3bo$2o$3bo$4bo	24			search
oscillator	obobo$3bo$2o2bo	48			search
oscillator	obobo$3bo$2o2bo$3bo	24			search
oscillator	obobo$3bo$2o$4bo	112			search
oscillator	obobo$3bo$2o2$4bo	48			search
oscillator	obobo$3bo$o$bobo$4bo	24			search
oscillator	obobo$3bo$o3bo$bobo	24			search
oscillator	obobo$3bo$bo$2obo	72			search
oscillator	obobo$3bo$bo$o2bo	72			search
oscillator	obobo$3bo$bo$o2bo$3bo	36			search
oscillator	obobo$3bo$bo$o2b2o	60			search
oscillator	obobo$3bo$bo$o2bo$4bo	72			search
oscillator	obobo$3bo$bo$o3bo	72			search
oscillator	obobo$3bo$bo2bo$o2bo	72			search
oscillator	obobo$3bo$2b3o	168			search
oscillator	obobo$3b2o	40			search
oscillator	obobo$3b2o3$4bo	40			search
oscillator	obobo$3b3o	112			search
oscillator	obobo$3bobo$2o	144			search
oscillator	obobo$3bobo$2o2bo	144			search
oscillator	obobo$4bo$o$3bo$bo	72			search
oscillator	obobo$4bo2$bo$b2o	32			search
oscillator	obobo$4bo2$2bo$bo	32			search
oscillator	obobo$4bo2$3bo$bo	40			search
oscillator	obobo$4bo2$3bo$4bo	32			search
oscillator	obob3o$bo2bo	80			search
oscillator	obobobo$2b2o2bo	192			search
oscillator	obo$4bo$2o2bo	68			search
oscillator	obo$4bo$2o2bo2$4bo	68			search
oscillator	obo$4bo$o$3bo$4bo	32			search
oscillator	obo$4bo$bo$3bo$4bo	104			search
oscillator	obo$4bo2$b2o$4bo	48			search
oscillator	obo$4bo2$bobo$4bo	32			search
oscillator	obo$4bo2$2bo$bo2bo	24			search
oscillator	obo$4bo2$2bo$2bobo	48			search
oscillator	obo$4bo2$2b2o$4bo	16			search
oscillator	obo$4bo2$3bo$bo2bo	32			search
oscillator	obo$4bo2$3bo$2bobo	32			search
oscillator	obo$4bo2$3bo$4bo	24			search
oscillator	obo2bo$o2bo$bo2bo	752			search
oscillator	obo2bo$b2o$o	24			search
oscillator	obo2bo$2bo$4b2o	192			search
oscillator	obo2bo$3bo$2o	144			search
oscillator	obo2bo$3bo$3o	72			search
oscillator	obo2b2o$b2o	160			search
oscillator	obo2b2o$bo3bo	32			search
oscillator	obo3bo$b2o2b2o	232			search
oscillator	obo3bo$2bo2b2o	100			search
oscillator	o$2bo$o$2o$obo	48			search
oscillator	o$2bo$o$bo$2bo	8			search
oscillator	o$2bo$o$bobo$4bo	4			search
oscillator	o$2bo$o2$2bo$b2o	72			search
oscillator	o$2bo$o2bo$3bo$4bo	24			search
oscillator	o$2bo2$o$ob2o	28			search
oscillator	o$2bo2$2o$obo	24			search
oscillator	o$2bo2$bo$obo$2bo	72			search
oscillator	o$2bo$2bo$o$2bo$2bo	20			search
oscillator	o$2bo$2bo$bo$obo$b2o	180			search
oscillator	o$2b2o2$o$obo	32			search
oscillator	o$2b2o2$o$o2bo	80			search
oscillator	o$2b2o2$o2bo$2b2o	48			search
oscillator	o$2b2o$bobo	16			search
oscillator	o$2b2o$bobo2$3bo	16			search
oscillator	o$2b2obo$o3bo	40			search
oscillator	o$2bo$3bo$bobo$2bo	8			search
oscillator	o$2bo$3bo$bobo$4bo	24			search
oscillator	o$2bo$3bo$3bo$bo2bo	12			search
oscillator	o$2bo$3bo$3b2o$4bo	8			search
oscillator	o$2bo$3bo$3bo$4bo	8			search
oscillator	o$2bo2$3b2o$3b2o	4			search
oscillator	o$2bo2$3b2o$4bo	4			search
oscillator	o$2bo2$3bo$4bo	4			search
oscillator	o$2bo$4bo$3b2o$4bo	8			search
oscillator	o2$2bo$b2o$b2o	12			search
oscillator	o2$2bo$b3o$bo	8			search
oscillator	o2$2bo$b3o$2bo	4			search
oscillator	o2$2bo$b3o$4bo	16			search
oscillator	o2$2bo$bobo$b2o	8			search
oscillator	o2$2bo$bobo$b2obo	8			search
oscillator	o2$2bo$2b2o$4bo	4			search
oscillator	o2$2b2o$b2o$bo	8			search
oscillator	o2$2b2o$b2o$2bo	4			search
oscillator	o2$2b2o$bobo$b2o	8			search
oscillator	o2$2b2o$3bo$4bo	4			search
oscillator	o2bo$o$ob2o	76			search
oscillator	o2bo$o$obo$3bo$bo	144			search
oscillator	o2bo$2o$o2$bo	48			search
oscillator	o2bo$2o$o2$bobo	48			search
oscillator	o2bo$2o$obo	48			search
oscillator	o2bo$2o$obo2$bo	48			search
oscillator	o2bo$2o$ob2o	764			search
oscillator	o2bo$2o$obo$3bo	80			search
oscillator	o2bo$2o$obo2$3bo	48			search
oscillator	o2bo$2o$obo$4bo	48			search
oscillator	o2bo$2o$o2bo	48			search
oscillator	o2bo$2o$o2bo2$bo	48			search
oscillator	o2bo$2o$o2bo2$3bo	48			search
oscillator	o2bo$2o$o$3bo$bo	48			search
oscillator	o2bo$2o$o$3bo$3bo	48			search
oscillator	o2bo$2o$o$3bo$4bo	48			search
oscillator	o2bo$2o$o2$3bo	48			search
oscillator	o2bo$2o$o$4bo$3bo	48			search
oscillator	o2bo$2o$2b2o	20			search
oscillator	o2bo$2o2bo$2bo	16			search
oscillator	o2bo$2o2bo3$4bo	28			search
oscillator	o2bo$o$bo2$o2bo	40			search
oscillator	o2bo$o$bo2$bobo	40			search
oscillator	o2bo$o$bo$2b2o	48			search
oscillator	o2bo$o$bobo	40			search
oscillator	o2bo$o$bobo2$o	40			search
oscillator	o2bo$o$bobo2$bo	40			search
oscillator	o2bo$o$bobo2$3bo	40			search
oscillator	o2bo$o$bobo$4bo	280			search
oscillator	o2bo$o$bo$3bo	40			search
oscillator	o2bo$o$bo$3bo$o	40			search
oscillator	o2bo$o$bo$3bo$bo	40			search
oscillator	o2bo$o$bo$3b2o	80			search
oscillator	o2bo$o$bo$3bo$4bo	40			search
oscillator	o2bo$o$bo2$3bo	40			search
oscillator	o2bo$o$bo$4bo$3bo	40			search
oscillator	o2bo$o2$b2o$2bo	40			search
oscillator	o2bo$o2$bo$2b2o	72			search
oscillator	o2bo$o2$bob2o	144			search
oscillator	o2bo$o$2bo$b2o	348			search
oscillator	o2bo$o$2bo$bobo$o	144			search
oscillator	o2bo$o$2bo$bobo$2bo	144			search
oscillator	o2bo$o$2bo$bo2bo	144			search
oscillator	o2bo$o$2bo$3bo$2b2o	508			search
oscillator	o2bo$o2$2bo$2o	108			search
oscillator	o2bo$o2$2bo$bo	36			search
oscillator	o2bo$o2$2b2o$4bo	32			search
oscillator	o2bo$o2bo$2b2o	24			search
oscillator	o2bo$o$3bo$b2o	48			search
oscillator	o2bo$o$3bo$2bo$bo	332			search
oscillator	o2bo$o2$3bo$2b2o	24			search
oscillator	o2bo$o3bo$o2$4bo	32			search
oscillator	o2bo$o3bo2$bo$4bo	32			search
oscillator	o2bo$o$4bo$3bo$3bo	24			search
oscillator	o2bo$o$4bo$3b2o	24			search
oscillator	o2bo$o2$4bo$2b2o	24			search
oscillator	o2bo2$o$o$o3bo	32			search
oscillator	o2bo2$o$2o$o	48			search
oscillator	o2bo2$o$2o$obo	48			search
oscillator	o2bo2$o$2o$o2bo	80			search
oscillator	o2bo2$o$2o$o3bo	48			search
oscillator	o2bo2$o$o2bo$bo	40			search
oscillator	o2bo2$2o$o2bo	6			search
oscillator	o2bo2$2o$b3o	112			search
oscillator	o2bo2$2o$bobo	6			search
oscillator	o2bo2$2o2$bobo	116			search
oscillator	o2bo2$2obo	16			search
oscillator	o2bo2$2o$3bo$bo	40			search
oscillator	o2bo2$2o$3bo$bobo	116			search
oscillator	o2bo2$2o$3bo$4bo	24			search
oscillator	o2bo2$2o2b2o	36			search
oscillator	o2bo2$o$bobo$4bo	8			search
oscillator	o2bo2$obo$3bo$o$o	48			search
oscillator	o2bo2$o2bo$bo$4bo	24			search
oscillator	o2bo2$o2bo$2bo$4bo	80			search
oscillator	o2bo2$o2bo$3bo$4bo	72			search
oscillator	o2bo2$o3bo$bobo	8			search
oscillator	o2bo$bo$ob2o	160			search
oscillator	o2bo$bo$o3bo$o	32			search
oscillator	o2bo$b2o$ob2o	24			search
oscillator	o2bo$b2o3$2o2bo	76			search
oscillator	o2bo$b2o$b2o	4			search
oscillator	o2bo$b2o$b2o$3bo	4			search
oscillator	o2bo$b2o$2bo	4			search
oscillator	o2bo$b2o$2b2o	8			search
oscillator	o2bo$b2o$2b2o$bo	24			search
oscillator	o2bo$b3o$2bo	4			search
oscillator	o2bo$b3o$2b2o	20			search
oscillator	o2bo$b4o$2bobo	56			search
oscillator	o2bo$bo$2bo$bo2bo	112			search
oscillator	o2bo$bobo$o3bo$o	52			search
oscillator	o2bo$bobo$2b2o$bobo	64			search
oscillator	o2bo$bo$3bo$bo2bo	28			search
oscillator	o2bo$bo2bo$o$o	24			search
oscillator	o2bo$bo2b2obo$6bo	308			search
oscillator	o2bo2$bo$o$o2bo	64			search
oscillator	o2bo2$bo$2obo	6			search
oscillator	o2bo2$bo$o2bo	6			search
oscillator	o2bo2$bo$o2bo$o	48			search
oscillator	o2bo2$bo$o2bo$4bo	12			search
oscillator	o2bo2$bo$bo$obo	32			search
oscillator	o2bo2$bo$bo$o2bo	72			search
oscillator	o2bo2$bo$bo$o3bo	32			search
oscillator	o2bo2$bo$2b2o	40			search
oscillator	o2bo2$bo$2b2o$o	28			search
oscillator	o2bo2$bo$2b2o$4bo	40			search
oscillator	o2bo2$bobo$o$o	32			search
oscillator	o2bo2$bobo$o3bo	52			search
oscillator	o2bo2$bobo$o$4bo	16			search
oscillator	o2bo2$bobo$bo$o	64			search
oscillator	o2bo2$bobo$2bo	28			search
oscillator	o2bo2$bobo$2bo$4bo	28			search
oscillator	o2bo2$bobo$3bo$4bo	40			search
oscillator	o2bo2$bo2bo$o2bo	12			search
oscillator	o2bo$2bo$o$bo$4bo	8			search
oscillator	o2bo$2bo$o2$bobo	116			search
oscillator	o2bo$2bo$o$3bo$bobo	128			search
oscillator	o2bo$2bo$o2$3bo$bo	36			search
oscillator	o2bo$2bo$o3b2o	32			search
oscillator	o2bo$2bo2$o$o2bo	80			search
oscillator	o2bo$2bo2$o2bo$2b2o	60			search
oscillator	o2bo$2bo2$o$3bo$bo	48			search
oscillator	o2bo$2bo2$bo$obo	32			search
oscillator	o2bo$2bo2$bo$o2bo	36			search
oscillator	o2bo$2bo2$bo$o3bo	32			search
oscillator	o2bo$2bo2$bobo$o2bo	76			search
oscillator	o2bo$2b2o$3b2o	8			search
oscillator	o2bo$2b2o2$3bo$4bo	4			search
oscillator	o2bo$2b2o$4bo$obo	104			search
oscillator	o2bo$2b2o$4bo$3bo	4			search
oscillator	o2bo$2b2obo$4bo	64			search
oscillator	o2bo$2bo$3bo	4			search
oscillator	o2bo$2bo$3bo$3bo$bo	12			search
oscillator	o2bo$2bo$3bo$3bo$4bo	8			search
oscillator	o2bo$2bo2$3b2o$4bo	4			search
oscillator	o2bo$2bo2$3bo$4bo	4			search
oscillator	o2bo$2bo$4bo$o2b2o	44			search
oscillator	o2bo$2bo$4bo$3b2o	40			search
oscillator	o2bo$2bo2b2o	48			search
oscillator	o2bo$2bo2b3o	112			search
oscillator	o2bo2$2bo$b3o	48			search
oscillator	o2bo2$2bo$bobo$b2o	48			search
oscillator	o2bo2$2bo$bobo$2b2o	248			search
oscillator	o2bo2$2b2o$b2o	32			search
oscillator	o2bo2$2b2o$bobo$2bo	88			search
oscillator	o2bo$3bo$2o$3b2o	32			search
oscillator	o2bo$3bo$2o2bo	16			search
oscillator	o2bo$3bo$o$bobo$4bo	12			search
oscillator	o2bo$3bo$o$3bo$bobo	128			search
oscillator	o2bo$3bo$o3bo	32			search
oscillator	o2bo$3bo$o3bo$bobo	12			search
oscillator	o2bo$3bo$o3bo$3b2o	56			search
oscillator	o2bo$3bo2$o$2b2o	40			search
oscillator	o2bo$3bo2$o2bo$2b2o	44			search
oscillator	o2bo$3bo2$bobo$o2bo	80			search
oscillator	o2bo$3bo$3b2o$3bo$4bo	52			search
oscillator	o2bo$3bo$3b2o2$4bo	60			search
oscillator	o2bo$3bo2$3b2o$4bo	8			search
oscillator	o2bo$3bo2$3bo$4bo	8			search
oscillator	o2bo$3b2o$o3bo	32			search
oscillator	o2bo$3b2o$3b2o	8			search
oscillator	o2bo$3b2o2$3bo$4bo	96			search
oscillator	o2bo$3b2o$4bo$3bo	8			search
oscillator	o2bo$3bo$4bo$o2b2o	56			search
oscillator	o2bo$3bo$4bo2$2o	40			search
oscillator	o2bo$3bo$4bo$2b2o$4bo	24			search
oscillator	o2bo$3bo$4bo$3bo	8			search
oscillator	o2bo$3bo$4bo$3bo$4bo	8			search
oscillator	o2bo$3bobo$o3bo	40			search
oscillator	o2bo$3bob2o	72			search
oscillator	o2bo2$3bo$o2bo$bo	56			search
oscillator	o2bo2$3bo$bo$b2o	16			search
oscillator	o2bo2$3bo$b2o	80			search
oscillator	o2bo2$3bo$b3o	16			search
oscillator	o2bo2$3bo$bobo$2bo	24			search
oscillator	o2bo2$3bo$bobo$4bo	72			search
oscillator	o2bo2$3bo$3bo$bo	36			search
oscillator	o2bo2$3bo$3bo$b2o	24			search
oscillator	o2bo2$3bo$3bo$bo2bo	36			search
oscillator	o2bo2$3bo$3bo$4bo	24			search
oscillator	o2bo3$3bo$2obo	40			search
oscillator	o2b2o$o$o2bo	96			search
oscillator	o2b2o$o$o$3bo	96			search
oscillator	o2b2o$o$bo$2bo	308			search
oscillator	o2b2o$o$bobo	160			search
oscillator	o2b2o$o$bo$3bo	160			search
oscillator	o2b2o$obo$3bo	16			search
oscillator	o2b2o$o$3bo	32			search
oscillator	o2b2o$o$3bo$bo	96			search
oscillator	o2b2o$o$3bo$4bo	224			search
oscillator	o2b2o$o2$3bo$3bo	32			search
oscillator	o2b2o$o2$3b2o	32			search
oscillator	o2b2o$o2$3bo$4bo	32			search
oscillator	o2b2o$o$4bo$4bo	80			search
oscillator	o2b2o$o2$4bo$3bo	32			search
oscillator	o2b2o$o2$4bo$4bo	32			search
oscillator	o2b2o2$2o	24			search
oscillator	o2b2o2$2o$3bo$4bo	48			search
oscillator	o2b2o2$2o2bo	24			search
oscillator	o2b2o2$2o$4bo	28			search
oscillator	o2b2o2$2o2$4bo	24			search
oscillator	o2b2o3$2o3bo	24			search
oscillator	o2b2o$b2o$2bo	16			search
oscillator	o2b2o$b2o2bo$2bo	12			search
oscillator	o2b2o$b2o2bo$6bo	28			search
oscillator	o2b2o$bo3bo$2o	148			search
oscillator	o2b2o2$bo$o2b2o	240			search
oscillator	o2b2o2$bo$o3bo	72			search
oscillator	o2b2o2$bo$2b2o	160			search
oscillator	o2b2o2$bobo$o	48			search
oscillator	o2b2o3$b3o	96			search
oscillator	o2b2o$2bo	48			search
oscillator	o2b2o$2bo$o	48			search
oscillator	o2b2o$2bo$o$o	24			search
oscillator	o2b2o$2bo$o$3b2o	112			search
oscillator	o2b2o$2bo$o3bo	48			search
oscillator	o2b2o$2bo$o$4bo	112			search
oscillator	o2b2o$2bo$o2$4bo	48			search
oscillator	o2b2o$2bo2$o	48			search
oscillator	o2b2o$2bo2$2obo	16			search
oscillator	o2b2o$2bo2$o3bo	72			search
oscillator	o2b2o$2bo2$o$4bo	48			search
oscillator	o2b2o$2bo2$bob2o	112			search
oscillator	o2b2o$2bo$2bo$bo	16			search
oscillator	o2b2o$2bo$3bo	16			search
oscillator	o2b2o$2bo2$3bo$4bo	16			search
oscillator	o2b2o$2bo$4bo	48			search
oscillator	o2b2o$2bo$4bo$o	48			search
oscillator	o2b2o$2bo$4bo$bo	48			search
oscillator	o2b2o$2bo2bo$3bo	12			search
oscillator	o2b2o$2bo2b2o	240			search
oscillator	o2b2o$2bo2bobo$3bo	56			search
oscillator	o2b2o3$2b2o$4bo	32			search
oscillator	o2b2o$3bo$obobo	136			search
oscillator	o2b2o$3bo$obobo2$3bo	136			search
oscillator	o2b2o$3bo$o3bo	40			search
oscillator	o2b2o$3bo$o$4bo	80			search
oscillator	o2b2o$3bo$o2$4bo	40			search
oscillator	o2b2o$3bo2$o2b2o	392			search
oscillator	o2b2o$3bo2$o3bo	72			search
oscillator	o2b2o$3bo2$o$4bo	32			search
oscillator	o2b2o$3bo2$3bo$4bo	24			search
oscillator	o2b2o$3bo$4bo$o	32			search
oscillator	o2b2o$3bo$4bo$bo	40			search
oscillator	o2b2o$3bo$4bo$3bo	24			search
oscillator	o2b2o$3bo$4b2o	48			search
oscillator	o2b2o$3bo2$4bo$3bo	24			search
oscillator	o2b2o$3bobo$o	96			search
oscillator	o2b2o$3bobo$2o	48			search
oscillator	o2b2o$3bobo$obo	148			search
oscillator	o2b2o$3bobo$obobo	164			search
oscillator	o2b2o$3bobo$o3bo	96			search
oscillator	o2b2o$3bobobo$obo	568			search
oscillator	o2b2o2$3bo$3bo$4bo	44			search
oscillator	o2b2o$4bo$obo	128			search
oscillator	o2b2o$4bo$2bo	60			search
oscillator	o2b2o$4bo$2bo$bo	128			search
oscillator	o2b2o$4bo$2bo2$bo	64			search
oscillator	o2b2o$4bo2$3bo$4bo	56			search
oscillator	o2b2o$4bo3$4bo	216			search
oscillator	o2b2o2$4bo$2o	24			search
oscillator	o2b2o2$4bo$3bo$3b2o	48			search
oscillator	o2b2o2$4bo$3b2o	72			search
oscillator	o2b3o$5b2o	96			search
oscillator	o2bo$4bo$o$2bo$4bo	48			search
oscillator	o2bo$4bo2$bo$b2obo	48			search
oscillator	o2bo$4bo2$bo$bo2bo	80			search
oscillator	o2bo$4bo2$b2o$4bo	48			search
oscillator	o2bo$4bo2$2b2o$bo	196			search
oscillator	o2bo$4bo2$3bo$4bo	12			search
oscillator	o2bo$4bo3$4bo	28			search
oscillator	o2bobo$2bo$3bo	12			search
oscillator	o2bobo$2bo$4b2o	236			search
oscillator	o2bobo$3bo$o	36			search
oscillator	o2bobo$3bo$obo	92			search
oscillator	o2bobo$3bo$obobo	76			search
oscillator	o2bobo$3bo3bo$obo	364			search
oscillator	o2bobo$3bo3bo$obobo	508			search
oscillator	o2bob2o$bo3bobo$6bo	552			search
oscillator	o2bob2o$bo4b2o	112			search
oscillator	o2bob2o$2bo	112			search
oscillator	o2bob2o$5bo	104			search
oscillator	o2bobob2o$bo3bo	2020			search
oscillator	o2bo$5bo$2o$b3o	336			search
oscillator	o2bo2bo$bo3b2o	168			search
oscillator	o2bo2bo$2bo2b2o	112			search
oscillator	o2bo2bo$3bob2o	100			search
oscillator	o$3bo$2o$3bo$bobo	128			search
oscillator	o$3bo$obo$2b2o$4bo	48			search
oscillator	o$3bo$obobo$2b2o$o	24			search
oscillator	o$3bo$o2b2o$3bo$4bo	72			search
oscillator	o$3bo$o3bo$3bo$3b2o	12			search
oscillator	o$3bo$o3bo$3b2o	24			search
oscillator	o$3bo$bo$o2bo$o2bo	144			search
oscillator	o$3bo$bo$bo$obo	40			search
oscillator	o$3bo$bo2bo$3bo$3b2o	12			search
oscillator	o$3bo$bo2bo$3b2o	24			search
oscillator	o$3bo$2b2o$bo$b2o	72			search
oscillator	o$3bo$2b2o$b2o	16			search
oscillator	o$3bo$2b3o$bo$b2o	36			search
oscillator	o$3bo$2b3o$b2o	16			search
oscillator	o$3bo$2b3o$3bo$4bo	12			search
oscillator	o$3bo$3bo$o2bo$bo	56			search
oscillator	o$3bo$3bo2$2o$3bo	24			search
oscillator	o$3bo$3bo2$ob2o	56			search
oscillator	o$3bo$3bo$bo$3o	48			search
oscillator	o$3bo$3bo$bo$b2o	16			search
oscillator	o$3bo$3bo$b2o$o	48			search
oscillator	o$3bo$3bo$b3o	16			search
oscillator	o$3bo$3bo$bo$2bo$2bo	28			search
oscillator	o$3bo$3bo$bo$2b2o	40			search
oscillator	o$3bo$3bo$bobo$b2o	72			search
oscillator	o$3bo$3bo$bobo$2bo	24			search
oscillator	o$3bo$3bo$2bo$bo	16			search
oscillator	o$3bo$3b2o$bo$b2o	16			search
oscillator	o$3bo$3b2o$b3o	16			search
oscillator	o$3bo$3b2o$bobo$b2o	36			search
oscillator	o$3bo$3b2o$bobo$2bo	24			search
oscillator	o$3bo$3b2o$bobo$4bo	72			search
oscillator	o$3bo$3b2o$2bo$bo	8			search
oscillator	o$3bo$3b2o$3bo$bo	36			search
oscillator	o$3bo$3b2o$3bo$b2o	24			search
oscillator	o$3bo$3b2o$3bo$bo2bo	36			search
oscillator	o$3bo$3b2o$3b2o$4bo	24			search
oscillator	o$3bo$3b2o$3bo$4bo	24			search
oscillator	o$3bo2$3bo$2obo	48			search
oscillator	o$3b2o$o$2bo$4bo	48			search
oscillator	o$3b2o$o$3bo$4bo	32			search
oscillator	o$3b2o$bo$3bo$4bo	104			search
oscillator	o$3b2o2$bobo$4bo	32			search
oscillator	o$3b2o2$bo2bo$b2o	16			search
oscillator	o$3b2o2$bo2bo$2bo	40			search
oscillator	o$3b2o$2bo$3bo$4bo	24			search
oscillator	o$3b2o2$2b2o$4bo	24			search
oscillator	o$3b2o$3bo	8			search
oscillator	o$3b2o$3bo$bo$b2o	16			search
oscillator	o$3b2o$3bo$2bo$bo	16			search
oscillator	o$3b2o$3bo$3bo$4bo	16			search
oscillator	o$3b2o$3b2o	4			search
oscillator	o$3b2o$3b2o$3bo	16			search
oscillator	o$3b2o2$3bo$bo2bo	32			search
oscillator	o$3b2o2$3bo$2bobo	32			search
oscillator	o$3b2o2$3bo$4bo	24			search
oscillator	o$3b2o$4bo$3bo$3b2o	12			search
oscillator	o$3b2o$4bo$3b2o	24			search
oscillator	o$3bo$4bo$3bo$2b3o	24			search
oscillator	o$3bo$4bo$3bo$3b2o	12			search
oscillator	o$3bo$4bo$3b2o	24			search
oscillator	o$3bo$4bo$3b2o$2bo	32			search
oscillator	o$3bo$4bo$3b2o$3bo	8			search
oscillator	o$3bo$4bo$3b2o$4bo	8			search
oscillator	o2$3bo$o$ob2o	104			search
oscillator	o2$3bo$o2bo$bo2bo	56			search
oscillator	o2$3bo$o3bo$obo	88			search
oscillator	o2$3bo$bo$3obo	24			search
oscillator	o2$3bo$bo$ob2o	28			search
oscillator	o2$3bo$bo$b2o	8			search
oscillator	o2$3bo$b3o$4bo	16			search
oscillator	o2$3bo$bo$2b2o	20			search
oscillator	o2$3bo$bobo$o3bo	32			search
oscillator	o2$3bo$bobo$b2o	12			search
oscillator	o2$3bo$bobo$b2obo	12			search
oscillator	o2$3bo$bobo$2bo	8			search
oscillator	o2$3bo$bobo$2bobo	8			search
oscillator	o2$3bo$bob2o$4bo	24			search
oscillator	o2$3bo$bobo$4bo	24			search
oscillator	o2$3bo$bo2bo$obo	40			search
oscillator	o2$3bo$bo2bo$2bo	16			search
oscillator	o2$3bo$3bo$2o2bo	16			search
oscillator	o2$3bo$3bo$b2obo	8			search
oscillator	o2$3bo$3bo$bo2bo	12			search
oscillator	o2$3bo$3b2o$bo2bo	12			search
oscillator	o2$3bo$3b2o$4bo	8			search
oscillator	o2$3bo$3bo$4bo	8			search
oscillator	o3$3b2o$2b3o	16			search
oscillator	o3$3b2o$3b2o	4			search
oscillator	o3$3b2o$4bo	4			search
oscillator	o3$3bo$4bo	4			search
oscillator	o3bo$2obo$o2b2o	272			search
oscillator	o3bo$2obo$3b2o	12			search
oscillator	o3bo$2ob2o	24			search
oscillator	o3bo$2ob2o$o3bo	400			search
oscillator	o3bo$o2bo$2b2o	40			search
oscillator	o3bo$o2b2o	32			search
oscillator	o3bo$o2b2o$o	40			search
oscillator	o3bo$o2b2o$o3bo	180			search
oscillator	o3bo$o2b2o$2bo	40			search
oscillator	o3bo$o3bo$o2bo	24			search
oscillator	o3bo$o3bo$2b2o	56			search
oscillator	o3bo$o3bo$3bo$bo	24			search
oscillator	o3bo$o$4bo$3b2o	32			search
oscillator	o3bo2$o3bo$3bo$3b2o	32			search
oscillator	o3bo$bo$2o2bo	40			search
oscillator	o3bo$bo$2o2bo2$3bo	40			search
oscillator	o3bo$bo$ob3o	80			search
oscillator	o3bo$b3obo$o	64			search
oscillator	o3bo$bo$2bobo$4bo	32			search
oscillator	o3bo$bobo$ob2o	40			search
oscillator	o3bo$bobo$ob3o	216			search
oscillator	o3bo$bobo$o3bo$o	48			search
oscillator	o3bo$bobo$2bob2o	32			search
oscillator	o3bo$bobo$3b2o	40			search
oscillator	o3bo$bobo$3b2o$2bo	44			search
oscillator	o3bo$bob2o	28			search
oscillator	o3bo$bob2o$obo	40			search
oscillator	o3bo$bob2o$3b2o	56			search
oscillator	o3bo$bob3o	24			search
oscillator	o3bo$bob3obo$4bobo	160			search
oscillator	o3bo$bob3obo$6bo	72			search
oscillator	o3bo$bobob3o$4bo	144			search
oscillator	o3bo$bobobobo$3bo2bo	72			search
oscillator	o3bo$bo2b2o$b2o	168			search
oscillator	o3bo$bo3bobo$3b2obo	72			search
oscillator	o3bo$bo5bo$2o2bo	48			search
oscillator	o3bo2$bo2bo$3bo$3b2o	32			search
oscillator	o3bo2$bo2bo$3b2o	32			search
oscillator	o3bo$2b2o2$3b2o	48			search
oscillator	o3bo$2b2ob2o	32			search
oscillator	o3bo$2b2obobo$o	168			search
oscillator	o3bo$2bobo$bo	64			search
oscillator	o3bo$3bo$o$o2b2o	40			search
oscillator	o3bo$3bo$2ob2o	120			search
oscillator	o3bo$3bo$2o$3b2o	80			search
oscillator	o3bo$3bo$2o$3bo$4bo	40			search
oscillator	o3bo$3bo$2o2bo	40			search
oscillator	o3bo$3bo$2o$4bo	40			search
oscillator	o3bo$3bo$2o2$4bo	40			search
oscillator	o3bo$3bo$o$bobo$4bo	32			search
oscillator	o3bo$3bo$o3bo$bobo	32			search
oscillator	o3bo$3bo2$2ob2o	80			search
oscillator	o3bo$3bo$bo$o2bo$4bo	40			search
oscillator	o3bo$3bo$bo$o3bo	36			search
oscillator	o3bo$3bo$bo$o$4bo	32			search
oscillator	o3bo$3bo$bo2bo$o	32			search
oscillator	o3bo$3bo$bo2bo$o2bo	40			search
oscillator	o3bo$3bo$3b2o	12			search
oscillator	o3bo$3bo$3b2o$bo$b2o	32			search
oscillator	o3bo$3bo$3b2o$3bo$bo	48			search
oscillator	o3bo$3bo$3b2o$3bo$4bo	16			search
oscillator	o3bo$3b2o	24			search
oscillator	o3bo$3b2o2$bo$b2o	24			search
oscillator	o3bo$3b2o2$b2o	48			search
oscillator	o3bo$3b2o2$2bo$bo	24			search
oscillator	o3bo$3b2o3$2b2o	104			search
oscillator	o3bo$3b2o$3bo	8			search
oscillator	o3bo$3b2o$3b2o	12			search
oscillator	o3bo$3b2o2$3bo$bo	40			search
oscillator	o3bo$3b2o2$3bo$4bo	32			search
oscillator	o3bo$3bo$4bo$3bo$3b2o	32			search
oscillator	o3bo$3bo$4bo$3b2o	32			search
oscillator	o3bo2$3b2o2$2b2o	36			search
oscillator	o3bo$4bo$o2bo$3bo	24			search
oscillator	o3bo$4bo$o2bo$4bo	56			search
oscillator	o3bo$4bo$bobo$4bo	56			search
oscillator	o3bo$4bo$2bo$4bo$3bo	64			search
oscillator	o3bo$4bo2$2b2o$4bo	16			search
oscillator	o3bo$4bo$3bo$bo2bo	56			search
oscillator	o3bo$4bo$3bo2$2b2o	100			search
oscillator	o3bo$4bo$3bo$4bo	56			search
oscillator	o3bo2$4bo$3bo$2b3o	56			search
oscillator	o3bo2$4bo$3bo$3b2o	32			search
oscillator	o3bo2$4bo$3b2o$2bo	40			search
oscillator	o3bo2$4bo$3b2o$4bo	24			search
oscillator	o3bo2$4bo$4bo$2bobo	40			search
oscillator	o3b2o$o2bo$o3bo	44			search
oscillator	o3b2o$bob3o	24			search
oscillator	o3b2o$bo5bo$2o	152			search
oscillator	o3b3o$bob2o	216			search
oscillator	o3b2ob2o$bobo	416			search
oscillator	o3b2o$7bo$3bo	32			search
oscillator	o3bobo$bob2o	72			search
oscillator	o3bobo$bobob2o	80			search
oscillator	o3bobo$bobob3o	112			search
oscillator	o3bobo$bobo2bo	48			search
oscillator	o3bo2bo$bob2o	84			search
oscillator	o3bo2bo$bob3o	168			search
oscillator	o3bo3bo$bobo2b2o	32			search
oscillator	o$4bo$2obo	24			search
oscillator	o$4bo$bo$2b2o$4bo	40			search
oscillator	o$4bo$bobo$3bo$4bo	40			search
oscillator	o$4bo$bobo$4bo	28			search
oscillator	o$4bo$2bo$bobo$b2o	16			search
oscillator	o$4bo$2bo$bobo$3b2o	56			search
oscillator	o$4bo$3bo$o2bo$bo	56			search
oscillator	o$4bo$3bo$bo$2b2o	32			search
oscillator	o$4bo$3bo$bo2bo	28			search
oscillator	o2$4bo2$ob3o	40			search
oscillator	o2$4bo$bobo$2b3o	24			search
oscillator	o2$4bo$bob2o$2bo	32			search
oscillator	o2$4bo$3bo$ob3o	72			search
oscillator	o2$4bo$3bo$2b3o	24			search
oscillator	o2$4bo$3bo$3b2o	12			search
oscillator	o2$4bo$3b2o$obo	40			search
oscillator	o2$4bo$3b2o$2bo	32			search
oscillator	o2$4bo$3b2o$3bo	8			search
oscillator	o2$4bo$3b2o$3b2o	12			search
oscillator	o2$4bo$3b2o$4bo	8			search
oscillator	o4bo$b2o2bobo	56			search
oscillator	o4bo$bob2o	24			search
oscillator	o4bo$bobobobo$4bobo	200			search
oscillator	o4bo$bobo3bo$3bo2bo	72			search
oscillator	o4bo$bo2bo2bo$b2o	296			search
oscillator	o4bo$bo3bo$4b2o	248			search
oscillator	o4bo$bo3bobo$4bobo	36			search
oscillator	o4bo$2bo$3obo	376			search
oscillator	o4bo$2b2o$o	36			search
oscillator	o4bo$5bobo$3o	152			search
oscillator	o4b2o$b2obo	112			search
oscillator	o4b2o$b2ob2o	56			search
oscillator	o4b2o$bob2o	48			search
oscillator	o4b2o$bob3o	216			search
oscillator	o4b2o$bob2o2bo	168			search
oscillator	o4b2o$bob2o2bo$4bobo	224			search
oscillator	o4b2o$bob2o2bo$6bo	168			search
oscillator	o4b2o$bobo2b2o	112			search
oscillator	o4b2o$bobo3bo$3bo2bo	168			search
oscillator	o4b2o$bo3bobo$bo4bo	56			search
oscillator	o4b2o$bo3bobo$4bobo	84			search
oscillator	o4b2o$2b2o	56			search
oscillator	o4b2o$3bobo	32			search
oscillator	o4bobo$bob2o	24			search
oscillator	o5bo$bob3obo$6bo	84			search
oscillator	o5bo$2b2ob2o	88			search
oscillator	o5bo$2bo2b2o$4bo	44			search
oscillator	$o$o$o2$bo$bo	16			search
oscillator	$o$o$o2$bo$b2o	16			search
oscillator	$o$o$o2$b2o$bo	16			search
oscillator	$o$o$obo$bo	64			search
oscillator	$o$o2$o$o	28			search
oscillator	$o$o2$o$o$o	36			search
oscillator	$o$o2$o$2o	16			search
oscillator	$o$o2$o$2o$o	80			search
oscillator	$o$o2$o$2o$obo	80			search
oscillator	$o$o2$o$2o$2bo	16			search
oscillator	$o$o2$o$o2$bo	36			search
oscillator	$o$o2$2o$o	304			search
oscillator	$o$o2$2o$2o	24			search
oscillator	$o$o2$2o$2o$o	128			search
oscillator	$o$o2$2o$bo	28			search
oscillator	$o$o2$2o$bo$2bo	28			search
oscillator	$o$o2$3o$bo$o	92			search
oscillator	$o$o2$o$bo$o$o	68			search
oscillator	$o$o2$o$bo$2bo	24			search
oscillator	$o$o2$obo$bo$2bo	56			search
oscillator	$o$o3$2o	16			search
oscillator	$o$o3$2o$obo	48			search
oscillator	$o$o3$3o$2bo	16			search
oscillator	$o$o3$2o$2bo	16			search
oscillator	$o$o3$2o$2bo$bo	48			search
oscillator	$o$2o2$o$bo$2bo	120			search
oscillator	$o$2o2$obo$bo$2bo	40			search
oscillator	$o$2o$bo$o$bo2$bo	96			search
oscillator	$o$2o$bo$b2o	32			search
oscillator	$o$2o$bo2$b2o	416			search
oscillator	$o$3o$bo$2bo	120			search
oscillator	$o$3o$bo$3bo	120			search
oscillator	$o$2obo$bo$b2o	32			search
oscillator	$o$o$bo$o	28			search
oscillator	$o$o$bo$o$o$o	144			search
oscillator	$o$o$bo$o$2o	28			search
oscillator	$o$o$bo$o$2o2$bo	288			search
oscillator	$o$o$bo$o2$2o	168			search
oscillator	$o$o$bo$o2$2o$bo	168			search
oscillator	$o$o$bo$2o	144			search
oscillator	$o$o$bo$2o3$bo	128			search
oscillator	$o$o$bo$3o2$2bo	132			search
oscillator	$o$o$bo$o$bo$bo	28			search
oscillator	$o$o$bo$o$bo$2bo	28			search
oscillator	$o$o$bo$o2$b2o	28			search
oscillator	$o$o$bo$obo$bo	28			search
oscillator	$o$o$bo2$2o	104			search
oscillator	$o$o$bo2$2o$o	64			search
oscillator	$o$o$bo$bo$o	16			search
oscillator	$o$o$bo$bo$o$o	16			search
oscillator	$o$o$bo$bo$2o	24			search
oscillator	$o$o$bo$bo2$o$o	888			search
oscillator	$o$o$bo$bo2$2o	80			search
oscillator	$o$o$bo$bo$bo$2bo	64			search
oscillator	$o$o$bo$b2o$o	52			search
oscillator	$o$o$bo2$bo$2o	168			search
oscillator	$o$o$bo2$bo$3o	168			search
oscillator	$o$o$bo2$bo$bo	112			search
oscillator	$o$o$bo2$bo$b2o	56			search
oscillator	$o$o$bo2$b2o$bo	56			search
oscillator	$o$o$bo2$b2o$2bo	28			search
oscillator	$o$o$bo2$bo$2bo	28			search
oscillator	$o$o$b2o$obo2$2bo	236			search
oscillator	$o$o$b2o2$bo$2bo	104			search
oscillator	$o$o$b2o$2bo$o	156			search
oscillator	$o$o$b2o$2bo$bo$2bo	304			search
oscillator	$o$o$b2o2$2bo$o	80			search
oscillator	$o$o$bo$2bo$bo	28			search
oscillator	$o$o$bo$2bo$bo$b2o	84			search
oscillator	$o$o$bo$2bo$b2o	168			search
oscillator	$o$o$bo$2bo$bo$2bo	28			search
oscillator	$o$o2$bo	16			search
oscillator	$o$o2$bo$o	24			search
oscillator	$o$o2$bo$2o	236			search
oscillator	$o$o2$bo$o2$bo	48			search
oscillator	$o$o2$bo$o$2bo$bo	48			search
oscillator	$o$o2$bo2$2o	80			search
oscillator	$o$o2$bo$bo	28			search
oscillator	$o$o2$bo$bo$o$bo	116			search
oscillator	$o$o2$bo$bo$obo	36			search
oscillator	$o$o2$bo$bo2$bo	36			search
oscillator	$o$o2$bo$bo$2bo	28			search
oscillator	$o$o2$bo$bo$2bo$bo	36			search
oscillator	$o$o2$bo2$bo$2o	136			search
oscillator	$o$o3$bo$o$o	48			search
oscillator	$o$o3$bo$2o	48			search
oscillator	$o$o3$bo$3o	48			search
oscillator	$o$o3$bo$bo	16			search
oscillator	$o$o3$bo$b2o	16			search
oscillator	$o$o3$b2o$bo	16			search
oscillator	$o$o3$b2o$b2o	16			search
oscillator	$o$o3$b2o$2bo	16			search
oscillator	$o$o3$bo$2bo	16			search
oscillator	$o$o4$b2o	16			search
oscillator	$o$obo2$obo$o	24			search
oscillator	$o$obo$b2o2$o	144			search
oscillator	$o$obo$b2o2$bo	224			search
oscillator	$o$obo$b2o3$2bo	184			search
oscillator	$o$obo$bob2o	28			search
oscillator	$o$obo$bo2bo$4bo	28			search
oscillator	$o$obo2$bo$bo	32			search
oscillator	$o$obo$2bo2$2o	32			search
oscillator	$o$obo$2bo$bo$bo	44			search
oscillator	$o$obo$2b2o$o	28			search
oscillator	$o$obo$2b2o$4bo	24			search
oscillator	$o$obo2$2bo$b2o	32			search
oscillator	$o$ob2o	28			search
oscillator	$o$ob3o	36			search
oscillator	$o$ob3o$5bo	32			search
oscillator	$o$obo2$3bo$bobo	32			search
oscillator	$o$o$2bo$o$bo$2bo	60			search
oscillator	$o$o$2bo2$o$obo	64			search
oscillator	$o$o$2bo2$o$2bo$bo	48			search
oscillator	$o$o$2bo$bo$o	44			search
oscillator	$o$o$2bo$bo$bo$2bo	52			search
oscillator	$o$o$2bo2$bo$obo	72			search
oscillator	$o$o$2bo2$bo$2bo	28			search
oscillator	$o$o$2bo2$bo$2bo$bo	72			search
oscillator	$o$o$2bo$2bo	40			search
oscillator	$o$o$2bo$2bo$o	80			search
oscillator	$o$o$2bo$2bo2$2bo	40			search
oscillator	$o$o$2bo2$2bo$obo	112			search
oscillator	$o$o$2bo3$2bo	24			search
oscillator	$o$o$2b2o$o3bo	32			search
oscillator	$o$o$2b2o$bo2bo	48			search
oscillator	$o$o$2b3o$4bo	28			search
oscillator	$o$o$2b2o$4bo	28			search
oscillator	$o$o$2bobo$2bo	40			search
oscillator	$o$o2$2bo$bo$3o	48			search
oscillator	$o$o2$2bo$bo$b2o	48			search
oscillator	$o$o2$2bo$b2o	48			search
oscillator	$o$o2$2bo$b2o$o	32			search
oscillator	$o$o2$2bo$b2o$bo	16			search
oscillator	$o$o2$2bo$b2o$2bo	16			search
oscillator	$o$o2$2bo2$b2o	48			search
oscillator	$o$o2$2bo$2bo$obo	32			search
oscillator	$o$o3$2bo$3o	48			search
oscillator	$o$o3$2bo$bo	16			search
oscillator	$o$o3$2bo$b2o	16			search
oscillator	$o$o3$2bo$2bo	16			search
oscillator	$o$o2bo$2bo$o	28			search
oscillator	$o$o2bo$2bo$o3bo	28			search
oscillator	$o$o2bo$2bobo$o	72			search
oscillator	$o$o2bo$2bo$4bo	24			search
oscillator	$o$o2b2o$b2o	16			search
oscillator	$o$o2bobo$2bo	24			search
oscillator	$o$o2bob2o$3bo	212			search
oscillator	$o$o$3bo$bobo	16			search
oscillator	$o$o3bo$2b2o$4bo	36			search
oscillator	$o$o3bo$4bo$3b2o	16			search
oscillator	$o$o4bo$2b2o	32			search
oscillator	$o2$o$o$bobo$2bo	56			search
oscillator	$o2$3o	56			search
oscillator	$o2$3o3$o	56			search
oscillator	$o2$3o3$bo	56			search
oscillator	$o2$2obo$2bobo	80			search
oscillator	$o2$obo$o$bo$bo	328			search
oscillator	$2o$o$2o$2bo$bo	200			search
oscillator	$2o$o2$2o	36			search
oscillator	$2o$o2$2o$bo	32			search
oscillator	$2o$o2$o$bo	28			search
oscillator	$2o$o3$2o	36			search
oscillator	$2o$o3$2o$o	100			search
oscillator	$2o$2o	20			search
oscillator	$2o$2o2$o2$bo	64			search
oscillator	$2o$2o$bobo$2bo	96			search
oscillator	$2o$3o$bo	112			search
oscillator	$2o$3o$bo$o$bo	42			search
oscillator	$2o$3o$bo$4bo	112			search
oscillator	$2o$2o2$3bo	20			search
oscillator	$2o$o$bo$o	40			search
oscillator	$2o$o$bo$o$o	24			search
oscillator	$2o$o$bo$2o	56			search
oscillator	$2o$o$bo$obo	40			search
oscillator	$2o$o$bo2$2o	92			search
oscillator	$2o$o$bo2$2o$o	416			search
oscillator	$2o$o$bo$bo	184			search
oscillator	$2o$o$b2o$2bo$bo	76			search
oscillator	$2o$o$b2obo	184			search
oscillator	$2o$o$bo$2bo	40			search
oscillator	$2o$o$bo$2bo$2bo	40			search
oscillator	$2o$o$bo$2b2o	40			search
oscillator	$2o$o2$bo	24			search
oscillator	$2o$o2$bo$bo$o	88			search
oscillator	$2o$o2$bobo	24			search
oscillator	$2o$obo	24			search
oscillator	$2o$obo$o3$2bo	124			search
oscillator	$2o$obo$o2bo$4bo	52			search
oscillator	$2o$obo2$2o	40			search
oscillator	$2o$obo3$2o	40			search
oscillator	$2o$obo$bo	40			search
oscillator	$2o$obo$bo$o	40			search
oscillator	$2o$obo$bo$2o	88			search
oscillator	$2o$obo$bo$o$bo	40			search
oscillator	$2o$obo$bo$obo	40			search
oscillator	$2o$obo$bo$bo	24			search
oscillator	$2o$obo$bo$bo$bo	192			search
oscillator	$2o$obo$bo$b2o	24			search
oscillator	$2o$obo$bo2$bo	40			search
oscillator	$2o$obo$b2o	80			search
oscillator	$2o$obo$b2o$o	88			search
oscillator	$2o$obo$b2o2$bo	128			search
oscillator	$2o$obo$b2o$2bo	56			search
oscillator	$2o$obo$bo$2bo	40			search
oscillator	$2o$obo$bobo$3bo$bo	280			search
oscillator	$2o$obo$bob2o	280			search
oscillator	$2o$obo$bo2bo	80			search
oscillator	$2o$obo$bo2b2o	120			search
oscillator	$2o$obo2$bo	24			search
oscillator	$2o$obo2$bo$bo	64			search
oscillator	$2o$obo2$bobo	24			search
oscillator	$2o$obo3$bo	24			search
oscillator	$2o$obo$2bo	36			search
oscillator	$2o$obo$2bo$o	40			search
oscillator	$2o$obo$2bo2$bo	40			search
oscillator	$2o$obo$2bo$2bo	56			search
oscillator	$2o$obo$2bo2$2bo	256			search
oscillator	$2o$obo$2b2o	28			search
oscillator	$2o$obo2$2b2o	24			search
oscillator	$2o$obo3$2b2o	24			search
oscillator	$2o$ob2o	40			search
oscillator	$2o$ob2o$bo	24			search
oscillator	$2o$ob2o$3bo	24			search
oscillator	$2o$ob3o	48			search
oscillator	$2o$obo$3bo	24			search
oscillator	$2o$obo$3bo$bo	24			search
oscillator	$2o$obo$3bo$3bo$bo	168			search
oscillator	$2o$obo$3bo$3b2o	24			search
oscillator	$2o$obo$3b2o	168			search
oscillator	$2o$obo$3bo$4bo	24			search
oscillator	$2o$obo$3bobo	36			search
oscillator	$2o$obo2$3bo	24			search
oscillator	$2o$obo2$3bo$3bo	24			search
oscillator	$2o$obobo$b2o	284			search
oscillator	$2o$obobo$4bo	24			search
oscillator	$2o$obo$4bo	48			search
oscillator	$2o$obo$4bo$2bo	24			search
oscillator	$2o$obo$4bo$3bo	24			search
oscillator	$2o$obo$4b2o	24			search
oscillator	$2o$obo2bo$bo3bo	120			search
oscillator	$2o$obo2bo$5bo	24			search
oscillator	$2o$o$2bo	28			search
oscillator	$2o$o$2b2o$o	64			search
oscillator	$2o$o$2b2o$4bo	40			search
oscillator	$2o$o$2b2obo	48			search
oscillator	$2o$o$2bo$3bo$bo	44			search
oscillator	$2o$o2bo2$2o	36			search
oscillator	$2o$o2bo$2bo	28			search
oscillator	$2o$o2bo$2bo$o	32			search
oscillator	$2o$o2bo$2bo$4bo	28			search
oscillator	$2o$o2bo$3bo	36			search
oscillator	$2o$o2bo$3bo$o	40			search
oscillator	$2o$o2bo$3bo$4bo	36			search
oscillator	$2o$o2b2o	36			search
oscillator	$2o$o2b2o2$bo	36			search
oscillator	$2o$o2b2o2$3bo	36			search
oscillator	$2o$o2bo$4bo	168			search
oscillator	$2o$o2bobo$2bo	140			search
oscillator	$2o$o$3bo$2o	40			search
oscillator	$2o$o$3bo$bobo	48			search
oscillator	$2o$o$3bo$bob2o	24			search
oscillator	$2o$o$3bo$3bo$bo	48			search
oscillator	$2o$o$3bo$3b2o	24			search
oscillator	$2o$o$3b2o	48			search
oscillator	$2o$o$3b2o$3bo	24			search
oscillator	$2o$o2$3bo	24			search
oscillator	$2o$o3bo$3bo$3b2o	24			search
oscillator	$2o$o3bo$4bo$3bo	24			search
oscillator	$2o$o3b2o$3bo	24			search
oscillator	$2o$o$4bo$bobo	24			search
oscillator	$2o$o$4bo$2b2o	24			search
oscillator	$2o$o$4bo$3bo	24			search
oscillator	$2o$o$4bo$3b2o	24			search
oscillator	$2o$bo$o$o	16			search
oscillator	$2o$bo$o$o2bo	16			search
oscillator	$2o$bo$o2bo$4bo	36			search
oscillator	$2o$bo2$o$o	32			search
oscillator	$2o$b2o	28			search
oscillator	$2o$b2o$o	32			search
oscillator	$2o$b2o$obo	14			search
oscillator	$2o$b2o$obo$4bo	28			search
oscillator	$2o$b2o$o$4bo	32			search
oscillator	$2o$b2o$o4bo$4bo	420			search
oscillator	$2o$b2o2$o	28			search
oscillator	$2o$b2o2$o2bo	28			search
oscillator	$2o$b2o$bo2$o$o	244			search
oscillator	$2o$b2o2$bo	28			search
oscillator	$2o$b2o2$bobo	28			search
oscillator	$2o$b3o$obo	14			search
oscillator	$2o$b3o$o$4bo	44			search
oscillator	$2o$b2o2$3bo	28			search
oscillator	$2o$b2obo$o4bo$4bo	172			search
oscillator	$2o$b2obo$4bo	76			search
oscillator	$2o$b2o$4bo	56			search
oscillator	$2o$b2o$4bo$o	56			search
oscillator	$2o$bobo$obo	20			search
oscillator	$2o$bobo$o$4bo	24			search
oscillator	$2o2$bo$o	24			search
oscillator	$2o2$bo$2o	32			search
oscillator	$2o2$bo$2o$bo	84			search
oscillator	$2o2$bo$3o	120			search
oscillator	$2o2$bo$obo	24			search
oscillator	$2o2$bo$ob2o	24			search
oscillator	$2o2$bo2$2o$o	88			search
oscillator	$2o2$bo$bo	28			search
oscillator	$2o2$bo$bo$bo	32			search
oscillator	$2o2$bo$bo$bo$o	100			search
oscillator	$2o2$b2o	28			search
oscillator	$2o2$b2o$obo	48			search
oscillator	$2o2$b3o	32			search
oscillator	$2o2$b3o$o	40			search
oscillator	$2o2$b3o$obo	80			search
oscillator	$2o2$bobo$2o	40			search
oscillator	$2o2$bobo$2b2o	24			search
oscillator	$2o2$bob2o$2bo	24			search
oscillator	$2o2$bo2bo$2b2o	24			search
oscillator	$3o$obo	24			search
oscillator	$3o$obo2$bo	24			search
oscillator	$3o$obo3$bo	24			search
oscillator	$3o$obo$2bo	36			search
oscillator	$3o$obo$2bo$2bo	56			search
oscillator	$3o$ob2o	40			search
oscillator	$3o$ob2o$bo	56			search
oscillator	$3o$obo$3bo	24			search
oscillator	$3o$obo2$3bo	24			search
oscillator	$3o2$obo$4bo	104			search
oscillator	$3o$bo$o	104			search
oscillator	$3o$bo$obo	32			search
oscillator	$3o$bo$o2bo$4bo	44			search
oscillator	$3o$bo$o$4bo	104			search
oscillator	$3o$bo$bo$o	28			search
oscillator	$3o$b2o$o	20			search
oscillator	$3o$2bo$o$bo	56			search
oscillator	$3o$2bo$bo$o	24			search
oscillator	$3o$2bo$bo$o$bo	24			search
oscillator	$3o$2bo$b2o	32			search
oscillator	$3o$2b2o$obo	20			search
oscillator	$4o$bo$2bo	16			search
oscillator	$3o$3bo$obo	14			search
oscillator	$3o$3bo$o$4bo	24			search
oscillator	$3o2$3bo$o3bo	112			search
oscillator	$3o2$3bo$2bobo	112			search
oscillator	$3o2$3bo$4bo	112			search
oscillator	$3obo2$o	28			search
oscillator	$3obo2$o2bo	100			search
oscillator	$3obo$bo$o	112			search
oscillator	$3obo2$3bo$o	112			search
oscillator	$3obo2$3bo$2bo	112			search
oscillator	$3obo2$3b2o$o	720			search
oscillator	$3obo2$3bo$4bo	112			search
oscillator	$3o$4bo$o2bo$4bo	80			search
oscillator	$2o$2bo$3o$2bo	92			search
oscillator	$2o$2bo$o$bo	56			search
oscillator	$2o$2bo$o2bo$bo	56			search
oscillator	$2o$2bo2$ob2o	32			search
oscillator	$2o$2bo$bo$o	24			search
oscillator	$2o$2bo$bo$2o	40			search
oscillator	$2o$2bo$bo$3o$bo	76			search
oscillator	$2o$2bo$bo$o$bo	24			search
oscillator	$2o$2bo$bo$obo	24			search
oscillator	$2o$2bo$bo$bo$bo	40			search
oscillator	$2o$2bo$b2o	32			search
oscillator	$2o$2bo$b2o$o	40			search
oscillator	$2o$2bo$b2o$obo	168			search
oscillator	$2o$2bo$b2o2$bo	40			search
oscillator	$2o$2bo$b2o$2bo	40			search
oscillator	$2o$2bo$b2o$2bo$bo	80			search
oscillator	$2o$2bo$b3o	28			search
oscillator	$2o$2bo$bo$2b2o	24			search
oscillator	$2o$2bo$bobo$o	24			search
oscillator	$2o$2bo$bo2bo	48			search
oscillator	$2o$2bo$bo2bo$o	48			search
oscillator	$2o$2bo$bo2bo$2bo	24			search
oscillator	$2o$2bo$bo2b2o	24			search
oscillator	$2o$2bo$2bo2$2o	80			search
oscillator	$2o$2bo2$2b2o$2bo	24			search
oscillator	$2o$2bo$3bo$2b2o	24			search
oscillator	$2o$2bo$3bo$2b3o	16			search
oscillator	$2o$2bo$3b3o$2bo	84			search
oscillator	$2o$2bobo$bo2bo	24			search
oscillator	$2o$2bobo$3b2o	40			search
oscillator	$2o$2bobo$4bo$2bo	32			search
oscillator	$2o$2bob2o	24			search
oscillator	$2o$2bob2o$4bo	16			search
oscillator	$2o$2bo$4bo	16			search
oscillator	$2o$2bo$4b2o	24			search
oscillator	$2o$2bo2bo$bo3bo	24			search
oscillator	$2o$2bo2bo$5bo	24			search
oscillator	$2obo$o2$2o	36			search
oscillator	$2obo$3o$bo	112			search
oscillator	$2obo$2ob2o	56			search
oscillator	$2obo$o$b2obo	308			search
oscillator	$2obo$o$bo$2bo	104			search
oscillator	$2obo$o2$bobo	32			search
oscillator	$2obo$obo	32			search
oscillator	$2obo$obo$bo	104			search
oscillator	$2obo$obo$b2o	144			search
oscillator	$2obo$obo$bob2o	728			search
oscillator	$2obo$obo$bo2bo	208			search
oscillator	$2obo$obo2$bo	32			search
oscillator	$2obo$obo$2bo	48			search
oscillator	$2obo$obo$2bo$2bo	216			search
oscillator	$2obo$obo$2b2o	228			search
oscillator	$2obo$obo2$2bo$3bo	32			search
oscillator	$2obo$ob2o	40			search
oscillator	$2obo$ob2o$bo	208			search
oscillator	$2obo$ob3o	244			search
oscillator	$2obo$obo$3bo	32			search
oscillator	$2obo$obo$3b2o	224			search
oscillator	$2obo$obo$3bobo$4bo	160			search
oscillator	$2obo$obo2$3bo	32			search
oscillator	$2obo$obobo	32			search
oscillator	$2obo$obobo$b2o	408			search
oscillator	$2obo$obobo$2bo$2bo	56			search
oscillator	$2obo$obobo$2b2o	928			search
oscillator	$2obo$obo$4bo	32			search
oscillator	$2obo$o$2bo	72			search
oscillator	$2obo$o$2bo$bo	88			search
oscillator	$2obo$o$2b2o	52			search
oscillator	$2obo$o2bo$2bo	28			search
oscillator	$2obo$o2bo$3bo	236			search
oscillator	$2obo$o2b2o$3bo	208			search
oscillator	$2obo$o$3bo$3bo	32			search
oscillator	$2obo$o$3bo$3b2o	32			search
oscillator	$2obo$o$3b2o	32			search
oscillator	$2obo$o2$3bo	32			search
oscillator	$2obo$o3bo	32			search
oscillator	$2obo$o3bo$bo	104			search
oscillator	$2obo$o3bo$b2o	308			search
oscillator	$2obo$o3bo2$bo	32			search
oscillator	$2obo$o3bo$2bo	72			search
oscillator	$2obo$o3bo$2b2o	236			search
oscillator	$2obo$o3bo2$3bo	32			search
oscillator	$2obo$o3bo$4bo	32			search
oscillator	$2obo$o3b2o	32			search
oscillator	$2obo$o$4bo$3bo	32			search
oscillator	$2obo$b2o$o$4bo	420			search
oscillator	$2obo$b2o2$o	56			search
oscillator	$2obo$b2o2$o2bo	56			search
oscillator	$2obo$b2o2$bo	56			search
oscillator	$2obo$b2o2$bobo	56			search
oscillator	$2obo$b2o2$3bo	56			search
oscillator	$2obo$b2obo	56			search
oscillator	$2obo$b2obo$o	514			search
oscillator	$2obo$b2obo2$o	56			search
oscillator	$2obo$b2obo2$bo	56			search
oscillator	$2obo$b2obo2$3bo	56			search
oscillator	$2obo$b2o$4bo	112			search
oscillator	$2obo$b2o$4bo$o	112			search
oscillator	$2obo$bo$2bobo	56			search
oscillator	$2obo2$bo$2o	40			search
oscillator	$2obo2$bo$obo	32			search
oscillator	$2obo2$b2o	36			search
oscillator	$2obo2$b2o$obo	184			search
oscillator	$2obo2$b3o	48			search
oscillator	$2obo2$bo$2bo	32			search
oscillator	$2obo2$bo$2b2o	32			search
oscillator	$2obo$2bo	24			search
oscillator	$2obo$2bo$2o	132			search
oscillator	$2obo$2bo$o$bo	56			search
oscillator	$2obo$2bo$bo	32			search
oscillator	$2obo$2bo$bo$o	32			search
oscillator	$2obo$2bo$b2o	48			search
oscillator	$2obo$2bo$bo$2bo	32			search
oscillator	$2obo$2bo$bob2o	224			search
oscillator	$2obo$2bo$bo2bo	32			search
oscillator	$2obo$2bo2$2b2o	24			search
oscillator	$2obo$2b2o	40			search
oscillator	$2obo$2b2o$bo	24			search
oscillator	$2obo$2b2o2$3bo	160			search
oscillator	$2obo$2b3o	44			search
oscillator	$2obo$2b3o$2bo	368			search
oscillator	$2obo$2b3o$3bo	72			search
oscillator	$2obo$2b2o$5bo$2bo	56			search
oscillator	$2obo$2bo2$3bo$3bo	24			search
oscillator	$2obo$2bobo	24			search
oscillator	$2obo$2bobo$bo	32			search
oscillator	$2obo$2bobo$b2o	112			search
oscillator	$2obo$2bobo$3bo	24			search
oscillator	$2obo$2bo$4bo	48			search
oscillator	$2obo$2bo$4bo$2bo	24			search
oscillator	$2obo$2bo$4bo$3bo	24			search
oscillator	$2obo$2bo$4b2o	24			search
oscillator	$2obo$2bo2bo$5bo	24			search
oscillator	$2obo2$2bo$2o	72			search
oscillator	$2obo2$2bo$o2bo	72			search
oscillator	$2obo$3bo$b2o	136			search
oscillator	$2obo$3b2o$b2o	28			search
oscillator	$2obo$3b2o$2bo	64			search
oscillator	$2ob2o$obo	24			search
oscillator	$2ob2o$obobo	244			search
oscillator	$2ob2o$obobo$bo	516			search
oscillator	$2ob2o$o$2bo	132			search
oscillator	$2ob2o$o3bo	76			search
oscillator	$2ob2o$o3bo2$bo	76			search
oscillator	$2ob2o$o3bo2$3bo	76			search
oscillator	$2ob2o$b2obo	56			search
oscillator	$2ob2o$2bo$bo	48			search
oscillator	$2ob2o$2b2o	332			search
oscillator	$2ob2o$2b3o	244			search
oscillator	$2ob2o$2b3o$3bo	88			search
oscillator	$2ob2o$2bobo	32			search
oscillator	$2ob2o$2bobo$3bo$4bo	324			search
oscillator	$2ob2o$3bo$2bo	152			search
oscillator	$2ob2o$3b2o	28			search
oscillator	$2ob2o$3b2o$3bo	68			search
oscillator	$2ob2o$4bo	32			search
oscillator	$2ob2o$4bo$bo	40			search
oscillator	$2ob2o$4bo$2bo	60			search
oscillator	$2ob2o$4bo$3bo	32			search
oscillator	$2ob3o$2bo	64			search
oscillator	$2ob3o$2bobo	264			search
oscillator	$2ob3o2$2bo	40			search
oscillator	$2ob3o$4bo	108			search
oscillator	$2obo$4bo	24			search
oscillator	$2obo$4bo$2o	88			search
oscillator	$2obo$4bo$o$bo	56			search
oscillator	$2obo$4bo$bo	32			search
oscillator	$2obo$4bo$bo$o	32			search
oscillator	$2obo$4bo$bo$bo	36			search
oscillator	$2obo$4bo$b2o	36			search
oscillator	$2obo$4bo$b3o	112			search
oscillator	$2obo$4bo$bo$2bo	32			search
oscillator	$2obo$4bo$3b2o	24			search
oscillator	$2obo$4bo$4bo$3bo	24			search
oscillator	$2obo$4bo$4bo$4bo	24			search
oscillator	$2obo$4b2o	24			search
oscillator	$2obo$4b2o$3bo	24			search
oscillator	$2obo2$4bo$2b2o	24			search
oscillator	$2obobo$b2o	56			search
oscillator	$2obobo$b2obo	56			search
oscillator	$2obobo$2b3o	104			search
oscillator	$2obobo$3b2o	48			search
oscillator	$2obobo$3b2o$bo	176			search
oscillator	$2o$3bo$o3bo$bo	56			search
oscillator	$2o$3bo$bo$2o	32			search
oscillator	$2o$3bo$bo$3o	120			search
oscillator	$2o$3bo$b2o	28			search
oscillator	$2o$3bo$b2o$o	36			search
oscillator	$2o$3bo$bobo$o	64			search
oscillator	$2o$3bo$bo2bo	168			search
oscillator	$2o$3bo$bo2bo$o	168			search
oscillator	$2o$3bo$bo2bo$2bo	48			search
oscillator	$2o$3bo$2bo$obo	40			search
oscillator	$2o$3bo$3bo$2o	80			search
oscillator	$2o$3b2o$2bo	28			search
oscillator	$2o$3b2o$2bo2bo	20			search
oscillator	$2o2$3bo$ob3o	72			search
oscillator	$2o2$3bo$2b2o$3bo	24			search
oscillator	$2o2$3bo$2b3o	24			search
oscillator	$2o2$3b2o$2b2o	16			search
oscillator	$2o2bo$ob2o$bo	60			search
oscillator	$2o2bo$obo$3bo	76			search
oscillator	$2o2bo$obo$3bobo	40			search
oscillator	$2o2bo$obobo	48			search
oscillator	$2o2bo$o2bo$3bo	228			search
oscillator	$2o2bo$o2b2o	40			search
oscillator	$2o2bo$o3bo	36			search
oscillator	$2o2bo$o3bo$2bo	228			search
oscillator	$2o2bo$o3bo$3bo	48			search
oscillator	$2o2bo$2b2o	44			search
oscillator	$2o2bo$2b3o	100			search
oscillator	$2o2bo$2bo$3bo$4bo	28			search
oscillator	$2o2bo$2bobo$bo	72			search
oscillator	$2o2bo$3bo	28			search
oscillator	$2o2bo$3bo$bo	36			search
oscillator	$2o2bo$3bo$bo$o	36			search
oscillator	$2o2bo$3bo$b2o	40			search
oscillator	$2o2bo$3bo$bo$2bo	36			search
oscillator	$2o2bo$3bo$bobo	232			search
oscillator	$2o2bo$3bo$3bo$2bo	40			search
oscillator	$2o2bo$3bo$3bo$4bo	52			search
oscillator	$2o2bo$3b2o	32			search
oscillator	$2o2bo$3b2o$bo	40			search
oscillator	$2o2bo$3b2o$3bo	56			search
oscillator	$2o2bo$4bo$bo$o	72			search
oscillator	$2o2bo$4bo$bo$2bo	72			search
oscillator	$2o2bo$4bo$2bo2bo	20			search
oscillator	$2o2bo$4bo$4bo$2bo	52			search
oscillator	$2o2b2o$2bo2bo	100			search
oscillator	$2o2b2o2$2bo2bo	36			search
oscillator	$2o2b2o$3bo$2bo	64			search
oscillator	$2o$4bo$3bo$2b3o	24			search
oscillator	$2o$4b4o	256			search
oscillator	$2o3bo$obo$3bobo	40			search
oscillator	$2o3bo$b2o2bo$5bo	132			search
oscillator	$2o3bo$2bo$4b2o	32			search
oscillator	$2o3bo$2bo2bo$5bo	32			search
oscillator	$2o3bo$3bo$2bo2bo	32			search
oscillator	$2o3bo$3b2o$2bo	32			search
oscillator	$o$bo2$o	28			search
oscillator	$o$bo2$o$o$o	64			search
oscillator	$o$bo2$o2$2o	168			search
oscillator	$o$bo2$2o	64			search
oscillator	$o$bo2$2o2$o	160			search
oscillator	$o$bo2$o$bo$2o	572			search
oscillator	$o$bo2$o$bo$2bo	16			search
oscillator	$o$bo2$obo$2bo	168			search
oscillator	$o$bo2$o2bo	28			search
oscillator	$o$bo3$2o$o	32			search
oscillator	$o$bo2$bo	28			search
oscillator	$o$bo2$bo$o$o	240			search
oscillator	$o$bo2$bo2$2o	140			search
oscillator	$o$bo2$bo$bo$o	144			search
oscillator	$o$bo2$bo$2bo$o	112			search
oscillator	$o$bo2$bobo	28			search
oscillator	$o$bo3$bo$2o	168			search
oscillator	$o$bo3$bo$3o	168			search
oscillator	$o$bo3$bo$bo	112			search
oscillator	$o$bo3$bo$b2o	56			search
oscillator	$o$bo3$b2o$bo	56			search
oscillator	$o$bo3$b2o$2bo	28			search
oscillator	$o$bo3$bo$2bo	28			search
oscillator	$o$b2o$o$o2$bo	48			search
oscillator	$o$b2o$obo	24			search
oscillator	$o$b2o$bo$obo	168			search
oscillator	$o$b2o$bo$o2$2bo	168			search
oscillator	$o$bo$2bo$o2bo	44			search
oscillator	$o$bo$2bo2$bo$2bo	144			search
oscillator	$o$bo$2bo3$2bo	16			search
oscillator	$o$bo2$2bo$bo$b2o	84			search
oscillator	$o$bo2$2bo$b2o	168			search
oscillator	$o$bobo$o2bo$4bo	24			search
oscillator	$o$bobo$3bo$o3bo	224			search
oscillator	$o$bobo$3bo$4bo	184			search
oscillator	$o$bob2o$3bo$4bo	32			search
oscillator	$o$bobo$4bo$o	28			search
oscillator	$o$bobo$4bo$obo	280			search
oscillator	$o$bo$3bo$ob2o	224			search
oscillator	$o$bo$3bo$o2bo	112			search
oscillator	$o$bo$3bo$o2b2o	56			search
oscillator	$o$bo$3bo$bobo	112			search
oscillator	$o$bo$3bo$bob2o	56			search
oscillator	$o$bo$3bo$3b2o	56			search
oscillator	$o$bo$3b2o$o2bo	56			search
oscillator	$o$bo$3b2o$bobo	56			search
oscillator	$o$bo$3b2o$3bo	56			search
oscillator	$o$bo$3b2o$3b2o	28			search
oscillator	$o$bo2$3bo	28			search
oscillator	$o$bo2bo$3bo$o2b2o	84			search
oscillator	$o$bo2bo$3bo$bob2o	84			search
oscillator	$o$bo2bo$3bo$3b2o	84			search
oscillator	$o$bo2bo$3b2o$o	168			search
oscillator	$o$bo2bo$3b2o$bo	168			search
oscillator	$o$bo2bo$3b2o$3bo	56			search
oscillator	$o2$bo$o	16			search
oscillator	$o2$bo$o$o$o	48			search
oscillator	$o2$bo$o2$2o	48			search
oscillator	$o2$bo$o3$2o$o	32			search
oscillator	$o2$bo$2o	28			search
oscillator	$o2$bo$2o$o	52			search
oscillator	$o2$bo$2o$o$o	1032			search
oscillator	$o2$bo$2o$2o	24			search
oscillator	$o2$bo$2o$2o$o	320			search
oscillator	$o2$bo$2o2$o	72			search
oscillator	$o2$bo$2o$bo	44			search
oscillator	$o2$bo$o$bo2$2o$o	112			search
oscillator	$o2$bo$o$bo$bo	112			search
oscillator	$o2$bo$o$bo$2bo	16			search
oscillator	$o2$bo$o2$bo$bo$o	32			search
oscillator	$o2$bo$obo	16			search
oscillator	$o2$bo$obo$bo	16			search
oscillator	$o2$bo$obo$2bo	48			search
oscillator	$o2$bo$ob2o	48			search
oscillator	$o2$bo$o$2bo$bo	48			search
oscillator	$o2$bo$o$2bo$2bo$bo$o	80			search
oscillator	$o2$bo$bo	24			search
oscillator	$o2$bo$bo$o	24			search
oscillator	$o2$bo$bo$o$o	48			search
oscillator	$o2$bo$bo$2o	132			search
oscillator	$o2$bo$bo2$2o	192			search
oscillator	$o2$bo$bo3$2o	40			search
oscillator	$o2$bo$bo$bo$2bo	28			search
oscillator	$o2$bo$bo2$bo$bo$o	96			search
oscillator	$o2$bo$b2o	32			search
oscillator	$o2$bo$b2o$o	30			search
oscillator	$o2$bo$b2o$bo$obo	216			search
oscillator	$o2$bo$b2o$b2o$2bo	72			search
oscillator	$o2$bo$b2o$bo$2bo	72			search
oscillator	$o2$bo$b2o$bo$2bo$bo	216			search
oscillator	$o2$bo2$bo$2o$bo	48			search
oscillator	$o2$bo2$bo$3o	48			search
oscillator	$o2$bo2$bo$2bo$2o$o	144			search
oscillator	$o2$b2o$3o	342			search
oscillator	$o2$b2o$3o2$2bo	684			search
oscillator	$o2$b2o$obo	28			search
oscillator	$o2$b2o$obo$2o	36			search
oscillator	$o2$b2o$obo$bo	48			search
oscillator	$o2$b2o$bo	60			search
oscillator	$o2$b2o$bo$bo$2bo	132			search
oscillator	$o2$b2o$b2o	52			search
oscillator	$o2$b2o$b2o$bo$2bo	324			search
oscillator	$o2$b2o2$bo$2bo	28			search
oscillator	$o2$b2o2$bobo$2bo	24			search
oscillator	$o2$b2o$2bo	32			search
oscillator	$o2$b2o$2bo$o	36			search
oscillator	$o2$b2o$2bo$o$o	80			search
oscillator	$o2$b2o$2b2o	68			search
oscillator	$o2$b2o$2bo$3bo$2bo	60			search
oscillator	$o2$b2o2$2bo$o	48			search
oscillator	$o2$b3o$2o	32			search
oscillator	$o2$b3o$obo	16			search
oscillator	$o2$b3o$o3bo	32			search
oscillator	$o2$b3o$2bo	16			search
oscillator	$o2$b3o$2bobo	16			search
oscillator	$o2$b4o$4bo	28			search
oscillator	$o2$b3o$4bo	28			search
oscillator	$o2$b2obo$2b2o	84			search
oscillator	$o2$bo$2bo	16			search
oscillator	$o2$bo$2bo$bo$b2o	48			search
oscillator	$o2$bo$2bo$b2o	48			search
oscillator	$o2$bo$2bo2$b2o	48			search
oscillator	$o2$bo$2bo$2bo	16			search
oscillator	$o2$bo$2b2o	16			search
oscillator	$o2$bobo$3obo	32			search
oscillator	$o2$bobo$ob2o	32			search
oscillator	$o2$bobo$ob3o	144			search
oscillator	$o2$bobo$2b2o	48			search
oscillator	$o2$bobo$2b3o	48			search
oscillator	$o2$bob2o$2b2o	16			search
oscillator	$o2$bo2bo$obobo	32			search
oscillator	$o3$b2o$o$o	48			search
oscillator	$obo$2o2$obo$bo	48			search
oscillator	$obo$2o$b2o	164			search
oscillator	$obo$o$bo$o	28			search
oscillator	$obo$o$bo$3o	108			search
oscillator	$obo$o$bo$obo	28			search
oscillator	$obo$o$bo$o2bo	56			search
oscillator	$obo$o$bo$o3bo	28			search
oscillator	$obo$o$bo$bo	16			search
oscillator	$obo$o$b2o$bo	16			search
oscillator	$obo$o$b2o$2bo	148			search
oscillator	$obo$o$bo$2bo	28			search
oscillator	$obo$o$bo$2bobo	28			search
oscillator	$obo$o$bo$4bo	28			search
oscillator	$obo$obo$bo$obo	104			search
oscillator	$obo$obo$bo$3bo	516			search
oscillator	$obo$o3bo$bo2bo	76			search
oscillator	$obo$o3bo$bo2bo$o	76			search
oscillator	$obo2$2o$2bo	28			search
oscillator	$obo2$2o$2bobo	28			search
oscillator	$obo$bo$o$4bo	32			search
oscillator	$obo$bo2$2o	72			search
oscillator	$obo$b2o$obo	16			search
oscillator	$obo$b2o$3bo$4bo	32			search
oscillator	$obo$bo$2bo$o	24			search
oscillator	$obo$bo2bo$o4bo$4bo	152			search
oscillator	$obo$bo3bo$o$4bo	172			search
oscillator	$obo$2bo$obo	24			search
oscillator	$obo$2bo$b2o	84			search
oscillator	$ob2o$o$bo$o	56			search
oscillator	$ob2o$o$bo$bo	16			search
oscillator	$ob2o$o$bo$2bo	56			search
oscillator	$ob2o$o$bo$3bo$bo	112			search
oscillator	$ob2o$o$bo2bo	112			search
oscillator	$ob2o$o$bo$4bo	56			search
oscillator	$ob2o$o3bo$bo	56			search
oscillator	$ob2o$bo2$2o	240			search
oscillator	$ob2o$bo2bo$o	68			search
oscillator	$ob2o2$2b3o	56			search
oscillator	$ob2o$3b2o2$o	112			search
oscillator	$ob2o$3b2o2$2bo	112			search
oscillator	$ob2o$3b2o2$4bo	112			search
oscillator	$ob2o2$3bo$o2bo	248			search
oscillator	$ob2o2$3bo$3bo$bo	248			search
oscillator	$ob2o2$3b2o	248			search
oscillator	$ob4o$4bo	44			search
oscillator	$ob2obo$o$bo2bo	112			search
oscillator	$ob2obo2$o2bo	32			search
oscillator	$obo$3bo$o2bo$4bo	24			search
oscillator	$obo$3bo$o$4bo	36			search
oscillator	$obo$3bo$o4bo$4bo	76			search
oscillator	$obo$3bo2$obobo	112			search
oscillator	$obo$3bo2$o3bo	112			search
oscillator	$obo$3bo2$2bobo	112			search
oscillator	$obo$3bo2$4bo	112			search
oscillator	$obo2$3b2o$3b2o	40			search
oscillator	$obobo$4bo$b2o	144			search
oscillator	$obo2bo$3bobo$2bo	196			search
oscillator	$o$2bo$4o	56			search
oscillator	$o$2bo$o$bob2o	28			search
oscillator	$o$2bo$o2bo$bobo	28			search
oscillator	$o$2bo$o2b2o$bo	28			search
oscillator	$o$2bo$bo$2o	32			search
oscillator	$o$2bo$bo$2o$o	48			search
oscillator	$o$2bo$bo$obo$o	32			search
oscillator	$o$2bo$bo$ob2o	32			search
oscillator	$o$2bo$bo$bo$o	28			search
oscillator	$o$2bo$bo$bo$bo	32			search
oscillator	$o$2bo$bo$b2o	36			search
oscillator	$o$2bo$bo$b2o$o$o	144			search
oscillator	$o$2bo$b2o	28			search
oscillator	$o$2bo$b2o$o	32			search
oscillator	$o$2bo$b2o$o$o	48			search
oscillator	$o$2bo$b2o$obo	16			search
oscillator	$o$2bo$b2o2$o	28			search
oscillator	$o$2bo$b2o$b2o	64			search
oscillator	$o$2bo$b2o$2bo	16			search
oscillator	$o$2bo$b3o$o	28			search
oscillator	$o$2bo$b3o$4bo	24			search
oscillator	$o$2bo$bo$2bo$2bo	48			search
oscillator	$o$2bo$bo$2b2o	48			search
oscillator	$o$2bo$bobo$2o	28			search
oscillator	$o$2bo$bobo$o2bo	112			search
oscillator	$o$2bo$bobo$b2obo	32			search
oscillator	$o$2bo$bobo$bo2bo	24			search
oscillator	$o$2bo$bobo$2b2o	48			search
oscillator	$o$2bo$bob2o$2bo	48			search
oscillator	$o$2bo$bo2bo$o2bo	48			search
oscillator	$o$2bo$bo2bo$2b2o	16			search
oscillator	$o$2bo$bo2bo$3bo	48			search
oscillator	$o$2bo$2bo$o$b2o	112			search
oscillator	$o$2bo$2bo$o$2bo$bo	128			search
oscillator	$o$2bo$2bo2$2o	32			search
oscillator	$o$2bo$2bo2$2o$2bo	32			search
oscillator	$o$2bo$2bo$bo$2bo	112			search
oscillator	$o$2b2o$bo$obo	32			search
oscillator	$o$2b2o$b2o$bo	48			search
oscillator	$o$2b2o$3b2o	94			search
oscillator	$o$2bo$3b2o$2b2o	304			search
oscillator	$o$2bobo$bo2bo$o	48			search
oscillator	$o$2bobo$bo2bo$2bo	32			search
oscillator	$o2$2bo$obo$bo$2bo	44			search
oscillator	$o2$2bo$bo$2bo	56			search
oscillator	$o2$2bo$2bo$2bo$o	48			search
oscillator	$o2bo$obo$b2o	32			search
oscillator	$o2bo$obo$2bo$obo	216			search
oscillator	$o2bo$obo$2b2o	72			search
oscillator	$o2bo$obo$2b2o$4bo	72			search
oscillator	$o2bo$ob2o	72			search
oscillator	$o2bo$ob2o2$o	80			search
oscillator	$o2bo$ob2o2$obo	88			search
oscillator	$o2bo$ob2o$bo3bo$o	224			search
oscillator	$o2bo$ob2o$2b2o	72			search
oscillator	$o2bo$ob2o2$3bo	48			search
oscillator	$o2bo$ob3o	84			search
oscillator	$o2bo$ob3o2$o	96			search
oscillator	$o2bo$ob3o2$obo	24			search
oscillator	$o2bo$ob3o$bo	552			search
oscillator	$o2bo$ob3o$2bo	324			search
oscillator	$o2bo$ob3o2$3bo	48			search
oscillator	$o2bo$ob2o$5bo$o	96			search
oscillator	$o2bo$obobo$2b2o	48			search
oscillator	$o2bo$o$2b2o	72			search
oscillator	$o2bo$o$2b2o$o	80			search
oscillator	$o2bo$o$2b2o$4bo	72			search
oscillator	$o2bo$o$2b2obo$4bo	84			search
oscillator	$o2bo$o2bo$b2o	16			search
oscillator	$o2bo$o2bo$2bo	72			search
oscillator	$o2bo$o2bo$2bo$o	112			search
oscillator	$o2bo$o2b2o$2bo	48			search
oscillator	$o2bo$o2b2o$2bo$4bo	48			search
oscillator	$o2bo$o2b2o$2bo2bo	48			search
oscillator	$o2bo$o3bo$2b2o	84			search
oscillator	$o2bo$o3bo$2b2o$o	96			search
oscillator	$o2bo$o3bo$2b2o$4bo	84			search
oscillator	$o2bo$o3bo$3bo$3b2o	48			search
oscillator	$o2bo$o3bo$3b2o	48			search
oscillator	$o2bo$o3b2o$3bo	48			search
oscillator	$o2bo$b2o$2bo$o	140			search
oscillator	$o2bo$bo$2b2o	308			search
oscillator	$o2bo$bo$2b2o$o	272			search
oscillator	$o2bo$bobo$3bo	104			search
oscillator	$o2bo$bobo$3bo$o	60			search
oscillator	$o2bo$bobo$3bo$4bo	104			search
oscillator	$o2bo$bob2o$3bo$o	672			search
oscillator	$o2bo$bob2o$3bo$4bo	552			search
oscillator	$o2bo$bo$3bo$2o	60			search
oscillator	$o2bo$bo2bo$3bo$3b2o	84			search
oscillator	$o2bo$bo2bo$3b2o	168			search
oscillator	$o2bo2$b3o	36			search
oscillator	$o2bo2$b3o$o	40			search
oscillator	$o2bo2$b3o$2bo	48			search
oscillator	$o2bo2$b3o$4bo	36			search
oscillator	$o2bo2$bobo$3o	40			search
oscillator	$o2bo2$bobobo$b2obo	36			search
oscillator	$o2bo$2bo$bo$3o	168			search
oscillator	$o2bo$2bo$b2o	36			search
oscillator	$o2bo$2bo$b2o$o	40			search
oscillator	$o2bo$2bo$b2o$2bo	48			search
oscillator	$o2bo$2bo$b2o2bo	88			search
oscillator	$o2bo$2bo$bobo$3o	144			search
oscillator	$o2bo$2bo$2bo$obo	80			search
oscillator	$o2bo$2b2o2$obo	40			search
oscillator	$o2bo$2b2o2$o$3bo	40			search
oscillator	$o2bo$2b2o$bo$b2o	376			search
oscillator	$o2bo$2b2o$b2o	216			search
oscillator	$o2bo$2b2o$bo$2bo	200			search
oscillator	$o2bo$2b2o2$2bo	36			search
oscillator	$o2bo$2b3o2$obo	96			search
oscillator	$o2bo$2b4o	348			search
oscillator	$o2bo$2b2o$5bo$obo	96			search
oscillator	$o2bo$2bo$3bo$2b2o$2bo	160			search
oscillator	$o2bo$2bobo$bo$3o	72			search
oscillator	$o2bo$2bobo$b2o	84			search
oscillator	$o2bo$2bobo$b2o$o	96			search
oscillator	$o2bo$2bobo$b2o$2bo	48			search
oscillator	$o2bo$2bobo$bo2bo	48			search
oscillator	$o2bo2$2b2o$2o	40			search
oscillator	$o2bo2$2b2o$obo	80			search
oscillator	$o2bo2$2b2o$obo$3bo	52			search
oscillator	$o2bo2$2b2o$2bobo	72			search
oscillator	$o2bo$3bo$3o	112			search
oscillator	$o2bo$3bo$bo$2o	112			search
oscillator	$o2bo$3bo$bo$3o	144			search
oscillator	$o2bo$3bo$bo$b2o	32			search
oscillator	$o2bo$3bo$b2o	48			search
oscillator	$o2bo$3bo$b2o$o	112			search
oscillator	$o2bo$3bo$b2o$bo	240			search
oscillator	$o2bo$3bo$b2o$2bo	32			search
oscillator	$o2bo$3bo$b3o	216			search
oscillator	$o2bo$3bo$bo$2bo$2bo	112			search
oscillator	$o2bo$3bo$bo$2b2o	80			search
oscillator	$o2bo$3bo$bobo$b2o	376			search
oscillator	$o2bo$3bo$2bo$2o	72			search
oscillator	$o2bo$3bo$2bo$bo	32			search
oscillator	$o2bo$3bo$2bo$2bo	48			search
oscillator	$o2bo$3bo$3bo$2o	40			search
oscillator	$o2bo$3bo$3bo$obo	40			search
oscillator	$o2bo$3b2o$b2o	48			search
oscillator	$o2bo$3b2o$2bo$obo	28			search
oscillator	$o2bo$3b2o$3bo$2o	96			search
oscillator	$o2bo$3b2o$3bo$obo	96			search
oscillator	$o2bo$3b2o$3bo$bo2bo	36			search
oscillator	$o2bo$3b2o$3bo$2bobo	84			search
oscillator	$o2b2o$ob2o	28			search
oscillator	$o2b2o$o$2bo$bo	44			search
oscillator	$o2b2o$o$2bo$4bo	72			search
oscillator	$o2b2o$o$2bo2bo$4bo	168			search
oscillator	$o2b2o$bo$3bo$4bo	308			search
oscillator	$o2b2o2$bobo$2bobo	200			search
oscillator	$o2b2o2$bo2bo$2bo	80			search
oscillator	$o2b2o2$bo2b2o	112			search
oscillator	$o2b2o2$bo2b2o$o	112			search
oscillator	$o2b2o$3bo$bo$b2o	64			search
oscillator	$o2b2o$3bo$b2o	48			search
oscillator	$o2b2o$3bo$2bo$bo	64			search
oscillator	$o2b2o2$3bo$2bobo	36			search
oscillator	$o2b2o2$4bo$2b2o	360			search
oscillator	$o2b3o$obo	44			search
oscillator	$o2b3o$obo$bo	424			search
oscillator	$o2b3o$o$2bo	72			search
oscillator	$o2b3o2$2bobo	240			search
oscillator	$o2bo$4bo$b3o$o	96			search
oscillator	$o2bo$4bo$b3o$2bo	48			search
oscillator	$o2bo$4bo$b3o$4bo	84			search
oscillator	$o2bo$4bo$bobo$3o	96			search
oscillator	$o2bo$4bo$2b2o$bo2bo	36			search
oscillator	$o2bobo$obo$b2o	168			search
oscillator	$o2bobo$ob3o	56			search
oscillator	$o2bobo$obobo$b2o	184			search
oscillator	$o2bobo$o$2b2o	44			search
oscillator	$o2bobo$o2bo$2bo	72			search
oscillator	$o2bobo$o2b2o$2bo	96			search
oscillator	$o2bobo$o3bo$2b2o	112			search
oscillator	$o2bobo$bo2bo$2b2o	184			search
oscillator	$o$3bo$3o	56			search
oscillator	$o$3bo$o3bo$bo	28			search
oscillator	$o$3bo$bo$2o	28			search
oscillator	$o$3bo$bo$ob2o	112			search
oscillator	$o$3bo$b2o$o	28			search
oscillator	$o$3bo$b2o$obo	28			search
oscillator	$o$3bo$b2o$2b2o	68			search
oscillator	$o$3bo$b3o$bo	48			search
oscillator	$o$3bo$b3o$4bo	108			search
oscillator	$o$3bo$b2obo$o	72			search
oscillator	$o$3bo$bo$2b2o	80			search
oscillator	$o$3bo$bobo$obo	32			search
oscillator	$o$3bo$bobo$b2obo	64			search
oscillator	$o$3bo$bobo$2bobo	40			search
oscillator	$o$3bo$bo2bo$obo	80			search
oscillator	$o$3bo$bo2bo$2bo	16			search
oscillator	$o$3bo$2bo$3o	52			search
oscillator	$o$3bo$3bo$obobo	32			search
oscillator	$o$3bo$3bo$bo2bo	36			search
oscillator	$o$3bo$3bo$2b2o	248			search
oscillator	$o$3bo$3bo$2bobo	28			search
oscillator	$o$3bo$3b2o$bo2bo	36			search
oscillator	$o$3bo$3b2o$2bobo	28			search
oscillator	$o$3b2o$b2o$2bo	32			search
oscillator	$o2$3bo$2obo	32			search
oscillator	$o2$3bo$2ob2o	24			search
oscillator	$o3bo$ob2o2$obo	24			search
oscillator	$o3bo$ob3o	220			search
oscillator	$o3bo$obobo$2b2o	72			search
oscillator	$o3bo$obo$4bo$3bo	112			search
oscillator	$o3bo$o$2b2o$bo	48			search
oscillator	$o3bo$o2bo$2bo$o	28			search
oscillator	$o3bo$o2b2o$2bo	24			search
oscillator	$o3bo$o2b2o$3bo	176			search
oscillator	$o3bo$o2bo$4bo	112			search
oscillator	$o3bo$o3bo$2b2o	28			search
oscillator	$o3bo$bo$o2bo$4bo	28			search
oscillator	$o3bo$bobo$o$4bo	100			search
oscillator	$o3bo$bob2o$o	88			search
oscillator	$o3bo$bobo$4bo	28			search
oscillator	$o3bo$bobo$4bo$o	28			search
oscillator	$o3bo2$bo3bo$b2obo	32			search
oscillator	$o3bo$2bo$b3o	48			search
oscillator	$o3bo$2bo$bo2bo$3bo	112			search
oscillator	$o3bo$3bo$3o	56			search
oscillator	$o3bo$3bo$o3bo$bo	28			search
oscillator	$o3bo$3bo$b2o$o	28			search
oscillator	$o3bo$3bo$b2o2bo	72			search
oscillator	$o3bo$3bo$bo$2b2o	32			search
oscillator	$o3bo$3bo$bo2bo	112			search
oscillator	$o3bo$3bo$bo2bo$o	112			search
oscillator	$o3bo$3bo$2bo$2o	72			search
oscillator	$o3bo$3bo$2bo$obo	28			search
oscillator	$o3bo$3b2o$b2o	48			search
oscillator	$o3bo2$3bobo$2bobo	36			search
oscillator	$o3bo$4bo$3o	112			search
oscillator	$o3bo$4bo$b2o	48			search
oscillator	$o3bo$4bo$b2o$2bo	32			search
oscillator	$o3bo$4bo$bo2bo$2bo	80			search
oscillator	$o3b2o$obo$bo3bo	424			search
oscillator	$o3b2o$ob2o	28			search
oscillator	$o3b2o$o$2bo2bo	24			search
oscillator	$o3b2o$3b2o$2bo	332			search
oscillator	$o$4bo$bobo$2b3o	48			search
oscillator	$o$4bo$bob2o$2bo	32			search
oscillator	$o$4bo$bo2bo$2bobo	32			search
oscillator	$o$4bo$3b2o$2o	40			search
oscillator	$o4bo$ob3o	44			search
oscillator	$o4bo$ob2obo	416			search
oscillator	$o4bo$ob2o$5bo	44			search
oscillator	$o4bo$obo2bo$bo3bo	224			search
oscillator	$o4bo$o$2b2obo	44			search
oscillator	$o4bo$o2bo$2bo2bo	24			search
oscillator	$o4bo$o2b2o$2bo	24			search
oscillator	$o4bo$o$3b3o	32			search
oscillator	$o4bo$o3bo$2b2o	44			search
oscillator	$o4bo$bob2o$3bo	168			search
oscillator	$o4b2o$2bo$bo3bo	32			search
oscillator	bo	4			search
oscillator	bo$o$o	16			search
oscillator	bo$o$o2$o$o	28			search
oscillator	bo$o$o2$o$o2$bo	36			search
oscillator	bo$o$o2$2o$bo	28			search
oscillator	bo$o$o2$o$bo	24			search
oscillator	bo$o$o3$2o	16			search
oscillator	bo$o$o3$2o$o	48			search
oscillator	bo$o$o2$bo	16			search
oscillator	bo$o$o2$bo$bo	28			search
oscillator	bo$o$o2$bo$bo$o	36			search
oscillator	bo$o$o2$bobo	16			search
oscillator	bo$o$o2$bob2o	16			search
oscillator	bo$o$obo2$o$o	32			search
oscillator	bo$o$obo2$o2$b2o	248			search
oscillator	bo$o$obo2$bo$bo	32			search
oscillator	bo$o$obo$2b2o	24			search
oscillator	bo$o$obo3$2b2o	48			search
oscillator	bo$o$ob2o	28			search
oscillator	bo$o$ob2o2$o	32			search
oscillator	bo$o$ob2o$3bo	16			search
oscillator	bo$o$ob2o2$3bo	16			search
oscillator	bo$o$ob3o	40			search
oscillator	bo$o$obo$3bo$3bo$bo	112			search
oscillator	bo$o$obo$3b2o	112			search
oscillator	bo$o$o$2b2o$3bo	16			search
oscillator	bo$o$o$2b2o$4bo	28			search
oscillator	bo$o$o2bo	16			search
oscillator	bo$o$o2bo2$bo	16			search
oscillator	bo$o$o2bo2$b2o	156			search
oscillator	bo$o$o2bo2$bobo	16			search
oscillator	bo$o$o2bo$2bo	24			search
oscillator	bo$o$o2bo$2bo$o	28			search
oscillator	bo$o$o2bo$2bo$4bo	24			search
oscillator	bo$o$o2bo2$2b2o	80			search
oscillator	bo$o$o2bo$3bo	16			search
oscillator	bo$o$o2bo$3b2o	16			search
oscillator	bo$o$o2bo$3bo$4bo	16			search
oscillator	bo$o$o2bo2$3bo	16			search
oscillator	bo$o$o2b2o$2bo	72			search
oscillator	bo$o$o2bo$4bo	112			search
oscillator	bo$o$o2bo$4bo$2bo	16			search
oscillator	bo$o$o$3bo$bobo	16			search
oscillator	bo$o$o$3bo$bo2bo	16			search
oscillator	bo$o$o$3bo$2bo$2bo	48			search
oscillator	bo$o$o$3bo$2b2o	48			search
oscillator	bo$o$o$3bo$2b3o	48			search
oscillator	bo$o$o$3bo$3bo	16			search
oscillator	bo$o$o$3bo$3b2o	16			search
oscillator	bo$o$o$3b2o	16			search
oscillator	bo$o$o$3b2o$bo	16			search
oscillator	bo$o$o$3b2o$3bo	16			search
oscillator	bo$o$o$3b2o$4bo	16			search
oscillator	bo$o$o$3bo$4bo	16			search
oscillator	bo$o$o2$3bo	16			search
oscillator	bo$o$o3bo$3bo$3b2o	48			search
oscillator	bo$o$o3bo$3b2o	48			search
oscillator	bo$o$o3b2o$3bo	48			search
oscillator	bo$o$o$4bo$bobo	16			search
oscillator	bo$o$o$4bo$bo2bo	16			search
oscillator	bo$o$o$4bo$3bo	16			search
oscillator	bo$o$o$4bo$3b2o	16			search
oscillator	bo$o2$3o	56			search
oscillator	bo$o2$o$bo	28			search
oscillator	bo$2o$o	16			search
oscillator	bo$2o$o3$2o	16			search
oscillator	bo$2o$o2$bo	16			search
oscillator	bo$2o$o2$bobo	16			search
oscillator	bo$2o$obo2$bo	16			search
oscillator	bo$2o$obo3$bo	16			search
oscillator	bo$2o$obo$2bo	16			search
oscillator	bo$2o$obo2$3bo	16			search
oscillator	bo$2o$obo$4bo	16			search
oscillator	bo$2o$o2bo2$bo	16			search
oscillator	bo$2o$o2bo2$3bo	16			search
oscillator	bo$2o$o$3b2o	16			search
oscillator	bo$2o$o2$3bo	16			search
oscillator	bo$2o2$o$bo	28			search
oscillator	bo$2o$bo$o	12			search
oscillator	bo$2o$bo$obo	14			search
oscillator	bo$2o$bo$o$4bo	12			search
oscillator	bo$2o$b2o$obo	14			search
oscillator	bo$2o2$bo$o	16			search
oscillator	bo$2o2$bo$2o	208			search
oscillator	bo$2o2$bo$obo	16			search
oscillator	bo$2o2$bo$bo	108			search
oscillator	bo$2o2$b2o$bo	36			search
oscillator	bo$2o2$bo$2bo	16			search
oscillator	bo$2o2$bo$2b2o	16			search
oscillator	bo$2o2$bobo$2bo	16			search
oscillator	bo$2o2$bobo$3bo	16			search
oscillator	bo$2o2$bob2o	16			search
oscillator	bo$2o2$bobo$4bo	16			search
oscillator	bo$2o2$bo2bo$3bo	16			search
oscillator	bo$3o$obo	24			search
oscillator	bo$3o2$o2bo$3bo	38			search
oscillator	bo$3o2$o3bo	52			search
oscillator	bo$3o2$o$4bo	12			search
oscillator	bo$3o$bo$o	20			search
oscillator	bo$3o$b2o$o	20			search
oscillator	bo$3o$2bo$o	18			search
oscillator	bo$3o$2bo$o3bo	56			search
oscillator	bo$3o$2bo$o$4bo	36			search
oscillator	bo$3o$2bo$bo$b2o	58			search
oscillator	bo$3o$3bo$2bo	40			search
oscillator	bo$2o$2bo	4			search
oscillator	bo$2o$2bo$o$bo	28			search
oscillator	bo$2o$2bo$bo	16			search
oscillator	bo$2o$2bo$bo$o	16			search
oscillator	bo$2o$2bo$bo$o$bo	16			search
oscillator	bo$2o$2bo$b2o	188			search
oscillator	bo$2o$2bo$bo$2bo	16			search
oscillator	bo$2o$2bo2$2bo$2bo	24			search
oscillator	bo$2o$2bo2$2b2o$3bo	24			search
oscillator	bo$2o$2b2o	8			search
oscillator	bo$2o$2bo$3b2o	28			search
oscillator	bo$2o$2bo$3bo$4bo	4			search
oscillator	bo$2o$2bob2o	24			search
oscillator	bo$2o$2bo$4bo	16			search
oscillator	bo$2obo2$bo$2bo	16			search
oscillator	bo$2obo$2bo	24			search
oscillator	bo$2obo$2b3o	96			search
oscillator	bo$2obo$2bobo	24			search
oscillator	bo$2obo$3b2o$2bo	48			search
oscillator	bo$2obo2$3b2o	48			search
oscillator	bo$2obo2$3bo$4bo	24			search
oscillator	bo$2ob2o	52			search
oscillator	bo$2ob2o3$4bo	52			search
oscillator	bo$2obo$4bo	24			search
oscillator	bo$2obo$4bo$bo	16			search
oscillator	bo$2obo$4bo$3bo	24			search
oscillator	bo$2obo$4bo$4bo	24			search
oscillator	bo$2obo2$4bo$3bo	24			search
oscillator	bo$2o$3bo	4			search
oscillator	bo$2o$3bo$o$bo	28			search
oscillator	bo$2o$3bo$bo$o	16			search
oscillator	bo$2o$3bo$bo$2bo	16			search
oscillator	bo$2o$3bo2$2b2o	20			search
oscillator	bo$2o$3bo$3bo$4bo	8			search
oscillator	bo$2o$3bo$4bo$2bo	16			search
oscillator	bo$2o2$3bo$2b2o	24			search
oscillator	bo$2o2$3bo$2b3o	24			search
oscillator	bo$2o2$3bo$3b2o	8			search
oscillator	bo$2o2$3b2o$3bo	8			search
oscillator	bo$2o2$3b2o$4bo	4			search
oscillator	bo$2o2$3bo$4bo	4			search
oscillator	bo$2o$4bo$3bo$3b2o	12			search
oscillator	bo$2o$4bo$3b2o	24			search
oscillator	bo$o$b2o$o2b2o	28			search
oscillator	bo$o2$bo$o	16			search
oscillator	bo$o2$bo$2o	28			search
oscillator	bo$o2$bo$2o3$bo	72			search
oscillator	bo$o2$bo$3o	72			search
oscillator	bo$o2$bo$obo	16			search
oscillator	bo$o2$bo$obo$o	32			search
oscillator	bo$o2$bo$ob2o	48			search
oscillator	bo$o2$bo$bo	24			search
oscillator	bo$o2$bo$bo$bo	28			search
oscillator	bo$o2$bo$b2o	32			search
oscillator	bo$o2$bo$b2o$bo$o	216			search
oscillator	bo$o2$b2o$obo	28			search
oscillator	bo$o2$b2o$bo	60			search
oscillator	bo$o2$b2o$b2o	52			search
oscillator	bo$o2$b2o$2bo	32			search
oscillator	bo$o2$b2o$2b2o	68			search
oscillator	bo$o2$b3o$4bo	28			search
oscillator	bo$o2$bo$2bo	16			search
oscillator	bo$o2$bo$2b2o	16			search
oscillator	bo$o2$bobo$2b2o	48			search
oscillator	bo$o2$bobo$2b2o$3bo	48			search
oscillator	bo$o2$bobo$2b3o	48			search
oscillator	bo$obo$2bo$o2b2o	28			search
oscillator	bo$o$2bo$o$bo	28			search
oscillator	bo$o$2bo$o2bo$bo	28			search
oscillator	bo$o$2bo$bo	16			search
oscillator	bo$o$2bo$bo$o	16			search
oscillator	bo$o$2bo$bo$o$o	16			search
oscillator	bo$o$2bo$bo$2o	32			search
oscillator	bo$o$2bo$bo$3o	72			search
oscillator	bo$o$2bo$bo$o$bo	16			search
oscillator	bo$o$2bo$bo$obo	16			search
oscillator	bo$o$2bo$bo$bo	28			search
oscillator	bo$o$2bo$bo$bo$bo	32			search
oscillator	bo$o$2bo$bo$b2o	36			search
oscillator	bo$o$2bo$bo$b2o$bo	32			search
oscillator	bo$o$2bo$b2o	28			search
oscillator	bo$o$2bo$b2o$o	32			search
oscillator	bo$o$2bo$b2o$bo	108			search
oscillator	bo$o$2bo$b2o$b2o	64			search
oscillator	bo$o$2bo$b2o$2bo	16			search
oscillator	bo$o$2bo$b3o	24			search
oscillator	bo$o$2bo$bo$2bo	16			search
oscillator	bo$o$2bo$bo$2b2o	48			search
oscillator	bo$o$2bo$bobo$o	16			search
oscillator	bo$o$2bo$bobo$b2o	32			search
oscillator	bo$o$2bo$bobo$2bo	16			search
oscillator	bo$o$2bo$bobo$4bo	16			search
oscillator	bo$o$2bo$bo2bo$o	16			search
oscillator	bo$o$2bo$bo2bo$3bo	48			search
oscillator	bo$o$2bo$2bo2$2o	32			search
oscillator	bo$o$2b2o$bo$o	16			search
oscillator	bo$o$2bo$3bo$2b2o$2bo	304			search
oscillator	bo$o$2bobo$bo2bo	48			search
oscillator	bo$o2bo$obo	48			search
oscillator	bo$o2bo$obo2$bo	48			search
oscillator	bo$o2bo$obo$2bo	48			search
oscillator	bo$o2bo$ob2o	136			search
oscillator	bo$o2bo$obo$3bo	48			search
oscillator	bo$o2bo$obo2$3bo	48			search
oscillator	bo$o2bo$obobo	48			search
oscillator	bo$o2bo$obo$4bo	48			search
oscillator	bo$o2bo$o$2b2o	28			search
oscillator	bo$o2bo$o$2bo$3bo	60			search
oscillator	bo$o2bo$o2bo	64			search
oscillator	bo$o2bo$o2bo2$bo	64			search
oscillator	bo$o2bo$o2bo$2bo	264			search
oscillator	bo$o2bo$o2bo$3bo	228			search
oscillator	bo$o2bo$o2bo2$3bo	64			search
oscillator	bo$o2bo$o$3bo$bo	48			search
oscillator	bo$o2bo$o$3bo$3bo	48			search
oscillator	bo$o2bo$o$3b2o	48			search
oscillator	bo$o2bo$o$3bo$4bo	48			search
oscillator	bo$o2bo$o2$3bo	48			search
oscillator	bo$o2bo$o2$3b2o	48			search
oscillator	bo$o2bo$o3bo	48			search
oscillator	bo$o2bo$o3bo2$bo	48			search
oscillator	bo$o2bo$o3bo$2bo	72			search
oscillator	bo$o2bo$o3bo$3bo	48			search
oscillator	bo$o2bo$o3bo2$3bo	48			search
oscillator	bo$o2bo$o3bo$4bo	48			search
oscillator	bo$o2bo$o$4bo$3bo	48			search
oscillator	bo$o2bo$o$4bo$4bo	48			search
oscillator	bo$o2bo2$3o	112			search
oscillator	bo$o2bo$bo2bo$2bo	16			search
oscillator	bo$o2bo2$bo$obo	16			search
oscillator	bo$o2bo2$b2o$2bo	32			search
oscillator	bo$o2bo2$bo$2bo	16			search
oscillator	bo$o2bo2$bo$2b2o	16			search
oscillator	bo$o2bo$2bo$o$bo	112			search
oscillator	bo$o2bo$2bo$b2o	136			search
oscillator	bo$o2bo$2b2o	28			search
oscillator	bo$o2bo$2b2o$bo	136			search
oscillator	bo$o2bo$2b2o$bo$2bo	560			search
oscillator	bo$o2bo$2b3o	24			search
oscillator	bo$o2bo$2b3o$2bo	48			search
oscillator	bo$o2bo$2b3o$3bo	32			search
oscillator	bo$o2bo$2bobo$4bo	48			search
oscillator	bo$o2bo$3bo$o$bo	168			search
oscillator	bo$o2bo$3bo$bo$o	48			search
oscillator	bo$o2bo$3bo$bo$b2o	96			search
oscillator	bo$o2bo$3bo$b2o	24			search
oscillator	bo$o2bo$3bo$bo$2bo	48			search
oscillator	bo$o2bo$3bo2$b2o	24			search
oscillator	bo$o2bo$3bo$2bo	24			search
oscillator	bo$o2bo$3bo$2bo$bo	96			search
oscillator	bo$o2bo$3bo$2bo$2bo	24			search
oscillator	bo$o2bo$3bo2$2b2o	192			search
oscillator	bo$o2bo$3bo$3bo$4bo	28			search
oscillator	bo$o2bo$3bo2$3bo$3bo	68			search
oscillator	bo$o2bo$3b2o	36			search
oscillator	bo$o2bo$3b2o$bo	32			search
oscillator	bo$o2bo$3b2o$b2o	144			search
oscillator	bo$o2bo$3b2o$2bo	28			search
oscillator	bo$o2bo$3b2o$2b2o	52			search
oscillator	bo$o2bo$3b2o$3bo$4bo	24			search
oscillator	bo$o2bo$3bo$4bo$2bo	64			search
oscillator	bo$o2b2o	24			search
oscillator	bo$o2b2o$obo	136			search
oscillator	bo$o2b2o$obobo	232			search
oscillator	bo$o2b2o$o2bo	64			search
oscillator	bo$o2b2o$o2b2o	48			search
oscillator	bo$o2b2o$o3bo	112			search
oscillator	bo$o2b2o2$bo$o	48			search
oscillator	bo$o2b2o2$b2o	24			search
oscillator	bo$o2b2o2$bo$2bo	48			search
oscillator	bo$o2b2o3$b2o	24			search
oscillator	bo$o2b2o$2bo	28			search
oscillator	bo$o2b2o$2b2o	128			search
oscillator	bo$o2b2o$2bobo	60			search
oscillator	bo$o2b2o$3bo	52			search
oscillator	bo$o2b2o$3b2o	32			search
oscillator	bo$o2b2o2$3bo$4bo	28			search
oscillator	bo$o2b2o$4bo	30			search
oscillator	bo$o2b2o$4bo$2bo	28			search
oscillator	bo$o2b2o$4bo2$4bo	60			search
oscillator	bo$o2b2o2$4bo$2bo	48			search
oscillator	bo$o2b3o	28			search
oscillator	bo$o2b3o$2bo	32			search
oscillator	bo$o2bo$4bo	16			search
oscillator	bo$o2bo$4bo$o$bo	112			search
oscillator	bo$o2bo$4bo$bo	16			search
oscillator	bo$o2bo$4bo$bo$o	16			search
oscillator	bo$o2bo$4bo$bo$bo	48			search
oscillator	bo$o2bo$4bo$b2o	48			search
oscillator	bo$o2bo$4bo$bo$2bo	16			search
oscillator	bo$o2bo$4bo$bo2bo	16			search
oscillator	bo$o2bo$4bo2$b2o	48			search
oscillator	bo$o2bo$4bo$2bo$bo	32			search
oscillator	bo$o2bo$4bo$3bo$3b2o	48			search
oscillator	bo$o2bo$4bo$3b2o	48			search
oscillator	bo$o2bo$4bo$4bo	16			search
oscillator	bo$o2bobo$2b3o	32			search
oscillator	bo$o$3bo$3o	56			search
oscillator	bo$o$3bo$o3bo$bo	28			search
oscillator	bo$o$3bo$bo$2o	28			search
oscillator	bo$o$3bo$bo$3o	72			search
oscillator	bo$o$3bo$bo$b2o	32			search
oscillator	bo$o$3bo$b2o	24			search
oscillator	bo$o$3bo$b2o$o	28			search
oscillator	bo$o$3bo$b2o$bo	60			search
oscillator	bo$o$3bo$b2o$2bo	32			search
oscillator	bo$o$3bo$bo$2b2o	80			search
oscillator	bo$o$3bo$bobo$b2o	64			search
oscillator	bo$o$3bo$bo2bo$2bo	16			search
oscillator	bo$o$3bo$3bo$obo	32			search
oscillator	bo$o$3bo$3bo$bo2bo	36			search
oscillator	bo$o$3bo$3bo$2b2o	248			search
oscillator	bo$o$3bo$3bo$2bobo	28			search
oscillator	bo$o$3b2o$b2o	24			search
oscillator	bo$o3bo$o2b2o	64			search
oscillator	bo$o3bo$2b2o	24			search
oscillator	bo$o3bo$2b3o	56			search
oscillator	bo$o3bo$2bo$3bo$3b2o	56			search
oscillator	bo$o3bo$2bo$3bo$4bo	36			search
oscillator	bo$o3bo$3bo$bo$o	32			search
oscillator	bo$o3bo$3bo$bo$2bo	32			search
oscillator	bo$o3bo$3bo$bo2bo	112			search
oscillator	bo$o3bo$3bo$2bo$bo	64			search
oscillator	bo$o3bo$3bo$3bo$4bo	24			search
oscillator	bo$o3bo$3bo$4bo	56			search
oscillator	bo$o3bo$4bo$bo$o	48			search
oscillator	bo$o3bo$4bo$bo$bo	24			search
oscillator	bo$o3bo$4bo$b2o	24			search
oscillator	bo$o3bo$4bo$bo$2bo	48			search
oscillator	bo$o3bo$4bo$2bo$3bo	784			search
oscillator	bo$o3bo$4bo$4bo$2bo	48			search
oscillator	bo2$o$o$o	28			search
oscillator	bo2$o$o$o2$o$bo	32			search
oscillator	bo2$o$o$o3$2o	48			search
oscillator	bo2$o$o$o2$bo	28			search
oscillator	bo2$o$o$o3$bo	28			search
oscillator	bo2$o$o$o$2bo	32			search
oscillator	bo2$o$2o$o	48			search
oscillator	bo2$o$2o$obo	48			search
oscillator	bo2$o$2obo$3b2o	8			search
oscillator	bo2$o$o2$bo$o	28			search
oscillator	bo2$2o$o3$o	124			search
oscillator	bo2$2o$obo$bo	68			search
oscillator	bo2$2o2$o	28			search
oscillator	bo2$2o2$o2$bo	28			search
oscillator	bo2$2o2$bo2$o	92			search
oscillator	bo2$2o2$bo2$bo	92			search
oscillator	bo2$2o3$bo$o	28			search
oscillator	bo2$2o3$bo$bo	104			search
oscillator	bo2$o$bo$o$o$o	360			search
oscillator	bo2$o$bo$2o2$o	360			search
oscillator	bo2$o$bo$bo$bo$o	360			search
oscillator	bo2$o$b2o$2bo$obo	128			search
oscillator	bo2$obo$2b2o$o	24			search
oscillator	bo2$obo$2b2o$o3bo	24			search
oscillator	bo2$ob2o$2bo$3bo	4			search
oscillator	bo2$o2bo2$2obo	16			search
oscillator	bo2$o2bo$3bo$o3bo	32			search
oscillator	bo2$o$3bo$2ob2o	16			search
oscillator	bo2$o$3bo$3b2o	8			search
oscillator	bo2$o$3b2o$3bo	8			search
oscillator	bo2$o$3b2o$3b2o	4			search
oscillator	bo2$o3bo$3bo$3b2o	12			search
oscillator	bo2$o3bo$3b2o	24			search
oscillator	bo2$o3bo$3b2o$3bo	8			search
oscillator	bo2$o$4bo$2obo	24			search
oscillator	bo3$o$ob3o	36			search
oscillator	bo3$o2bo$ob2o	72			search
oscillator	bo3$o2bo$ob3o	84			search
oscillator	bo$bo$o2$2o	40			search
oscillator	bo$bo$o$bo$2o	160			search
oscillator	bo$bo$obo$bo$2o	72			search
oscillator	bo$bo$obo$b2o	24			search
oscillator	bo$bo$obo$b2o$o	72			search
oscillator	bo$bo$obo$2bo$o	64			search
oscillator	bo$bo$obo$2bo$o$bo	8			search
oscillator	bo$bo$obo$2b2o$o	40			search
oscillator	bo$bo$obo2$2b2o	24			search
oscillator	bo$bo$obo$3bo$2o	40			search
oscillator	bo$bo$o2bo$2bo$4bo	16			search
oscillator	bo$bo$o$3bo$bobo	48			search
oscillator	bo$bo$o3bo$3b2o	24			search
oscillator	bo$bo$o$4bo$2b2o	24			search
oscillator	bo$bo2$2o$o2$o	168			search
oscillator	bo$bo$b2o$bo	124			search
oscillator	bo$bo$b2o$bo$2bo	148			search
oscillator	bo$bo$b2o$bo2$2bo	348			search
oscillator	bo$bo$b2o$bobo$4bo	52			search
oscillator	bo$bo$bobo$3bo$3bo	120			search
oscillator	bo$bo2$bo$2o	40			search
oscillator	bo$bo2$bo$3o	96			search
oscillator	bo$bo2$bo$ob2o	24			search
oscillator	bo$bo2$bo$b2o$bo	108			search
oscillator	bo$bo2$b2o$b2o	56			search
oscillator	bo$bo2$b2o$2bo	40			search
oscillator	bo$bo2$b2o$2bo$bo	48			search
oscillator	bo$bo2$b3o$2bo	52			search
oscillator	bo$bo2$b3o$2bo$bo	56			search
oscillator	bo$bo2$b3o$4bo	40			search
oscillator	bo$bo2$bo$2bo	24			search
oscillator	bo$bo2$bo$2bo$2bo	24			search
oscillator	bo$bo2$bo$2b2o	24			search
oscillator	bo$bo2$bo$2b3o	24			search
oscillator	bo$bo2$bo$2bo$3bo	24			search
oscillator	bo$bo2$bobo$2bo$2bo	24			search
oscillator	bo$bo2$bobo$2b2o	24			search
oscillator	bo$bo2$bob2o$2bo	24			search
oscillator	bo$bo2$bo2bo$2b2o	24			search
oscillator	bo$bo2$bo2bo$2bo$3bo	24			search
oscillator	bo$bo2$bo2bo$2bobo$3bo	24			search
oscillator	bo$bo2$bo2bo2$2b2o	24			search
oscillator	bo$b2o$obo$b2o	28			search
oscillator	bo$b2o$b2o$2bo	24			search
oscillator	bo$b2o$bo$2bo	84			search
oscillator	bo$b2o$2bo	8			search
oscillator	bo$b2o$2bo$bo	24			search
oscillator	bo$b2o$2bo$bo$b2o	64			search
oscillator	bo$b2o$2bo$b2o	40			search
oscillator	bo$b2o$2bo$bo$2bo	24			search
oscillator	bo$b2o$2bo$bobo$2bo$3bo	24			search
oscillator	bo$b2o$2bo$2bo	8			search
oscillator	bo$b2o$2bo2$2bo$bobo	44			search
oscillator	bo$b2o$2bo2$2bo$3bo	44			search
oscillator	bo$b2o$2b2o	8			search
oscillator	bo$b2o$2b2o$bo	36			search
oscillator	bo$b2o$2bo$3bo$4bo	8			search
oscillator	bo$b2o$2bo$4bo	68			search
oscillator	bo$b2obo$2o	124			search
oscillator	bo$bo$2bo	8			search
oscillator	bo$bo$2bo2$ob2o	32			search
oscillator	bo$bo$2bo$bo	24			search
oscillator	bo$bo$2bo$bo$3o	120			search
oscillator	bo$bo$2bo$bo$b2o	64			search
oscillator	bo$bo$2bo$bo$b2o$bo	64			search
oscillator	bo$bo$2bo$b2o	40			search
oscillator	bo$bo$2bo$b2o$o	64			search
oscillator	bo$bo$2bo$b2o$bo	8			search
oscillator	bo$bo$2bo$b2o$b2o	164			search
oscillator	bo$bo$2bo$b2o2$bo	64			search
oscillator	bo$bo$2bo$b2o$2bo	52			search
oscillator	bo$bo$2bo$b3o	16			search
oscillator	bo$bo$2bo$b3o2$bo	40			search
oscillator	bo$bo$2bo$bo$2bo	24			search
oscillator	bo$bo$2bo$bo$2b2o	24			search
oscillator	bo$bo$2bo$bo2$2b2o	24			search
oscillator	bo$bo$2bo$bobo$b2o	8			search
oscillator	bo$bo$2bo$bobo$2bo	24			search
oscillator	bo$bo$2bo$bobo$2bo$3bo	24			search
oscillator	bo$bo$2bo$bobo$3bo	168			search
oscillator	bo$bo$2bo$bobo$3bo$3bo	120			search
oscillator	bo$bo$2bo$bobo$3b2o	24			search
oscillator	bo$bo$2bo$bob2o2$3bo	48			search
oscillator	bo$bo$2bo$bobo$4bo	24			search
oscillator	bo$bo$2bo$bo$3bo$3bo	24			search
oscillator	bo$bo$2bo$bo2bo	48			search
oscillator	bo$bo$2bo$bo2bo$2bo	24			search
oscillator	bo$bo$2bo$bo2bo$2bo$3bo	24			search
oscillator	bo$bo$2bo$bo2bo$3bo	24			search
oscillator	bo$bo$2bo$bo2bo2$3bo	24			search
oscillator	bo$bo$2bo$bo2bo$4bo$3bo	48			search
oscillator	bo$bo$2bo$bo2b2o	24			search
oscillator	bo$bo$2bo3$b3o	32			search
oscillator	bo$bo$2bo$2bo	8			search
oscillator	bo$bo$2bo$2bo2$2o	64			search
oscillator	bo$bo$2bo$2bo$b2o	188			search
oscillator	bo$bo$2bo$2b2o	8			search
oscillator	bo$bo$2bo$2b2o$bo	36			search
oscillator	bo$bo$2bo$2b2o$2bo	28			search
oscillator	bo$bo$2bo$2b2o$4bo	8			search
oscillator	bo$bo$2bo2$2bo$2bo	24			search
oscillator	bo$bo$2bo2$2b2o	24			search
oscillator	bo$bo$2bo2$2b2o$2bo	24			search
oscillator	bo$bo$2bo2$2b2o$3bo	24			search
oscillator	bo$bo$2bo3$2b2o	24			search
oscillator	bo$bo$2b2o	8			search
oscillator	bo$bo$2b2o$bo	36			search
oscillator	bo$bo$2b2o$b2o	16			search
oscillator	bo$bo$2b2o$bobo	24			search
oscillator	bo$bo$2b2o$2bo	8			search
oscillator	bo$bo$2b2o$2b2o	8			search
oscillator	bo$bo$2b2o$3bo	8			search
oscillator	bo$bo$2b2o$3bo$4bo	8			search
oscillator	bo$bo$2bo$3bo$bo$bobo	36			search
oscillator	bo$bo$2bo$3bo$2b2o	24			search
oscillator	bo$bo$2bo$3bo$2b3o	16			search
oscillator	bo$bo$2bo$3bo$3bo	56			search
oscillator	bo$bo$2bo$3bo$3bo$bobo	56			search
oscillator	bo$bo$2bo$3bo$3bo$3bo	40			search
oscillator	bo$bo$2bo$3b2o2$bobo	40			search
oscillator	bo$bo$2bo$3b2o$2bo	24			search
oscillator	bo$bo$2bo$3b2o2$3bo	16			search
oscillator	bo$bo$2bo$3b2o$4bo	8			search
oscillator	bo$bo$2bo$3bo$4bo	8			search
oscillator	bo$bo$2bo2$3bo$bobo	32			search
oscillator	bo$bo$2bo2$3bo$3bo	24			search
oscillator	bo$bo$2bobo$bo2bo	24			search
oscillator	bo$bo$2bobo$3b2o	40			search
oscillator	bo$bo$2bobo$4bo$2bo	32			search
oscillator	bo$bo$2bob2o	24			search
oscillator	bo$bo$2bob2o$4bo	16			search
oscillator	bo$bo$2bo$4bo	16			search
oscillator	bo$bo$2bo$4bo$2bo$3bo	8			search
oscillator	bo$bo$2bo$4bo2$2b2o	16			search
oscillator	bo$bo$2bo$4bo$3bo	24			search
oscillator	bo$bo$2bo$4bo$4bo$bobo	40			search
oscillator	bo$bo$2bo$4bo$4bo$3bo	16			search
oscillator	bo$bo2$2bo$bo	36			search
oscillator	bo$bobo$ob3o	272			search
oscillator	bo$bobo$o2bo2$o$bobo	32			search
oscillator	bo$bobo$o2bo2$bo	36			search
oscillator	bo$bobo$o2bo2$3bo	36			search
oscillator	bo$bobo$o$3bo$3bo	32			search
oscillator	bo$bobo$o$3b2o	32			search
oscillator	bo$bobo$o3bo$b2o	104			search
oscillator	bo$bobo$bobo$bobo	104			search
oscillator	bo$bobo2$bo$obo	32			search
oscillator	bo$bobo2$b2o$2bo	200			search
oscillator	bo$bobo2$bo$2bo	32			search
oscillator	bo$bobo2$bo$2b2o	32			search
oscillator	bo$bobo2$bo$2bo$3bo	32			search
oscillator	bo$bobo2$bobo$bo	48			search
oscillator	bo$bobo2$bo2bo$2bo$3bo	32			search
oscillator	bo$bobo$2bo$bo	32			search
oscillator	bo$bobo$2bo$bo$o	32			search
oscillator	bo$bobo$2bo$bo$bo	48			search
oscillator	bo$bobo$2bo$b2o	24			search
oscillator	bo$bobo$2bo$bo$2bo	32			search
oscillator	bo$bobo$2bo$bo$2bo$3bo	32			search
oscillator	bo$bobo$2bo$bobo$2bo$3bo	32			search
oscillator	bo$bobo$2bo$bobo$3bo	224			search
oscillator	bo$bobo$2bo$bo2bo	32			search
oscillator	bo$bobo$2bo$2bo$2bo	40			search
oscillator	bo$bobo$2bo$2b2o	24			search
oscillator	bo$bobo$2bo$2bo$3bo	88			search
oscillator	bo$bobo$2bo2$2b2o	24			search
oscillator	bo$bobo$2bo3$2b2o	24			search
oscillator	bo$bobo$2b2o	32			search
oscillator	bo$bobo$2b2o$bo	48			search
oscillator	bo$bobo$2b2o$bobo	1104			search
oscillator	bo$bobo$2b2o2$bo	412			search
oscillator	bo$bobo$2b2o2$2bo	72			search
oscillator	bo$bobo$2b2o$3bo	36			search
oscillator	bo$bobo$2b3o	56			search
oscillator	bo$bobo$2bo$3bo$3bo	168			search
oscillator	bo$bobo$2bo$3bo$3bo$3bo	120			search
oscillator	bo$bobo$2bo$3b2o2$3bo	48			search
oscillator	bo$bobo$2bo$3bo$4bo	24			search
oscillator	bo$bobo$2bo2$3bo$3bo	24			search
oscillator	bo$bobo$2bobo$bo	32			search
oscillator	bo$bobo$2bobo$4bo	24			search
oscillator	bo$bobo$2bob2o	24			search
oscillator	bo$bobo$2bo$4bo	48			search
oscillator	bo$bobo$2bo$4bo$2bo$3bo	24			search
oscillator	bo$bobo$2bo$4bo$3bo	24			search
oscillator	bo$bobo$2bo$4bo$4bo$3bo	48			search
oscillator	bo$bobo2$2bo$bo$bo	148			search
oscillator	bo$bobo2$2b2o$4bo	40			search
oscillator	bo$bobo$3bo	28			search
oscillator	bo$bobo$3bo$bo	36			search
oscillator	bo$bobo$3bo$bo$o	36			search
oscillator	bo$bobo$3bo$bo$b2o	560			search
oscillator	bo$bobo$3bo$b2o	136			search
oscillator	bo$bobo$3bo$bo$2bo	36			search
oscillator	bo$bobo$3bo$bobo	48			search
oscillator	bo$bobo$3bo$2bo	28			search
oscillator	bo$bobo$3bo2$2bo$2bo	144			search
oscillator	bo$bobo$3bo2$2b2o	104			search
oscillator	bo$bobo$3bo3$2b2o	220			search
oscillator	bo$bobo$3bo$3bo	32			search
oscillator	bo$bobo$3bo$3bo$bo	412			search
oscillator	bo$bobo$3bo$3bo$2bo	72			search
oscillator	bo$bobo$3bo$3bo$4bo	32			search
oscillator	bo$bobo$3bo2$3bo$3bo	80			search
oscillator	bo$bobo$3b2o$3bo$4bo	52			search
oscillator	bo$bobo2$3bo$3b2o$3bo	24			search
oscillator	bo$bob2o	28			search
oscillator	bo$bob2o$obo	48			search
oscillator	bo$bob2o$2bo	36			search
oscillator	bo$bob2o$2bo$bo3bo	40			search
oscillator	bo$bob2o$2bo$3bo$4bo	236			search
oscillator	bo$bob2o$2bobo$3bo	76			search
oscillator	bo$bob2o$3bo$bo	40			search
oscillator	bo$bob2o2$3bo$4bo	36			search
oscillator	bo$bob2o$4bo$bo	76			search
oscillator	bo$bob2o2$4bo$2bo	52			search
oscillator	bo$bob2o2$4bo2$3bo	84			search
oscillator	bo$bob3o	32			search
oscillator	bo$bob3o2$bo	40			search
oscillator	bo$bob3o$2bo	40			search
oscillator	bo$bobo$4bo$bo	32			search
oscillator	bo$bobo$4bo$bo$o	32			search
oscillator	bo$bobo$4bo$b2o$2bo	200			search
oscillator	bo$bobo$4bo$bo$2bo	32			search
oscillator	bo$bobo$4bo$bo2bo	32			search
oscillator	bo$bobo$4bo$2bo$2bo	72			search
oscillator	bo$bobo$4bo$2b2o$4bo	52			search
oscillator	bo$bobo$4bo$3bo$3bo	24			search
oscillator	bo$bobo$4bo$3b2o	24			search
oscillator	bo$bobo$4bo2$3b2o	24			search
oscillator	bo$bobo$4bo$4bo$3bo	24			search
oscillator	bo$bobo$4b2o	24			search
oscillator	bo$bobo2$4bo$2b2o	24			search
oscillator	bo$bobo2$4bo$2bo$3bo	24			search
oscillator	bo$bobo2$4bo2$2b2o	24			search
oscillator	bo$bobobo$2b2o	40			search
oscillator	bo$bo$3bo$bo$3o	96			search
oscillator	bo$bo$3bo$bo$b2o$bo	108			search
oscillator	bo$bo$3bo$b2o2$bo	40			search
oscillator	bo$bo$3bo$b2o$2bo	40			search
oscillator	bo$bo$3bo$bo$2b2o	120			search
oscillator	bo$bo$3bo$bobo$b2o	164			search
oscillator	bo$bo$3bo$bobo$2bo	40			search
oscillator	bo$bo$3bo$bobo$4bo	36			search
oscillator	bo$bo$3bo$bo2bo$2bo	48			search
oscillator	bo$bo$3bo$2bo$bo	36			search
oscillator	bo$bo$3bo$2bo$b2o	108			search
oscillator	bo$bo$3bo$2bo2$bobo	32			search
oscillator	bo$bo$3bo$2bo$2bo	28			search
oscillator	bo$bo$3bo$2bo$2bo$bo	32			search
oscillator	bo$bo$3bo$3bo$bo	64			search
oscillator	bo$bo$3bo$3bo$bo2bo	64			search
oscillator	bo$bo2$3bo$ob3o	72			search
oscillator	bo$bo2$3bo$b2obo	32			search
oscillator	bo$bo2$3bo$2b2o$3bo	24			search
oscillator	bo$bo2$3bo$2b3o	24			search
oscillator	bo$bo2$3bo$3b2o$bobo	72			search
oscillator	bo$bo2$3bo$3b2o$3bo	24			search
oscillator	bo$bo2$3b2o$2b2o	16			search
oscillator	bo$bo2$3bo$4bo$b3o	72			search
oscillator	bo$bo2$3bo$4bo$2b2o	24			search
oscillator	bo$bo2bo$ob2o	272			search
oscillator	bo$bo2bo2$bo3bo$4bo	48			search
oscillator	bo$bo2bo$2bo$bobo$2bo$3bo	24			search
oscillator	bo$bo2bo$2bo$2bo$3bo	56			search
oscillator	bo$bo2bo$2b2o	56			search
oscillator	bo$bo2bo$2bo$3bo2$2b2o	32			search
oscillator	bo$bo2bo$2bo$3bo$4bo	8			search
oscillator	bo$bo2bo$3bo2$2b2o	32			search
oscillator	bo$bo2bo$3bo$3bo$4bo	44			search
oscillator	bo$bo2bo2$5bo$4bo	16			search
oscillator	bo$bo$4bo$3bo$2b3o	24			search
oscillator	bo$bo2$4bo$2bo$3bo	8			search
oscillator	bo2$bo$o$o2$bo$bo	168			search
oscillator	bo2$bo$o2$o$bo	140			search
oscillator	bo2$bo$3o$2bo$o	330			search
oscillator	bo2$bo$o2$bo$o	80			search
oscillator	bo2$bo$o2$bo$bo	168			search
oscillator	bo2$bo$o2$bo$bo$bo	196			search
oscillator	bo2$bo$bo$o$bo$bo	552			search
oscillator	bo2$bo$bo$o2$bo	72			search
oscillator	bo2$bo$bo2$bo	72			search
oscillator	bo2$bo$bo2$bo$o	72			search
oscillator	bo2$bo$bo2$bo$bo$bo	120			search
oscillator	bo2$bo$bo2$bo$2bo	72			search
oscillator	bo2$bo$bo3$b2o	84			search
oscillator	bo2$bo$b2o$2bo$2bo	32			search
oscillator	bo2$bo$bo$2bo$2bo	32			search
oscillator	bo2$bo$bo$2bo3$2b2o	24			search
oscillator	bo2$bo$bo$2bo2$3bo$3bo	24			search
oscillator	bo2$bo$bo2$2bo$bo$bo	108			search
oscillator	bo2$bo$bo2$2bo$2bo	84			search
oscillator	bo2$bo$bo2$2bo$2bo$bo	96			search
oscillator	bo2$b2o$bo3$2bo$2bo	256			search
oscillator	bo2$bobo$o$o2bo	16			search
oscillator	bo2$bobo2$2obo	16			search
oscillator	bo2$bobo$3bo$o3bo	28			search
oscillator	bo2$bobo$3bo$4bo	40			search
oscillator	bo2$bobo$4bo	28			search
oscillator	bo2$bo$3bo$2o2bo	20			search
oscillator	bo2$bo$3bo$2b2o$2bo	24			search
oscillator	bo2$bo$3bo$3bo	16			search
oscillator	bo2$bo$3bo$3b2o	8			search
oscillator	bo2$bo$3b2o$3bo	8			search
oscillator	bo2$bo$3b2o$3b2o	4			search
oscillator	bo2$bo2bo$3bo$3b2o	12			search
oscillator	bo2$bo2bo$3b2o	24			search
oscillator	bo2$bo2bo$3b2o$3bo	8			search
oscillator	bo2$bo2b2o$3b2o	16			search
oscillator	bo2$bo$4bo$2obo	32			search
oscillator	bo3$b3o$2b2o	80			search
oscillator	bo3$b3o$2b3o	24			search
oscillator	bo3$bobo$3obo	16			search
oscillator	bo3$bobo$ob2o	32			search
oscillator	bo3$bobo$ob3o	72			search
oscillator	bo3$bobo$2b2o	24			search
oscillator	bo3$bobo$2b2o$2bo	24			search
oscillator	bo3$bobo$2b2o$3bo	24			search
oscillator	bo3$bobo$2b3o	24			search
oscillator	bo3$bob2o$2b2o	16			search
oscillator	b2o	16			search
oscillator	b2o$o	16			search
oscillator	b2o$o$o	16			search
oscillator	b2o$o$o$bo$bo	16			search
oscillator	b2o$o$o$bo$bo$bo	64			search
oscillator	b2o$o$o$b2o	16			search
oscillator	b2o$o$o2$bo	16			search
oscillator	b2o$o$o2$bobo	16			search
oscillator	b2o$o$o3$bo	16			search
oscillator	b2o$o$obo$2bo	136			search
oscillator	b2o$o$ob2o	136			search
oscillator	b2o$o$ob3o	184			search
oscillator	b2o$o$obo$3bo2$bo	48			search
oscillator	b2o$o$obo$3bo2$3bo	48			search
oscillator	b2o$o$o$2bo	48			search
oscillator	b2o$o$o$2bo$o	112			search
oscillator	b2o$o$o$2b2o	136			search
oscillator	b2o$o$o$2bo2bo	48			search
oscillator	b2o$o$o2bo$2bo	24			search
oscillator	b2o$o$o2bo$3bo	136			search
oscillator	b2o$o$o2b2o	336			search
oscillator	b2o$o$o2bo$4bo	112			search
oscillator	b2o$o$o$3bo$3bo	16			search
oscillator	b2o$o$o$3b2o	16			search
oscillator	b2o$o$o2$3bo	16			search
oscillator	b2o$o$o2$3b2o	16			search
oscillator	b2o$o$o3bo$2b2o	208			search
oscillator	b2o$o$o$4bo$3bo	16			search
oscillator	b2o$o$o$4bo$4bo	16			search
oscillator	b2o$o2$3o	112			search
oscillator	b2o$2o	24			search
oscillator	b2o$2o$o	16			search
oscillator	b2o$2o$o2$bo	16			search
oscillator	b2o$2o$o3$bo	16			search
oscillator	b2o$2o$obo	16			search
oscillator	b2o$2o$o$2bo	216			search
oscillator	b2o$2o$o2bo	16			search
oscillator	b2o$2o$o$3bo	16			search
oscillator	b2o$2o$o2$3bo	16			search
oscillator	b2o$2o$2bo$2bo	88			search
oscillator	b2o$2o$2bo$4bo	48			search
oscillator	b2o$2obo$o	16			search
oscillator	b2o$2obo$obo	16			search
oscillator	b2o$2obo$obo$3bo	16			search
oscillator	b2o$2obo$o$3bo	16			search
oscillator	b2o$2obo$2bo$bo	32			search
oscillator	b2o$2obo2$3b2o	176			search
oscillator	b2o$2ob2o$o	16			search
oscillator	b2o$2o$3bo	24			search
oscillator	b2o$2o$3bo$4bo	168			search
oscillator	b2o$2o2bo	304			search
oscillator	b2o$2o$4bo$2obo	1576			search
oscillator	b2o$o2$bo$3o	72			search
oscillator	b2o$o2$bo$b2o	160			search
oscillator	b2o$o2$b2o	72			search
oscillator	b2o$o2$b2o$o	28			search
oscillator	b2o$o2$b3o	132			search
oscillator	b2o$obo	64			search
oscillator	b2o$obo$o	48			search
oscillator	b2o$obo$o2$bo	48			search
oscillator	b2o$obo$o3$bo	48			search
oscillator	b2o$obo$o2$3bo	48			search
oscillator	b2o$ob2o$4bo	36			search
oscillator	b2o$obo$3bo$2bo	32			search
oscillator	b2o$obobo2$2bo	32			search
oscillator	b2o$o$2bo$bo$bo	40			search
oscillator	b2o$o$2bo$b2o	132			search
oscillator	b2o$o$2bo$bobo$o	64			search
oscillator	b2o$o$2bo$bobo$2bo	64			search
oscillator	b2o$o$2bo$2bo	28			search
oscillator	b2o$o$2bo$3bo$4bo	24			search
oscillator	b2o$o$2bo2bo$5bo	48			search
oscillator	b2o$o2$2bo$o$bo	32			search
oscillator	b2o$o2$2b2o$bo	36			search
oscillator	b2o$o2bo$obo	80			search
oscillator	b2o$o2bo$obo$bo	28			search
oscillator	b2o$o2bo$obo$bob2o	28			search
oscillator	b2o$o2bo$obo$bo2bo	112			search
oscillator	b2o$o2bo$obo2$2bo$3bo	80			search
oscillator	b2o$o2bo$ob2o	576			search
oscillator	b2o$o2bo$obo$3bo	80			search
oscillator	b2o$o2bo$obo$3b2o	560			search
oscillator	b2o$o2bo$obobo	80			search
oscillator	b2o$o2bo$obo$4bo	80			search
oscillator	b2o$o2bo$o2bo	16			search
oscillator	b2o$o2bo$o2bo$b2o	16			search
oscillator	b2o$o2bo$o2bo$2bo	840			search
oscillator	b2o$o2bo$o2bo$3bo	824			search
oscillator	b2o$o2bo$o$3bo	80			search
oscillator	b2o$o2bo$o$3b2o	80			search
oscillator	b2o$o2bo$o2$3bo	80			search
oscillator	b2o$o2bo$o3bo	80			search
oscillator	b2o$o2bo2$bo$2bo	80			search
oscillator	b2o$o2bo$2bo$bo	80			search
oscillator	b2o$o2bo$2b2o	112			search
oscillator	b2o$o2bo$2b3o	52			search
oscillator	b2o$o2bo2$2bo$bo	32			search
oscillator	b2o$o2bo$3bo	16			search
oscillator	b2o$o2bo$3bo$2bo	16			search
oscillator	b2o$o2bo$3bo$2bobo	40			search
oscillator	b2o$o2bo$3bo3$2b2o	340			search
oscillator	b2o$o2bo$3b2o	16			search
oscillator	b2o$o2b2o	16			search
oscillator	b2o$o2b2o$o	16			search
oscillator	b2o$o2b2o$2bobo	152			search
oscillator	b2o$o2b2o2$2bo	16			search
oscillator	b2o$o2b2o2$2b2o	24			search
oscillator	b2o$o2b2o2$2bobo	40			search
oscillator	b2o$o2b2o$3bo	16			search
oscillator	b2o$o2b2o$3bo$2bo	376			search
oscillator	b2o$o2b2o$4bo	156			search
oscillator	b2o$o2b2o$4bo$2bo	72			search
oscillator	b2o$o2b2o$4bo2$4bo	156			search
oscillator	b2o$o2b3o$2bo	72			search
oscillator	b2o$o2bo$4bo	12			search
oscillator	b2o$o2bo$4bo$bo	80			search
oscillator	b2o$o2bo$4b2o	24			search
oscillator	b2o$o2bobo$obo	112			search
oscillator	b2o$o2bobo$o3bo	112			search
oscillator	b2o$o2bobo$4bo	56			search
oscillator	b2o$o$3bo$b2o	264			search
oscillator	b2o$o$3bo$2bo	24			search
oscillator	b2o$o$3bo$2b2o	84			search
oscillator	b2o$o$3bo$2bobo	88			search
oscillator	b2o$o$3bo$3bo$4bo	28			search
oscillator	b2o$o$3b2o$2bo	16			search
oscillator	b2o$o3bo	24			search
oscillator	b2o$o3bo$o	48			search
oscillator	b2o$o3bo$obo	136			search
oscillator	b2o$o3bo$o$2bo	24			search
oscillator	b2o$o3bo$o3bo	80			search
oscillator	b2o$o3bo$o2$4bo	48			search
oscillator	b2o$o3bo2$bo$4bo	64			search
oscillator	b2o$o3bo$2bo	28			search
oscillator	b2o$o3bo$2b2o	16			search
oscillator	b2o$o3bo$2bobo	16			search
oscillator	b2o$o3bo2$2bobo	88			search
oscillator	b2o$o3bo$3bo$2bo	72			search
oscillator	b2o$o3bo$4bo	80			search
oscillator	b2o$o3bo$4bo$2bo	16			search
oscillator	b2o$o3bo$4bo2$4bo	80			search
oscillator	b2o$o3bo2$4bo$2bo	44			search
oscillator	b2o$o3bo3$4bo	24			search
oscillator	b2o$o3b2o	28			search
oscillator	b2o$o3b2o$2bo	32			search
oscillator	b2o2$o$o$o$2bo	312			search
oscillator	b2o2$2o	28			search
oscillator	b2o2$2o2$o	28			search
oscillator	b2o2$2o2$o$2bo	212			search
oscillator	b2o2$2o2$o3bo	28			search
oscillator	b2o2$2o2$bo	44			search
oscillator	b2o2$2o2$bo2bo	44			search
oscillator	b2o2$2o$3bo$3bo	28			search
oscillator	b2o2$2o2bo$4bo	124			search
oscillator	b2o2$2o$4bo$2bo	28			search
oscillator	b2o2$2o2$4bo	28			search
oscillator	b2o2$obo$2bo	72			search
oscillator	b2o2$obo$2bo$o	44			search
oscillator	b2o2$obo$2b2o	16			search
oscillator	b2o2$obo$2b2o$o	48			search
oscillator	b2o2$o$2b2o$o	32			search
oscillator	b2o2$o2bo$2bo$o	24			search
oscillator	b2o2$o2bo$2bo$3bo	24			search
oscillator	b2o2$o2bo$3bo$o	44			search
oscillator	b2o2$o$3bo$3bo	16			search
oscillator	b2o2$o$3bo$3b2o	16			search
oscillator	b2o2$o$3b2o$3bo	16			search
oscillator	b2o2$o3bo$3bo$3b2o	48			search
oscillator	b2o2$o3bo$3b2o	48			search
oscillator	b2o2$o$4bo$3bo	16			search
oscillator	b2o2$o$4bo$3b2o	16			search
oscillator	b2o3$2o$obo	96			search
oscillator	b2o3$2o$obo$bo	160			search
oscillator	b2o3$2o$o2bo	152			search
oscillator	b2o3$2o$o3bo	96			search
oscillator	b2o3$2obo$3bo	32			search
oscillator	b2o$bo$o$o$o	88			search
oscillator	b2o$bo$o$o$3bo	64			search
oscillator	b2o$bo$o$bo$obo	104			search
oscillator	b2o$bo$o$bo$bo$bo	80			search
oscillator	b2o$bo$o$b2o	32			search
oscillator	b2o$bo$o$b2o2$bo	236			search
oscillator	b2o$bo$o$bo$2bo	104			search
oscillator	b2o$bo$o2$bobo	32			search
oscillator	b2o$bo$obo	32			search
oscillator	b2o$bo$obo$bo	104			search
oscillator	b2o$bo$obo$bo$o	104			search
oscillator	b2o$bo$obo$bo$o$bo	104			search
oscillator	b2o$bo$obo$bo2$bo	104			search
oscillator	b2o$bo$obo$b2o	88			search
oscillator	b2o$bo$obo$bo$2bo	104			search
oscillator	b2o$bo$obo$bobo$o$bo	116			search
oscillator	b2o$bo$obo$bobo2$bo	116			search
oscillator	b2o$bo$obo$bobo$2bo$3bo	116			search
oscillator	b2o$bo$obo2$bo	32			search
oscillator	b2o$bo$obo3$bo	32			search
oscillator	b2o$bo$obo$2bo	40			search
oscillator	b2o$bo$obo$2bo$2bo	208			search
oscillator	b2o$bo$obo2$2bo$3bo	32			search
oscillator	b2o$bo$ob2o	48			search
oscillator	b2o$bo$ob3o	144			search
oscillator	b2o$bo$obo$3bo$bo	72			search
oscillator	b2o$bo$obo$3bo2$bo	72			search
oscillator	b2o$bo$obo$3bo2$3bo	72			search
oscillator	b2o$bo$obo2$3bo	32			search
oscillator	b2o$bo$obo$4bo	32			search
oscillator	b2o$bo$o$2bo$obo	72			search
oscillator	b2o$bo$o$2b2o	48			search
oscillator	b2o$bo$o2bo$2bo	136			search
oscillator	b2o$bo$o2bo$3bo	40			search
oscillator	b2o$bo$o$3bo$3bo	32			search
oscillator	b2o$bo$o2$3bo	32			search
oscillator	b2o$bo$o$4bo$3bo	32			search
oscillator	b2o$bo2$bo$o	32			search
oscillator	b2o$bo2$bo$obo	32			search
oscillator	b2o$bo2$b2o$obo	184			search
oscillator	b2o$bo2$b2o$b2o	540			search
oscillator	b2o$bo2$b2o$2bo	200			search
oscillator	b2o$bo2$b3o	236			search
oscillator	b2o$bo2$bo$2bo	32			search
oscillator	b2o$bo2$bo$2bo$2bo	32			search
oscillator	b2o$bo2$bo$2b2o	32			search
oscillator	b2o$bo2$bo$2bo$3bo	32			search
oscillator	b2o$bo3$b2o	36			search
oscillator	b2o$b2o	20			search
oscillator	b2o$b2o$o	80			search
oscillator	b2o$b2o$o2$3bo	44			search
oscillator	b2o$b2o$b2o	72			search
oscillator	b2o$b2o$b2o2$o	72			search
oscillator	b2o$b2o$b2o2$bo	72			search
oscillator	b2o$b2o$b2o2$3bo	72			search
oscillator	b2o$b2o$2bo	80			search
oscillator	b2o$b2o$2b3o	32			search
oscillator	b2o$b2o$2bo2$3bo	80			search
oscillator	b2o$b2o$2bo3$3bo	80			search
oscillator	b2o$b2o2$2bo$o	60			search
oscillator	b2o$b2o3$3bo	20			search
oscillator	b2o$b2o4$3bo	20			search
oscillator	b2o$b2obo$2bobo	528			search
oscillator	b2o$bo$2bo	24			search
oscillator	b2o$bo$2bo$bo	32			search
oscillator	b2o$bo$2bo$bo$o	32			search
oscillator	b2o$bo$2bo$bo$o$bo	32			search
oscillator	b2o$bo$2bo$bo$bo	24			search
oscillator	b2o$bo$2bo$bo$b2o	412			search
oscillator	b2o$bo$2bo$b2o	40			search
oscillator	b2o$bo$2bo$b3o	136			search
oscillator	b2o$bo$2bo$bo$2bo	32			search
oscillator	b2o$bo$2bo$bo$2bo$3bo	32			search
oscillator	b2o$bo$2bo$bobo	72			search
oscillator	b2o$bo$2bo$bobo$o	72			search
oscillator	b2o$bo$2bo$bobo$o$bo	72			search
oscillator	b2o$bo$2bo$bobo$2bo	72			search
oscillator	b2o$bo$2bo$bobo$2bo$3bo	72			search
oscillator	b2o$bo$2bo$bo2bo	32			search
oscillator	b2o$bo$2bo2$b2o	48			search
oscillator	b2o$bo$2bo$2bo	40			search
oscillator	b2o$bo$2bo$2bo$2bo	48			search
oscillator	b2o$bo$2bo$2b2o	24			search
oscillator	b2o$bo$2bo$2b2o$bo	884			search
oscillator	b2o$bo$2bo$2b2o$2bo	132			search
oscillator	b2o$bo$2bo$2bo$3bo	160			search
oscillator	b2o$bo$2bo2$2b2o	24			search
oscillator	b2o$bo$2bo3$2b2o	24			search
oscillator	b2o$bo$2b2o	36			search
oscillator	b2o$bo$2b2o$bo	48			search
oscillator	b2o$bo$2b2o$2bo	404			search
oscillator	b2o$bo$2b2o2$2bo	48			search
oscillator	b2o$bo$2b2o2$3bo	216			search
oscillator	b2o$bo$2b3o	32			search
oscillator	b2o$bo$2bo$3bo$2bo$2bo	220			search
oscillator	b2o$bo$2bo$3bo$2b2o	80			search
oscillator	b2o$bo$2bo$3bo2$2b2o	144			search
oscillator	b2o$bo$2bo$3bo$3bo$3bo	104			search
oscillator	b2o$bo$2bo$3bo$4bo	28			search
oscillator	b2o$bo$2bo2$3bo$3bo	24			search
oscillator	b2o$bo$2bobo$4bo	24			search
oscillator	b2o$bo$2bo$4bo	48			search
oscillator	b2o$bo$2bo$4bo$2bo$3bo	24			search
oscillator	b2o$bo$2bo$4bo$3bo	24			search
oscillator	b2o$bo$2bo$4b2o	24			search
oscillator	b2o$bo$2bo2bo$5bo	24			search
oscillator	b2o$bo2$2bo$o$o	72			search
oscillator	b2o$bo2$2bo$2o	60			search
oscillator	b2o$bo2$2bo$obo	40			search
oscillator	b2o$bo2$2bo$b2o	256			search
oscillator	b2o$bo2$2bo2$bobo	40			search
oscillator	b2o$bo2$2bo$2bo	36			search
oscillator	b2o$bo2$2b2o	36			search
oscillator	b2o$bo2$2b2o$bo	92			search
oscillator	b2o$bo2$2b2o2$3bo	48			search
oscillator	b2o$bo2$2b2o$4bo	36			search
oscillator	b2o$bobo$obo	72			search
oscillator	b2o$bobo$obo$bo2bo	80			search
oscillator	b2o$bobo$ob2o	220			search
oscillator	b2o$bobo$obobo	72			search
oscillator	b2o$bobo$o2bo	128			search
oscillator	b2o$bobo$o2$3bo	72			search
oscillator	b2o$bobo$o3bo	72			search
oscillator	b2o$bobo$b2o$2bo	44			search
oscillator	b2o$bobo2$bo$2bo$3bo	72			search
oscillator	b2o$bobo2$bo2bo$2bo$3bo	72			search
oscillator	b2o$bobo$2bo	24			search
oscillator	b2o$bobo$2bo$bo	72			search
oscillator	b2o$bobo$2bo$b2o	40			search
oscillator	b2o$bobo$2bo$bobo$2bo$3bo	72			search
oscillator	b2o$bobo$2bo$bobo$3bo	504			search
oscillator	b2o$bobo$2bo$bo2bo	144			search
oscillator	b2o$bobo$2bo$2bo	24			search
oscillator	b2o$bobo$2bo$2b2o	24			search
oscillator	b2o$bobo$2bo3$2b2o	24			search
oscillator	b2o$bobo$2b2o	68			search
oscillator	b2o$bobo$2b2o$bo	220			search
oscillator	b2o$bobo$2bo$3bo$3bo	168			search
oscillator	b2o$bobo$2bo$3bo$3bo$3bo	120			search
oscillator	b2o$bobo$2bo$3b2o2$3bo	48			search
oscillator	b2o$bobo$2bo2$3bo$3bo	24			search
oscillator	b2o$bobo$2bobo	24			search
oscillator	b2o$bobo$2bo$4bo	48			search
oscillator	b2o$bobo$2bo$4bo$2bo$3bo	24			search
oscillator	b2o$bobo$2bo$4bo$4bo$3bo	48			search
oscillator	b2o$bobo$2bo$4b2o	24			search
oscillator	b2o$bobo$2bo2bo$5bo	24			search
oscillator	b2o$bobo2$2bo$bo	36			search
oscillator	b2o$bobo$3bo	24			search
oscillator	b2o$bobo$3bo$bo	128			search
oscillator	b2o$bobo$3bo$b2o	112			search
oscillator	b2o$bobo$3bo2$b2o	576			search
oscillator	b2o$bobo$3bo$2bo	112			search
oscillator	b2o$bobo$3bo2$3bo$3bo	308			search
oscillator	b2o$bobo$3b2o$2bo	136			search
oscillator	b2o$bob2o	144			search
oscillator	b2o$bob2o$2bo	44			search
oscillator	b2o$bob2o$2bo$bo	44			search
oscillator	b2o$bob2o$3b2o	24			search
oscillator	b2o$bob2o$4bo2$4bo	304			search
oscillator	b2o$bob2o3$4bo	144			search
oscillator	b2o$bobo$4bo	24			search
oscillator	b2o$bobo$4bo$bo	72			search
oscillator	b2o$bobo$4bo$4bo	24			search
oscillator	b2o$bobo$4b2o	24			search
oscillator	b2o$bobo2$4bo$2bo$3bo	24			search
oscillator	b2o$bobobo$obo	96			search
oscillator	b2o$bobobo$o3bo	96			search
oscillator	b2o$bobobo$2bo	32			search
oscillator	b2o$bobobo$2b2o	208			search
oscillator	b2o$bobobo$2bobo	32			search
oscillator	b2o$bobobo$4bo	32			search
oscillator	b2o$bo$3bo$bo$bo	136			search
oscillator	b2o$bo$3bo$b2o	136			search
oscillator	b2o$bo$3bo$bobo	52			search
oscillator	b2o$bo$3bo$bo2bo	224			search
oscillator	b2o$bo$3bo2$b2o	132			search
oscillator	b2o$bo$3bo$2bo	28			search
oscillator	b2o$bo$3bo$2bo$2bo	40			search
oscillator	b2o$bo$3bo$3bo$bo	104			search
oscillator	b2o$bo$3bo$3bo2$3bo	48			search
oscillator	b2o$bo$3bo$3bo$4bo	40			search
oscillator	b2o$bo2$3bo$b2o	48			search
oscillator	b2o$bo2$3bo$2bobo$2bo	24			search
oscillator	b2o$bo2bo	28			search
oscillator	b2o$bo2bo$obo	72			search
oscillator	b2o$bo2bo$o2bo	88			search
oscillator	b2o$bo2bo$o2$4bo	72			search
oscillator	b2o$bo2bo$b2obo	64			search
oscillator	b2o$bo2bo2$bo$4bo	72			search
oscillator	b2o$bo2bo$2bo$bo	72			search
oscillator	b2o$bo2bo$3bo	40			search
oscillator	b2o$bo2bo$3bo2$4bo	40			search
oscillator	b2o$bo2bo2$3bo$4bo	32			search
oscillator	b2o$bo2bo2$4bo$2bo	48			search
oscillator	b2o$bo2bo2$4bo2$3bo	52			search
oscillator	b2o$bo2bo3$4bo	28			search
oscillator	b2o$bo2b2o$2bo	64			search
oscillator	b2o$bo2bo$5bo$3bo	140			search
oscillator	b2o$bo$4bo$3b2o$2bo$3bo	72			search
oscillator	b2o$bo2$4bo$2b2o	24			search
oscillator	b2o$bo2$4bo$2bo$3bo	24			search
oscillator	b2o$bo3bo$2b2o	40			search
oscillator	b2o2$bo$bo$obo	128			search
oscillator	b2o2$bo$bo$obo$bo	212			search
oscillator	b2o2$bo$bo$o$2bo	416			search
oscillator	b2o2$bo$bo2$bo	128			search
oscillator	b2o2$bo$bo2$bo$bo	416			search
oscillator	b2o2$bo$bo2$bo$2bo$3bo	128			search
oscillator	b2o2$bo$bo$2bo	44			search
oscillator	b2o2$bo$bo$2bo$bo	128			search
oscillator	b2o2$bo$bo2$2bo$o$bo	496			search
oscillator	b2o2$b2o$o2$2bo	400			search
oscillator	b2o2$bo$2b2o	80			search
oscillator	b2o2$bo$2b2o$o	120			search
oscillator	b2o2$bo$2b2o$4bo	80			search
oscillator	b2o2$bobo$2bo$3bo	24			search
oscillator	b2o2$bobo$3bo	116			search
oscillator	b2o2$bobo$3bo$o	120			search
oscillator	b2o2$bobo$3bo$4bo	116			search
oscillator	b2o2$bob2o	40			search
oscillator	b2o2$bobo$4bo	112			search
oscillator	b2o2$bo$3bo$2o	80			search
oscillator	b2o2$bo$3bo$3bo	16			search
oscillator	b2o2$bo$3bo$3b2o	16			search
oscillator	b2o2$bo$3b2o	16			search
oscillator	b2o2$bo$3b2o$3bo	16			search
oscillator	b2o2$bo2bo$3bo$3b2o	48			search
oscillator	b2o2$bo2bo$3b2o	48			search
oscillator	b2o2$bo2b2o$3bo	48			search
oscillator	b2o2$bo$4bo$3bo	16			search
oscillator	b2o2$bo$4bo$3b2o	16			search
oscillator	b2o3$b3o	48			search
oscillator	b2o3$b3o$o	32			search
oscillator	b2o3$b3o$bo	16			search
oscillator	b2o3$b3o$2bo	16			search
oscillator	b2o3$bobo$b2o	48			search
oscillator	b2o3$bobo$2bo$2bo	48			search
oscillator	b2o3$bobo$2b2o	48			search
oscillator	b2o3$bobo$2b3o	48			search
oscillator	b2o$2bo2$2o$o	76			search
oscillator	b2o$2b2o$bo$2bo	636			search
oscillator	b2o$2b2o$3bo	20			search
oscillator	b2o$2b2o$3bo2$2bo	20			search
oscillator	b2o$2b2o$3bo2$4bo	20			search
oscillator	b2o$2bobo	120			search
oscillator	b2o$2bobobo	120			search
oscillator	b2o$2bo2bo$4bo	96			search
oscillator	b2o2$2bo2$3o	44			search
oscillator	b2o2$2bo$bo$3o	88			search
oscillator	b2o2$2bo$bo$b2o	48			search
oscillator	b2o2$2bo$b2o	72			search
oscillator	b2o2$2bo$b2o$o	44			search
oscillator	b2o2$2bo$b2o$bo	1932			search
oscillator	b2o2$2bo$b2o$b2o	144			search
oscillator	b2o2$2bo$b2o$2bo	28			search
oscillator	b2o2$2bo$b3o	64			search
oscillator	b2o2$2bo$b3o$o	144			search
oscillator	b2o2$2bo$bobo$3o	144			search
oscillator	b2o2$2bo$bobo$b2o	56			search
oscillator	b2o2$2bo$bobo$b2obo	56			search
oscillator	b2o2$2bo$bo2bo$3bo	48			search
oscillator	b2o2$2bo$2bo	28			search
oscillator	b2o2$2bo$2bo$2o	88			search
oscillator	b2o2$2bo$2bo$o$bo	48			search
oscillator	b2o2$2bo$2bo$obo	44			search
oscillator	b2o2$2bo$2bo$2bo	36			search
oscillator	b2o2$2bo$2b2o$obo	240			search
oscillator	b2o2$2bo$2b2o$bo	16			search
oscillator	b2o2$2bo$2b2o$2bo	80			search
oscillator	b2o2$2b2o$b3o	336			search
oscillator	b2o2$2b2o$2b2o$2bo	752			search
oscillator	b2o2$2b2o$3bo$4bo	44			search
oscillator	b2o3$2b2o$2o	16			search
oscillator	b2o3$2b2o$obo	32			search
oscillator	b3o$obo	12			search
oscillator	b3o$ob2o	12			search
oscillator	b3o$o$2bo$o2bo	88			search
oscillator	b3o$o2bo$4bo	36			search
oscillator	b3o$o$3bo$2bo	32			search
oscillator	b3o2$o$3bo$3bo	16			search
oscillator	b3o2$o3bo$bobo	48			search
oscillator	b3o3$o$bo2bo	112			search
oscillator	b3o3$o$2b2o	100			search
oscillator	b3o3$o3bo$2bo	28			search
oscillator	b3o$b2o$2bo	16			search
oscillator	b3o$b2o$2bo$3bo	16			search
oscillator	b3o$bo3$2bo$bobo	248			search
oscillator	b3o$bobo	96			search
oscillator	b3o$bobo$2bo	92			search
oscillator	b3o$bobo2$2bo	320			search
oscillator	b3o$bobo3$3bo	96			search
oscillator	b3o$bobo$4bo	96			search
oscillator	b3o$bobo$4bo$2bo	188			search
oscillator	b3o$bobo2$4bo	248			search
oscillator	b3o$bobo2$5bo	96			search
oscillator	b3o$bo3$3bo$3bo	256			search
oscillator	b3o$bo$4b2o	256			search
oscillator	b3o$bo2$4bo	248			search
oscillator	b3o2$bo$3bo	16			search
oscillator	b3o2$bo$3bo$3bo	16			search
oscillator	b3o2$bo$3bo$4bo	16			search
oscillator	b3o3$bo$2bobo	36			search
oscillator	b3o3$bo2bo$2bo	28			search
oscillator	b3o3$bo$4bo	36			search
oscillator	b3o$2b2o	40			search
oscillator	b3o$2b2o$3bo	26			search
oscillator	b3o$2bo$3b2o	14			search
oscillator	b3o$3bo$2bo$3bo	22			search
oscillator	b3o$3b2o	96			search
oscillator	b3o$3bobo$obo	60			search
oscillator	b3o$3bo$5bo$4bo	170			search
oscillator	b3o2$3bo$obo	88			search
oscillator	b3o2$3bo$4bo$2bo	16			search
oscillator	b3o3$3bo$3bo	16			search
oscillator	b4o$obo$4bo	716			search
oscillator	b4o$o2bobo	140			search
oscillator	b4o$bo4bo	436			search
oscillator	b4o$2bo2bo$o	84			search
oscillator	b3o$4bo2$o$bo	112			search
oscillator	b3obo$2b2o	56			search
oscillator	b2o$3bo$ob2o	144			search
oscillator	b2o$3bo$o$2b2o	64			search
oscillator	b2o$3bo$o$3bo$3b2o	56			search
oscillator	b2o$3bo$bo$bo$obo	360			search
oscillator	b2o$3bo$bo$2bobo	28			search
oscillator	b2o$3bo$bobo$bo	24			search
oscillator	b2o$3bo2$b3o	160			search
oscillator	b2o$3bo2$bo2bo$2bo$3bo	56			search
oscillator	b2o$3bo$2bo$b2o	128			search
oscillator	b2o$3bo$2bo$bob2o	28			search
oscillator	b2o$3bo$2bo$bo2bo	112			search
oscillator	b2o$3bo$2bo$2bo	24			search
oscillator	b2o$3bo$2bo$2bo$bo	32			search
oscillator	b2o$3bo$2b2o$bo	144			search
oscillator	b2o$3bo$2bo$3bo$3bo	28			search
oscillator	b2o$3bo$2bobo	28			search
oscillator	b2o$3bo$2bob2o	168			search
oscillator	b2o$3bo2$2b2o$bo	32			search
oscillator	b2o$3bo2$2b2o$2bo	64			search
oscillator	b2o$3bo$3bo	16			search
oscillator	b2o$3bo$3bo$b2o	16			search
oscillator	b2o$3bo$3bo2$b2o	16			search
oscillator	b2o$3bo$3bo$2bo	16			search
oscillator	b2o$3bo$3bo$2bo$bo	16			search
oscillator	b2o$3bo$3bo$2bo$2bo	16			search
oscillator	b2o$3bo$3bo$2b2o	24			search
oscillator	b2o$3bo$3bo2$2bo$2bo	124			search
oscillator	b2o$3bo$3bo$3bo$bo	92			search
oscillator	b2o$3bo$3b2o	16			search
oscillator	b2o$3b2o	16			search
oscillator	b2o$3b2o$2o	24			search
oscillator	b2o$3b2o$2b2o	32			search
oscillator	b2o$3b2o$3bo	16			search
oscillator	b2o$3b2o$4bo$bo$b2o	192			search
oscillator	b2o$3b2o2$4bo2$3bo	80			search
oscillator	b2o$3bo$4bo	28			search
oscillator	b2o$3bo$4b2o	56			search
oscillator	b2o$3bo2bo$2bo2bo	68			search
oscillator	b2o$3bo2bo$2bo2b2o	72			search
oscillator	b2o$3bo2bo$5bo$3bo	68			search
oscillator	b2o$3bo2bo$5b2o	72			search
oscillator	b2o2$3bo$bo$b2o	16			search
oscillator	b2o2$3bo$b2o	64			search
oscillator	b2o2$3bo$b2o$bo	24			search
oscillator	b2o2$3bo$b2o$2bo	24			search
oscillator	b2o2$3bo$bo$2b2o	80			search
oscillator	b2o2$3bo$bobo	72			search
oscillator	b2o2$3bo$bobo$o	44			search
oscillator	b2o2$3bo$bobo$2bo	28			search
oscillator	b2o2$3bo$bo2bo	112			search
oscillator	b2o2$3bo$bo2bo$2bo	16			search
oscillator	b2o2$3bo$2bo$b2o	24			search
oscillator	b2o2$3bo$3bo$2o	88			search
oscillator	b2o2$3bo$3bo$obo	44			search
oscillator	b2o2$3bo$3bo$bo	48			search
oscillator	b2o2$3bo$3bo$bo2bo	48			search
oscillator	b2o2$3bo$3bo$2bobo	36			search
oscillator	b2o2$3bo$4bo$2bo	16			search
oscillator	b2o2$3bobo	16			search
oscillator	b2o2$3bob2o	16			search
oscillator	b2o3$3bo$ob2o	32			search
oscillator	b2o3$3bo$3bo	16			search
oscillator	b2o3$3b2o$2b2o	16			search
oscillator	b2obo$obo2$2bo	56			search
oscillator	b2obo$obo3$4bo	216			search
oscillator	b2obo$o$2bo$2bo	32			search
oscillator	b2obo$o2bo$3bo	80			search
oscillator	b2obo$o2b2o	80			search
oscillator	b2obo$o2b2o$2bo	96			search
oscillator	b2obo$o$3bo$2bo	28			search
oscillator	b2obo$o3bo$2bobo	96			search
oscillator	b2obo2$o$o$4bo	104			search
oscillator	b2obo2$obo$2bo	80			search
oscillator	b2obo2$o2bo$2bo	112			search
oscillator	b2obo2$o2bo$3bo	80			search
oscillator	b2obo$b2o	64			search
oscillator	b2obo$b2o$5bo	64			search
oscillator	b2obo$bo$2b2o	40			search
oscillator	b2obo$bo$2b3o	32			search
oscillator	b2obo$bo2$2b2o	40			search
oscillator	b2obo$bobo$3b2o	24			search
oscillator	b2obo$bob2o	56			search
oscillator	b2obo$bob2o$2bo	160			search
oscillator	b2obo$bob2o2bo	80			search
oscillator	b2obo$bo$3bo$2bo	32			search
oscillator	b2obo$bo$3bo$3bo	64			search
oscillator	b2obo$bo2bo	36			search
oscillator	b2obo$bo2bo$o	36			search
oscillator	b2obo$bo2bo2$bo	36			search
oscillator	b2obo$bo2bo$2bo	40			search
oscillator	b2obo$bo2bo$2bobo	32			search
oscillator	b2obo$bo2bo2$2bo	36			search
oscillator	b2obo$bo2bo2$3bo	40			search
oscillator	b2obo$bo2bo2$4bo	256			search
oscillator	b2obo$bo2bo3$4bo	36			search
oscillator	b2obo$bo3bo$3b2o$3bo	332			search
oscillator	b2obo2$bo$o$4bo	136			search
oscillator	b2obo2$bo$bo$4bo	112			search
oscillator	b2obo2$bobo$2bo	28			search
oscillator	b2obo2$bobo$3bo	128			search
oscillator	b2obo$2bo$o3bo	76			search
oscillator	b2obo$2bo$o2$4bo	228			search
oscillator	b2obo$2bo2$o$4bo	224			search
oscillator	b2obo$2bo2$bo$4bo	224			search
oscillator	b2obo$2bo$2bo$o	68			search
oscillator	b2obo$2bo$4bo$o	72			search
oscillator	b2obo2$2bo$bo$b2o	52			search
oscillator	b2obo2$2bo$b2o	80			search
oscillator	b2obo2$2bo$2bo	32			search
oscillator	b2obo2$2bo$2bo$2bo	40			search
oscillator	b2obo2$2b2o2$bo	52			search
oscillator	b2obo2$2bo$3bo$4bo	28			search
oscillator	b2obo$3bo$2b2o	72			search
oscillator	b2obo$3b2o	184			search
oscillator	b2obo$3b2o$obo	120			search
oscillator	b2obo$3b2o$2bo	72			search
oscillator	b2obo$3b2o$3bo	16			search
oscillator	b2obo$3bo$4b2o	168			search
oscillator	b2obo$3bo$4b2o$4bo	168			search
oscillator	b2obo$3bob2o	28			search
oscillator	b2obo$3bobobo$2o	1660			search
oscillator	b2obo$3bo$5bo$3bobo	224			search
oscillator	b2obo$3bo2bo	112			search
oscillator	b2obo$3bo2bo$2bo	112			search
oscillator	b2obo$3bo2bo$6bo	28			search
oscillator	b2obo2$3bo$bo$bo	80			search
oscillator	b2obo2$3bo$b2o	80			search
oscillator	b2obo2$3bo$bobo	80			search
oscillator	b2obo2$3bo$2bo	28			search
oscillator	b2obo2$3bo$2bo$bo	32			search
oscillator	b2obo2$3bo$2bo$3bo	28			search
oscillator	b2obo2$3bo$3bo	32			search
oscillator	b2obo2$3bo$3bo$bo	52			search
oscillator	b2obo2$3bo$3bo$4bo	32			search
oscillator	b2obo$4bo$2o	112			search
oscillator	b2obo$4bo$2b2o	24			search
oscillator	b2obo$4bo$2bobo	32			search
oscillator	b2obo$4b2o	24			search
oscillator	b2obo2$4bo$3b2o	32			search
oscillator	b2obo2$4bo2$3b2o	32			search
oscillator	b2obo2$4bo$4bo$3bo	32			search
oscillator	b2obo2$4bo$4bo$4bo	32			search
oscillator	b2obo2$4b2o$4bo	48			search
oscillator	b2obo3$4b2o	48			search
oscillator	b2ob2o	28			search
oscillator	b2ob2o$o	28			search
oscillator	b2ob2o$o$2bo	32			search
oscillator	b2ob2o$o6bo	36			search
oscillator	b2ob2o2$obo	40			search
oscillator	b2ob2o$bo	40			search
oscillator	b2ob2o$bo$2bo	64			search
oscillator	b2ob2o$bo$2bobo	32			search
oscillator	b2ob2o$bo2$2bo	40			search
oscillator	b2ob2o$bobo	24			search
oscillator	b2ob2o$bo2bo	208			search
oscillator	b2ob2o2$2bo	32			search
oscillator	b2ob2o2$2b2o	48			search
oscillator	b2ob2o$3bo$2bo	24			search
oscillator	b2ob2o$4bo	108			search
oscillator	b2ob2o$4bo$2bo	44			search
oscillator	b2ob2o$4b2o	24			search
oscillator	b2ob2o$4bo$6bo	108			search
oscillator	b2ob2o2$5bo	16			search
oscillator	b2ob3o	36			search
oscillator	b2ob3o$3bo	308			search
oscillator	b2ob3o$3bo3bo	164			search
oscillator	b2ob3o$4bo	256			search
oscillator	b2ob3o$7bo	32			search
oscillator	b2ob3o$7bobo	312			search
oscillator	b2ob2obo	84			search
oscillator	b2ob2obo$3bo	552			search
oscillator	b2ob2ob2o	416			search
oscillator	b2obo$5bo$5bo$3bo	112			search
oscillator	b2obo$5bo$5bo$4b2o	212			search
oscillator	b2obo$5bo$5b2o	48			search
oscillator	b2obo$5b2o	112			search
oscillator	b2obobo$ob2o	592			search
oscillator	b2obobo$3b2o	104			search
oscillator	b2obobo$3b2o2bo	80			search
oscillator	b2obobo$3bo2bo	168			search
oscillator	b2obobo$4b2o	72			search
oscillator	b2obobo$4b2obo	168			search
oscillator	b2obobo$5b2o	80			search
oscillator	b2obob2o$3bo2bo	112			search
oscillator	b2obob2o$5bo	80			search
oscillator	b2obo$6bo$5bo	48			search
oscillator	b2obo2bo$bobobo	396			search
oscillator	b2obo2b2o$3b2o	1464			search
oscillator	b2obo2b2o$3bo3bo	224			search
oscillator	b2o$4bo	24			search
oscillator	b2o$4bo$bo$3bo$4bo	116			search
oscillator	b2o$4bo2$bo$b2obo	56			search
oscillator	b2o$4bo2$b2o$4bo	80			search
oscillator	b2o$4bo2$bo2bo$2bo	44			search
oscillator	b2o$4bo$3bo2$b2o	48			search
oscillator	b2o$4bo$3b2o$bo$2bo	92			search
oscillator	b2o$4bo2$3bo$bo2bo	48			search
oscillator	b2o$4bo$4bo	56			search
oscillator	b2o$4bo$4bo$3bo$bo	20			search
oscillator	b2o$4bo2$4bo$2bo	44			search
oscillator	b2o$4b2o$2bo	32			search
oscillator	b2o$4b2o$3bobo	16			search
oscillator	b2o$4b2o$5bo	16			search
oscillator	b2o$4b2o$5bo$3bo	16			search
oscillator	b2o$4bobo$2b2o	132			search
oscillator	b2o$4bobo$4bo	56			search
oscillator	b2o2$4bo$4bo$3b2o	16			search
oscillator	b2o2bo$obo2$5bo	120			search
oscillator	b2o2bo$o2bo$4bo	168			search
oscillator	b2o2bo$bobo	248			search
oscillator	b2o2bo$bobo$2bo	248			search
oscillator	b2o2bo$bobo$2bobo	248			search
oscillator	b2o2bo$bobo$4bo	248			search
oscillator	b2o2bo$bo3bo	36			search
oscillator	b2o2bo$bo3bo$2bo	40			search
oscillator	b2o2bo$3b2o$3bo	16			search
oscillator	b2o2bo$3b2o$4bo	60			search
oscillator	b2o2bo$3bobo$5bo$2bo	168			search
oscillator	b2o2bo$4bo	24			search
oscillator	b2o2bo$4b2o	108			search
oscillator	b2o2bo$4b2o$2bo	48			search
oscillator	b2o2bo$4b2o$6bo	108			search
oscillator	b2o2bo$5bo$2b2o	32			search
oscillator	b2o2bo$5b2o	16			search
oscillator	b2o2b2o$bo3bo	100			search
oscillator	b2o2b2o$3b2o	16			search
oscillator	b2o2b2o$6b2o	112			search
oscillator	b2o2bo$6bo	112			search
oscillator	b2o2bobo$4bo	24			search
oscillator	b2o2bobo$5bo	104			search
oscillator	b2o2bobo$7bo	80			search
oscillator	b2o2bob2o$5bo	212			search
oscillator	b2o$5bo$2b2obo	32			search
oscillator	b2o$5bo$3bobo	16			search
oscillator	b2o$5bo$3bob2o	16			search
oscillator	b2o$5bo$4b2o$5bo	48			search
oscillator	b2o$5bo$5bo	16			search
oscillator	b2o$5bo$5bo$3bo	16			search
oscillator	b2o$5bo$5b2o	16			search
oscillator	b2o$5b2o	16			search
oscillator	b2o$5b2o$3bobo	16			search
oscillator	b2o$5b2o$5bo	16			search
oscillator	b2o$5b2o$5b2o	16			search
oscillator	b2o2$5bo	16			search
oscillator	b2o2$5b2o	16			search
oscillator	b2o3bo$o3b2o	36			search
oscillator	b2o3bo$bo2b2o	88			search
oscillator	b2o3bo2$3bob2o	48			search
oscillator	b2o3bo$4b2o	36			search
oscillator	b2o3bo$4b2obo	84			search
oscillator	b2o3bo$5bo$3bob2o	48			search
oscillator	b2o3bo$5bo$5b2o	48			search
oscillator	b2o3bo$5b2o	48			search
oscillator	b2o3bo$5b2o$3bo	48			search
oscillator	b2o3bo$5b2o$5bo	16			search
oscillator	b2o3b2o$5bo	48			search
oscillator	b2o3b2o$7b2o	112			search
oscillator	b2o$6bo$3bobo	16			search
oscillator	b2o$6bo$3bob2o	16			search
oscillator	b2o$6bo$3bo2bo	16			search
oscillator	b2o$6bo$4b3o	48			search
oscillator	b2o$6bo$5bo	16			search
oscillator	b2o$6bo$5b2o	16			search
oscillator	b2o$6bo$6bo	16			search
oscillator	b2o4bo$2bobo2bo	120			search
oscillator	b2o4bo$4b2o	32			search
oscillator	b2o4b2o$4b2o	312			search
oscillator	bo$2bo	28			search
oscillator	bo$2bo$o	16			search
oscillator	bo$2bo$o$2o$2bo	12			search
oscillator	bo$2bo$o2$o	40			search
oscillator	bo$2bo$o$bobo$2bo	4			search
oscillator	bo$2bo$o$bobo$4bo	4			search
oscillator	bo$2bo$o2$bo	64			search
oscillator	bo$2bo$o2bo$bo$2bo	4			search
oscillator	bo$2bo$o2bo$4bo$2bo	28			search
oscillator	bo$2bo$o3bo$3b2o	44			search
oscillator	bo$2bo2$o$bo	28			search
oscillator	bo$2bo2$o$bo2bo	28			search
oscillator	bo$2bo2$bo	12			search
oscillator	bo$2bo2$bo$2bo	12			search
oscillator	bo$2bo2$bo$2bo$b2o	144			search
oscillator	bo$2bo2$bo$2bo$2bo$o$bo	44			search
oscillator	bo$2bo3$bo$bo$2bo	248			search
oscillator	bo$2bo$2bo2$bo$bo2$bo	76			search
oscillator	bo$2bo3$2bo$bo$b2o	96			search
oscillator	bo$2bo3$2bo$2bo$bo	96			search
oscillator	bo$2b2o3$ob2o	48			search
oscillator	bo$2b2o2$3bo$3bo	16			search
oscillator	bo$2bo$3bo	4			search
oscillator	bo$2bo$3bo$o3bo$2bo	24			search
oscillator	bo$2bo$3bo$b2o	24			search
oscillator	bo$2bo$3bo$b3o	24			search
oscillator	bo$2bo$3bo$bobo$2bo	8			search
oscillator	bo$2bo$3bo$bobo$4bo	24			search
oscillator	bo$2bo$3bo$bo2bo	44			search
oscillator	bo$2bo$3bo$bo2bo$2bo	24			search
oscillator	bo$2bo$3bo2$2b2o	162			search
oscillator	bo$2bo$3bo$3bo$bo	12			search
oscillator	bo$2bo$3bo$3bo$b2o	8			search
oscillator	bo$2bo$3bo$3bo$bo2bo	12			search
oscillator	bo$2bo$3bo$3b2o$4bo	8			search
oscillator	bo$2bo$3bo$3bo$4bo	8			search
oscillator	bo$2bo$3bo$3bo$4bo$3bo	24			search
oscillator	bo$2bo$3bo$4bo	88			search
oscillator	bo$2bo2$3b2o$3b2o	4			search
oscillator	bo$2bo2$3b2o$4bo	4			search
oscillator	bo$2bo2$3bo$4bo	4			search
oscillator	bo$2bo3$3bo$b2o	80			search
oscillator	bo$2bobo2$bo$2b2o	52			search
oscillator	bo$2bo$4bo$3b2o$4bo	8			search
oscillator	bo2$2bo$b2o$b2o	12			search
oscillator	bo2$2bo$b3o	16			search
oscillator	bo2$2bo$b3o$o	24			search
oscillator	bo2$2bo$b3o$bo	8			search
oscillator	bo2$2bo$b3o2$bo	24			search
oscillator	bo2$2bo$b3o$2bo	4			search
oscillator	bo2$2bo$b3o$4bo	16			search
oscillator	bo2$2bo$bo$2b2o$3bo	24			search
oscillator	bo2$2bo$bobo$3o	24			search
oscillator	bo2$2bo$bobo$b2o	8			search
oscillator	bo2$2bo$bobo$b2obo	8			search
oscillator	bo2$2bo$2bo$obo$o	16			search
oscillator	bo2$2bo$2bo$b2o	16			search
oscillator	bo2$2bo$2b2o	4			search
oscillator	bo2$2bo$2b2o$4bo	4			search
oscillator	bo2$2bo$2b2o$4bo$3bo	16			search
oscillator	bo2$2bo2$2b2o$3bo	24			search
oscillator	bo2$2b2o$b2o$bo	8			search
oscillator	bo2$2b2o$b2o$2bo	4			search
oscillator	bo2$2b2o$b3o	16			search
oscillator	bo2$2b2o$bobo$b2o	8			search
oscillator	bo2$2b2o$2bo	4			search
oscillator	bo2$2b2o$2b2o	4			search
oscillator	bo2$2b2o$2b2o$4bo	4			search
oscillator	bo2$2b2o$2bo$4bo$3bo	16			search
oscillator	bo2$2b2o2$2b3o	96			search
oscillator	bo2$2b2o$3bo	4			search
oscillator	bo2$2b2o$3b2o$2bo	28			search
oscillator	bo2$2b2o$3b2o$3bo	32			search
oscillator	bo2$2b2o$3bo$4bo	4			search
oscillator	bo2$2bo$3bo$2b2o$2bo	124			search
oscillator	bo2$2bo$3b2o$2b2o	124			search
oscillator	bo2$2bo$4bo2$2b2o	16			search
oscillator	bo3$2b2o$2b2o	20			search
oscillator	bobo$o$ob2o	188			search
oscillator	bobo$o$o2bo$2bo	840			search
oscillator	bobo$o2$3o	280			search
oscillator	bobo$o2$o2bo$bo	140			search
oscillator	bobo$2o2$bo$o	16			search
oscillator	bobo$2o2$bo$2bo	16			search
oscillator	bobo$o$bo	28			search
oscillator	bobo$o$bo2$o	28			search
oscillator	bobo$o$bo2$o2bo	28			search
oscillator	bobo$o$bo2$bo	28			search
oscillator	bobo$o$bo2$bobo	28			search
oscillator	bobo$o$bobo	28			search
oscillator	bobo$o$bobo2$o	28			search
oscillator	bobo$o$bobo2$bo	28			search
oscillator	bobo$o$bobo2$3bo	28			search
oscillator	bobo$o$bo$3bo$o	28			search
oscillator	bobo$o$bo$3bo$bo	28			search
oscillator	bobo$o$bo$3bo$3b2o	56			search
oscillator	bobo$o$bo$3bo$4bo	28			search
oscillator	bobo$o$bo2$3bo	28			search
oscillator	bobo$o2$bo$3o	216			search
oscillator	bobo$o2$bo$obo	80			search
oscillator	bobo$o2$bo$b2o	224			search
oscillator	bobo$o2$b2o	168			search
oscillator	bobo$o2$b2o$bo	180			search
oscillator	bobo$o2$b2o$2bo	160			search
oscillator	bobo$o2$bo$2bo	80			search
oscillator	bobo$o2$bo$2b2o	80			search
oscillator	bobo$o2$bobo$o	80			search
oscillator	bobo$o2$bobo$2bo	80			search
oscillator	bobo$o2$bobo$3bo	80			search
oscillator	bobo$o2$bob2o	80			search
oscillator	bobo$o2$bobo$4bo	80			search
oscillator	bobo$o2$bo2bo$3bo	80			search
oscillator	bobo$o$2bo$o$bo	140			search
oscillator	bobo$o$2bo$bo$o	80			search
oscillator	bobo$o$2bo$b3o	720			search
oscillator	bobo$o$2bo$bo$2bo	80			search
oscillator	bobo$o$2bo$bobo$b2o	704			search
oscillator	bobo$o$2bo$2b2o$bo	192			search
oscillator	bobo$o$2b2o	104			search
oscillator	bobo$o$2b2o$bo$2bo	1808			search
oscillator	bobo$o$2b2obo	32			search
oscillator	bobo$o$2bo$3bo$b2o	288			search
oscillator	bobo$o$2bo$3bo$4bo	16			search
oscillator	bobo$o2$2bo$b2o	300			search
oscillator	bobo$o2$2bo$3bo	40			search
oscillator	bobo$o2bo2$bo$2bo	48			search
oscillator	bobo$o2bo$3bo$2bo	32			search
oscillator	bobo$o2bo$4bo	64			search
oscillator	bobo$o2bo$4bo$bo	48			search
oscillator	bobo$o2bo$4bo$4bo	64			search
oscillator	bobo$o$3bo$o$bo	140			search
oscillator	bobo$o$3bo$bo$o	80			search
oscillator	bobo$o$3bo$bo$2bo	80			search
oscillator	bobo$o$3bo2$b2o	24			search
oscillator	bobo$o2$3bo$b2o	28			search
oscillator	bobo$o3bo$o2$bo	240			search
oscillator	bobo$o3bo$o2$4bo	240			search
oscillator	bobo$o3bo2$bo$o	16			search
oscillator	bobo$o3bo2$bo$2bo	16			search
oscillator	bobo$o3bo2$bo$4bo	16			search
oscillator	bobo$o3bo$3bo$2bo	72			search
oscillator	bobo$o3bo2$3bo$4bo	112			search
oscillator	bobo$o3bo3$4bo	16			search
oscillator	bobo2$2obo	16			search
oscillator	bobo2$2obo2$o	24			search
oscillator	bobo2$2obo2$bo	80			search
oscillator	bobo2$2obo2$3bo	16			search
oscillator	bobo2$2o$3bo$o	64			search
oscillator	bobo2$2o$3bo$4bo	24			search
oscillator	bobo2$obo$3bo$2o	144			search
oscillator	bobo2$o2bo$o$o	24			search
oscillator	bobo2$o2bo$bo$2bo	8			search
oscillator	bobo2$o2bo$3bo$o	96			search
oscillator	bobo$bo	20			search
oscillator	bobo$bo$o$bo$2bo	92			search
oscillator	bobo$bo$o2$bobo	28			search
oscillator	bobo$bo$obo	28			search
oscillator	bobo$bo$obo2$bo	28			search
oscillator	bobo$bo$ob2o	260			search
oscillator	bobo$bo$obo2$3bo	28			search
oscillator	bobo$bo$o$3bo$3b2o	56			search
oscillator	bobo$bo$o2$3bo	28			search
oscillator	bobo$bo2$bo$obo	28			search
oscillator	bobo$bo2$b2o	104			search
oscillator	bobo$bo2$b2o$obo	728			search
oscillator	bobo$bo2$b2o$2bo	236			search
oscillator	bobo$bo2$b3o	60			search
oscillator	bobo$bo2$bo$2bo	28			search
oscillator	bobo$bo2$bo$2b2o	56			search
oscillator	bobo$bo2$bo$2bo$3bo	28			search
oscillator	bobo$b2o$obo	24			search
oscillator	bobo$b2o$2bo	8			search
oscillator	bobo$b2o$2bo$bo	24			search
oscillator	bobo$b2o$2bo$2bo	8			search
oscillator	bobo$b2o$2bo2$2bo$bobo	44			search
oscillator	bobo$b2o$2bo2$2bo$3bo	44			search
oscillator	bobo$b2o$2b2o	8			search
oscillator	bobo$b2o$2bo$4bo	68			search
oscillator	bobo$b3o$2bo	8			search
oscillator	bobo$b2o2bo$2bo	16			search
oscillator	bobo$bo$2bo	20			search
oscillator	bobo$bo$2bo$bo	28			search
oscillator	bobo$bo$2bo$bo$o	28			search
oscillator	bobo$bo$2bo$bo$b2o	236			search
oscillator	bobo$bo$2bo$b2o$2bo	520			search
oscillator	bobo$bo$2bo$b3o	764			search
oscillator	bobo$bo$2bo$b3o$2bo	1652			search
oscillator	bobo$bo$2bo$bo$2bo	28			search
oscillator	bobo$bo$2bo$bobo$o	160			search
oscillator	bobo$bo$2bo$bobo$2bo	160			search
oscillator	bobo$bo$2bo$bobo$4bo	160			search
oscillator	bobo$bo$2bo$bo2bo	112			search
oscillator	bobo$bo$2bo$2bo	24			search
oscillator	bobo$bo$2bo$2bo$2bo	460			search
oscillator	bobo$bo$2bo$2b2o	20			search
oscillator	bobo$bo$2bo$2bo$3bo	660			search
oscillator	bobo$bo$2bo2$2b2o	120			search
oscillator	bobo$bo$2b2o	28			search
oscillator	bobo$bo$2b2o$bo	260			search
oscillator	bobo$bo$2b2o2$bo	160			search
oscillator	bobo$bo$2b2obo	68			search
oscillator	bobo$bo$2bo$3bo$b2o	184			search
oscillator	bobo$bo$2bo$3bo$2b2o	1216			search
oscillator	bobo$bo$2bo$3bo$4bo	104			search
oscillator	bobo$bo$2bob2o	120			search
oscillator	bobo$bo$2bo$4bo	80			search
oscillator	bobo$bo2$2bo$3bo	180			search
oscillator	bobo$bo$3bo$b2o	416			search
oscillator	bobo$bo$3bo$bobo$2bo	616			search
oscillator	bobo$bo$3bo$2bo	104			search
oscillator	bobo$bo$3bo$2bo$2bo	188			search
oscillator	bobo$bo$3bo$2bo2$3bo	236			search
oscillator	bobo$bo$3bo$3bo$bo	900			search
oscillator	bobo$bo2$3bo$2b3o	120			search
oscillator	bobo$bo2bo	64			search
oscillator	bobo$bo2bo$obo	96			search
oscillator	bobo$bo2bo2$bo$4bo	160			search
oscillator	bobo$bo2bo$2bo	24			search
oscillator	bobo$bo2bo2$3bo$4bo	196			search
oscillator	bobo$bo2bo2$4bo$2bo	72			search
oscillator	bobo$bo2bo3$4bo	64			search
oscillator	bobo$bo2$4bo$2bo$3bo	40			search
oscillator	bobo2$bo$bo$3o	424			search
oscillator	bobo2$bo$bobo$2bo	16			search
oscillator	bobo2$bo$bobo$4bo	16			search
oscillator	bobo2$bo$2b2o	40			search
oscillator	bobo2$bo$2b2o$o	28			search
oscillator	bobo2$bo$2b2o$4bo	40			search
oscillator	bobo2$bobo$o$o	16			search
oscillator	bobo2$bobo$bo	16			search
oscillator	bobo2$bobo$bo$o	24			search
oscillator	bobo2$bobo$bo$2bo	16			search
oscillator	bobo2$bobo$2bo	28			search
oscillator	bobo2$bobo$2bo$4bo	28			search
oscillator	bobo2$bobo$3bo	40			search
oscillator	bobo2$bobo$3bo$o	28			search
oscillator	bobo2$bobo$3bo$4bo	40			search
oscillator	bobo2$bo2bo$bobo	16			search
oscillator	bobo3$bobo$3o	48			search
oscillator	bobo$2b2o$3bo$3bo	16			search
oscillator	bobo$2b2o$3b2o	8			search
oscillator	bobo$2b2o2$3bo$4bo	4			search
oscillator	bobo$2b2o$4bo$3bo	4			search
oscillator	bobo$2bo$3bo	4			search
oscillator	bobo$2bo$3bo$3bo$bo	12			search
oscillator	bobo$2bo$3bo$3bo$4bo	8			search
oscillator	bobo$2bo2$3b2o$4bo	4			search
oscillator	bobo$2bo2$3bo$4bo	4			search
oscillator	bobo$2bo2bo$o	16			search
oscillator	bobo$2bo2bo$3bo	16			search
oscillator	bobo$2bo$5bo$4bo	148			search
oscillator	bobo2$2bo$b3o	48			search
oscillator	bobo2$2bo$b3o$o	48			search
oscillator	bobo2$2bo$bobo$3o	72			search
oscillator	bobo2$2bo$bobo$b2o	48			search
oscillator	bobo2$2bo$bobo$2b2o	272			search
oscillator	bobo2$2b2o$b2o	32			search
oscillator	bobo2$2b2o$2b2o	12			search
oscillator	bobo2$2bo$3bo$3o	144			search
oscillator	bobo2$2bo$3bo$ob2o	360			search
oscillator	bobo2$2bo$3bo$2b2o	272			search
oscillator	bobo$3bo$o3bo	28			search
oscillator	bobo$3bo$o$4bo$3bo	8			search
oscillator	bobo$3bo2$o$2b2o	32			search
oscillator	bobo$3bo2$bo$2b2o	32			search
oscillator	bobo$3bo$3b2o$bobo	236			search
oscillator	bobo$3bo$3b2o2$2bobo	124			search
oscillator	bobo$3bo$3b2o$3bo$4bo	104			search
oscillator	bobo$3bo2$3b2o$4bo	8			search
oscillator	bobo$3bo2$3bo$4bo	8			search
oscillator	bobo$3b2o$3b2o	8			search
oscillator	bobo$3b2o2$3bo$4bo	96			search
oscillator	bobo$3b2o$4bo$3bo	8			search
oscillator	bobo$3bo$4bo$3bo	8			search
oscillator	bobo$3bo$4bo$3bo$4bo	8			search
oscillator	bobo$3bo2$4bo$3bo	8			search
oscillator	bobo$3bo2$4bo$3b2o	8			search
oscillator	bobo$3bobo$o3bo	80			search
oscillator	bobo$3bobo$4b2o	192			search
oscillator	bobo2$3bo$o2bo$bo	56			search
oscillator	bobo2$3bo$bo$3o	48			search
oscillator	bobo2$3bo$bo$b2o	16			search
oscillator	bobo2$3bo$b2o	80			search
oscillator	bobo2$3bo$b3o	16			search
oscillator	bobo2$3bo$bobo$o	96			search
oscillator	bobo2$3bo$bobo$2bo	24			search
oscillator	bobo2$3bo$bobo$4bo	72			search
oscillator	bobo2$3bo$3bo$2o	48			search
oscillator	bobo2$3bo$3bo$bo	36			search
oscillator	bobo2$3bo$3bo$b2o	24			search
oscillator	bobo2$3bo$3bo$bo2bo	36			search
oscillator	bobo2$3bo$3bo$4bo	24			search
oscillator	bobo2$3bo$3bo$4bo$3bo	72			search
oscillator	bob2o$o	56			search
oscillator	bob2o$o$4bo$4bo	60			search
oscillator	bob2o$o4bo$4bo	168			search
oscillator	bob2o2$o$2b2o	96			search
oscillator	bob2o2$o2bo$bo	24			search
oscillator	bob2o2$o2bo$3bo	128			search
oscillator	bob2o$bo	28			search
oscillator	bob2o$bo$o	52			search
oscillator	bob2o$bo$obo	52			search
oscillator	bob2o$bo2$b2o	212			search
oscillator	bob2o$bo2$bo$2bo	52			search
oscillator	bob2o$bo2$bo3bo	52			search
oscillator	bob2o$b2o$2bo	16			search
oscillator	bob2o$b2o$2bo$3bo	16			search
oscillator	bob2o$b2o2bo$2bo	24			search
oscillator	bob2o$bo$2bo	28			search
oscillator	bob2o$bo$2bo$bo	52			search
oscillator	bob2o$bo$2b2o	112			search
oscillator	bob2o$bo$2bo$4bo	112			search
oscillator	bob2o$bo$4bo$4bo	104			search
oscillator	bob2o$bo$4b2o	144			search
oscillator	bob2o$bo3bo$obo	360			search
oscillator	bob2o$bo3bo$o3bo	360			search
oscillator	bob2o$bo3bo$2bobo	248			search
oscillator	bob2o$bo3bo$4bo	248			search
oscillator	bob2o2$bo$o$4bo	248			search
oscillator	bob2o2$bobo$o	24			search
oscillator	bob2o$2bo$3bo	16			search
oscillator	bob2o$2bo2$3bo$4bo	16			search
oscillator	bob2o$2bo2bo$3bo	12			search
oscillator	bob2o3$2b2o$4bo	32			search
oscillator	bob2o$3bo	104			search
oscillator	bob2o$3bo$o	80			search
oscillator	bob2o$3bo$o3bo	80			search
oscillator	bob2o$3bo$o$4bo	52			search
oscillator	bob2o$3bo$o2$4bo	80			search
oscillator	bob2o$3bo2$o3bo	144			search
oscillator	bob2o$3bo2$o$4bo	72			search
oscillator	bob2o$3bo2$bo2bo	88			search
oscillator	bob2o$3bo2$bo$4bo	72			search
oscillator	bob2o$3bo2$3bo$4bo	24			search
oscillator	bob2o$3bo$4bo$o	72			search
oscillator	bob2o$3bo$4bo$bo	72			search
oscillator	bob2o$3bo$4bo$3bo	24			search
oscillator	bob2o$3bo2$4bo$3bo	24			search
oscillator	bob2o$3bob2o$4bo	68			search
oscillator	bob2o$3bobobo$o	376			search
oscillator	bob2o2$3bo$3bo$4bo	44			search
oscillator	bob2o$4bo$3bo2$4bo	176			search
oscillator	bob2o2$4bo$3bo$3b2o	48			search
oscillator	bob2o2$4bo$3b2o	72			search
oscillator	bob2o2$4bo$4bo$4bo	36			search
oscillator	bob3o$bo	32			search
oscillator	bob3o$bo3bo	220			search
oscillator	bob2o2bo$3bobo	468			search
oscillator	bob2o2bo$3bo3bo	52			search
oscillator	bobo$4bo	28			search
oscillator	bobo$4bo$o$2bo$4bo	48			search
oscillator	bobo$4bo2$bo$b2obo	48			search
oscillator	bobo$4bo2$bo$bo2bo	80			search
oscillator	bobo$4bo2$b2o$4bo	48			search
oscillator	bobo$4bo$2bo$2b2o	12			search
oscillator	bobo$4bo2$2bo$4bo$3bo	80			search
oscillator	bobo$4bo2$3bo$4bo	12			search
oscillator	bobo$4bo3$4bo	28			search
oscillator	bobo2$4b2o$3b2o	16			search
oscillator	bobobo$2bo	28			search
oscillator	bobobo$2bo$o	64			search
oscillator	bobobo$2bo$3bo	12			search
oscillator	bobobo$3bo	92			search
oscillator	bobobo$3bo$o	68			search
oscillator	bobobo$3bo$4bo	92			search
oscillator	bobobo$3bo$4b2o	64			search
oscillator	bobob2o$o4bo	272			search
oscillator	bobob2o$bo3bo	80			search
oscillator	bobob2o$3bo	44			search
oscillator	bobo2bo$o3b2o	144			search
oscillator	bobo2bo$bo2b2o	180			search
oscillator	bo$3bo$2o2bo	20			search
oscillator	bo$3bo$obo$2b2o$o	24			search
oscillator	bo$3bo$obo$3bo$2o	48			search
oscillator	bo$3bo$obobo$2b2o$o	24			search
oscillator	bo$3bo$o2bo$2bo	48			search
oscillator	bo$3bo$o2bo$2bo$o	48			search
oscillator	bo$3bo$o3bo$3bo$3b2o	12			search
oscillator	bo$3bo$o3bo$3b2o	24			search
oscillator	bo$3bo$bo2bo$3bo$3b2o	12			search
oscillator	bo$3bo$bo2bo$3b2o	24			search
oscillator	bo$3bo$2bo$bobo$3o	48			search
oscillator	bo$3bo$2b2o$bo$bo	64			search
oscillator	bo$3bo$2b2o$bo$b2o	684			search
oscillator	bo$3bo$2b2o$b2o	16			search
oscillator	bo$3bo$2b2o$b3o	1152			search
oscillator	bo$3bo$2b2o$2bo	24			search
oscillator	bo$3bo$2b2o$2b2o	16			search
oscillator	bo$3bo$2b2o$2b2o$bo	584			search
oscillator	bo$3bo$2b2o$3bo	60			search
oscillator	bo$3bo$2b3o	72			search
oscillator	bo$3bo$2b3o$bo	216			search
oscillator	bo$3bo$2b3o$bo2$bo	288			search
oscillator	bo$3bo$2b3o$bo$2bo	72			search
oscillator	bo$3bo$2b3o2$b2o	72			search
oscillator	bo$3bo$2b3o3$bobo	288			search
oscillator	bo$3bo$2b3o$3bo$4bo	40			search
oscillator	bo$3bo2$2b2o$2b2o	64			search
oscillator	bo$3bo$3bo$o2bo$bo	56			search
oscillator	bo$3bo$3bo2$ob2o	56			search
oscillator	bo$3bo$3bo$bo$3o	48			search
oscillator	bo$3bo$3bo$bo$b2o	16			search
oscillator	bo$3bo$3bo$b2o$o	48			search
oscillator	bo$3bo$3bo$b3o	16			search
oscillator	bo$3bo$3bo$bo$2bo$2bo	28			search
oscillator	bo$3bo$3bo$bo$2b2o	40			search
oscillator	bo$3bo$3bo$bobo$o	40			search
oscillator	bo$3bo$3bo$bobo$b2o	624			search
oscillator	bo$3bo$3bo$bobo$2bo	24			search
oscillator	bo$3bo$3bo2$b2o	16			search
oscillator	bo$3bo$3bo$2bo$obo	48			search
oscillator	bo$3bo$3bo$2bo$bo	16			search
oscillator	bo$3bo$3bo$2bo$2bo	16			search
oscillator	bo$3bo$3bo2$2bo$2bo	28			search
oscillator	bo$3bo$3bo2$2b2o	40			search
oscillator	bo$3bo$3bo$3bo$bo	32			search
oscillator	bo$3bo$3bo2$3bo$3bo	32			search
oscillator	bo$3bo$3b2o	8			search
oscillator	bo$3bo$3b2o$bo$b2o	56			search
oscillator	bo$3bo$3b2o$bobo2$bo	288			search
oscillator	bo$3bo$3b2o$bobo$2bo	72			search
oscillator	bo$3bo$3b2o$bobo$2bo$3bo	72			search
oscillator	bo$3bo$3b2o$2bo$bo	8			search
oscillator	bo$3bo$3b2o$2bo$4bo$3bo	80			search
oscillator	bo$3bo$3b2o2$2b2o	20			search
oscillator	bo$3bo$3b2o$3bo$2o	48			search
oscillator	bo$3bo$3b2o$3bo$b2o	72			search
oscillator	bo$3bo$3b2o$3bo$bo2bo	76			search
oscillator	bo$3bo$3b2o$3bo2$bobo	288			search
oscillator	bo$3bo2$3bo$2obo	76			search
oscillator	bo$3b2o	16			search
oscillator	bo$3b2o$2o2bo	20			search
oscillator	bo$3b2o$ob2o	24			search
oscillator	bo$3b2o$bo$3bo$4bo	104			search
oscillator	bo$3b2o2$bobo$4bo	32			search
oscillator	bo$3b2o2$bo2bo$b2o	16			search
oscillator	bo$3b2o2$bo2bo$2bo	40			search
oscillator	bo$3b2o$2b2o$bo	24			search
oscillator	bo$3b2o$2bo$3bo$4bo	60			search
oscillator	bo$3b2o2$2bobo$2bo	16			search
oscillator	bo$3b2o2$2bo$4bo$3bo	48			search
oscillator	bo$3b2o$3bo	8			search
oscillator	bo$3b2o$3bo$2bo$bo	16			search
oscillator	bo$3b2o$3bo$3bo$4bo	16			search
oscillator	bo$3b2o$3b2o	4			search
oscillator	bo$3b2o$3b2o$3bo	16			search
oscillator	bo$3b2o$3bo$4bo$2bo	36			search
oscillator	bo$3b2o2$3bo$bo2bo	32			search
oscillator	bo$3b2o2$3bo$2bobo	32			search
oscillator	bo$3b2o2$3b2o$2bo	168			search
oscillator	bo$3b2o2$3bo$4bo	24			search
oscillator	bo$3b2o2$3bo$4bo$3bo	32			search
oscillator	bo$3b2o$4bo$3bo$3b2o	12			search
oscillator	bo$3b2o$4bo$3b2o	24			search
oscillator	bo$3b2o2$4bo$obo	88			search
oscillator	bo$3b2o2$4bo$2bo	40			search
oscillator	bo$3b2o2$4bo$2b2o	152			search
oscillator	bo$3b2o2$4bo2$3bo	36			search
oscillator	bo$3bo$4bo$bobo$3o	48			search
oscillator	bo$3bo$4bo$bobo$b2o$bo	216			search
oscillator	bo$3bo$4bo$3bo$2b3o	24			search
oscillator	bo$3bo$4bo$3bo$3b2o	12			search
oscillator	bo$3bo$4bo$3b2o	24			search
oscillator	bo$3bo$4bo$3b2o$2bo	32			search
oscillator	bo$3bo$4bo$3b2o$2bo$3bo	56			search
oscillator	bo$3bo$4bo$3b2o$3bo	8			search
oscillator	bo$3bo$4bo$3b2o$4bo	8			search
oscillator	bo$3bo$4b2o$3b2o	16			search
oscillator	bo2$3bo	4			search
oscillator	bo2$3bo$o$ob2o	104			search
oscillator	bo2$3bo$2o$b2o	28			search
oscillator	bo2$3bo$o2bo$bo2bo	56			search
oscillator	bo2$3bo$o3bo$obo	88			search
oscillator	bo2$3bo2$ob2o	28			search
oscillator	bo2$3bo$bo$3o	24			search
oscillator	bo2$3bo$bo$3obo	24			search
oscillator	bo2$3bo$bo$ob2o	28			search
oscillator	bo2$3bo$bo$b2o	8			search
oscillator	bo2$3bo$bo$b2o$bo	24			search
oscillator	bo2$3bo$b2o	16			search
oscillator	bo2$3bo$b2o$o	24			search
oscillator	bo2$3bo$b2o2$bo	24			search
oscillator	bo2$3bo$b3o	16			search
oscillator	bo2$3bo$b3o$4bo	16			search
oscillator	bo2$3bo$b2obo$o	68			search
oscillator	bo2$3bo$bo$2b2o	20			search
oscillator	bo2$3bo$bo$2b2o$2bo	148			search
oscillator	bo2$3bo$bobo$o3bo	32			search
oscillator	bo2$3bo$bobo$b2o	12			search
oscillator	bo2$3bo$bobo$b2obo	12			search
oscillator	bo2$3bo$bobo$2bo	8			search
oscillator	bo2$3bo$bobo$2bo$3bo	8			search
oscillator	bo2$3bo$bobo$2bobo	8			search
oscillator	bo2$3bo$bob2o$4bo	24			search
oscillator	bo2$3bo$bobo$4bo	24			search
oscillator	bo2$3bo$bo2bo	28			search
oscillator	bo2$3bo$bo2bo$obo	40			search
oscillator	bo2$3bo$bo2bo$2bo	16			search
oscillator	bo2$3bo2$2b2o	20			search
oscillator	bo2$3bo2$2b2o$2bo	124			search
oscillator	bo2$3bo$3bo$2o2bo	16			search
oscillator	bo2$3bo$3bo$bo	12			search
oscillator	bo2$3bo$3bo$b2o	8			search
oscillator	bo2$3bo$3bo$b2obo	8			search
oscillator	bo2$3bo$3bo$bo2bo	12			search
oscillator	bo2$3bo$3b2o$bo2bo	12			search
oscillator	bo2$3bo$3b2o$4bo	8			search
oscillator	bo2$3bo$3b2o$4bo$3bo	24			search
oscillator	bo2$3bo$3bo$4bo	8			search
oscillator	bo2$3bo$3bo$4bo$3bo	24			search
oscillator	bo2$3bo2$3bo$3bo	24			search
oscillator	bo2$3b2o$3b2o	20			search
oscillator	bo2$3b2o$3bo$4bo$3bo	32			search
oscillator	bo2$3bo$4bo	28			search
oscillator	bo2$3bo$4bo$obo	40			search
oscillator	bo2$3bo$4bo$2bo	16			search
oscillator	bo2$3bo$4bo2$3bo	12			search
oscillator	bo3$3bo$ob2o	32			search
oscillator	bo3$3bo$ob3o	72			search
oscillator	bo3$3bo$2b2o	24			search
oscillator	bo3$3bo$2b2o$2bo	24			search
oscillator	bo3$3bo$2b2o$3bo	24			search
oscillator	bo3$3bo$2b3o	24			search
oscillator	bo3$3bo$3bo	16			search
oscillator	bo3$3bo$3bo$bobo	32			search
oscillator	bo3$3bo$3b2o	8			search
oscillator	bo3$3bo$3b2o$bobo	72			search
oscillator	bo3$3bo$3b2o$3bo	24			search
oscillator	bo3$3b2o$ob2o	24			search
oscillator	bo3$3b2o$2b2o	16			search
oscillator	bo3$3b2o$2b3o	16			search
oscillator	bo3$3b2o$3bo	8			search
oscillator	bo3$3b2o$3bo$3bo	16			search
oscillator	bo3$3b2o$3b2o	4			search
oscillator	bo3$3b2o$4bo	4			search
oscillator	bo3$3bo$4bo	4			search
oscillator	bo2bo$2ob2o	76			search
oscillator	bo2bo$o$bob2o	28			search
oscillator	bo2bo$o2bo$2b2o	32			search
oscillator	bo2bo$o2bo$2b3o	24			search
oscillator	bo2bo$o2bo$2bobo$2bo	72			search
oscillator	bo2bo$o2bo$3bo$2bo	28			search
oscillator	bo2bo$o2bo$3b2o	44			search
oscillator	bo2bo$o2bo$3b2o$bo	176			search
oscillator	bo2bo$o2b2o	28			search
oscillator	bo2bo$o2b2o$2bo	32			search
oscillator	bo2bo$o2b2o2$2bo	28			search
oscillator	bo2bo$o2b2o$3b2o	32			search
oscillator	bo2bo$o2b2o2$3bo	32			search
oscillator	bo2bo$o2b2o$4bo	16			search
oscillator	bo2bo$o2b2o2bo	72			search
oscillator	bo2bo$o2bo$4bo$4bo	48			search
oscillator	bo2bo$o3bo$2b2o	24			search
oscillator	bo2bo$o3bo$3bo$2bo	36			search
oscillator	bo2bo$o3bo$3bo$4bo	112			search
oscillator	bo2bo2$o2b2o$3bo	40			search
oscillator	bo2bo2$o3bo$3bo$3b2o	32			search
oscillator	bo2bo2$o3bo$3b2o	32			search
oscillator	bo2bo$bo$3obo	140			search
oscillator	bo2bo$bo$2o2bo	76			search
oscillator	bo2bo$bo$b2obo$bo	140			search
oscillator	bo2bo$bo$2bobo$4bo	32			search
oscillator	bo2bo$bobo$o2b2o	368			search
oscillator	bo2bo$bobo$2b2o	40			search
oscillator	bo2bo$bobo2$2b2o	64			search
oscillator	bo2bo$bobo$3bo$2bo	36			search
oscillator	bo2bo$bobo$3bo$3bo	40			search
oscillator	bo2bo$bobo$3b2o	48			search
oscillator	bo2bo$bobo$3b2o$bo	368			search
oscillator	bo2bo$bobo$3b2o$2bo	40			search
oscillator	bo2bo$bob2o	32			search
oscillator	bo2bo$bob2o$o	40			search
oscillator	bo2bo$bob2o$o3bo	344			search
oscillator	bo2bo$bob2o2$bo	40			search
oscillator	bo2bo$bob2o$2bo	40			search
oscillator	bo2bo$bob2o$2bobo	80			search
oscillator	bo2bo$bob2o2$2bo	32			search
oscillator	bo2bo$bob2o2$3bo	40			search
oscillator	bo2bo$bob2o$4bo	120			search
oscillator	bo2bo$bob2o$4bo$3bo	280			search
oscillator	bo2bo$bobo$4bo$4bo	24			search
oscillator	bo2bo$bo$3b2o$2bo	40			search
oscillator	bo2bo$bo2bo$o4bo	48			search
oscillator	bo2bo$bo2bo$2b2o	80			search
oscillator	bo2bo$bo2bo$3bo$2bo	40			search
oscillator	bo2bo2$bo$bo3bo$2bo	40			search
oscillator	bo2bo2$bo$bo3bo$4bo	40			search
oscillator	bo2bo2$bo2bo$3bo$3b2o	32			search
oscillator	bo2bo2$bo2bo$3b2o	32			search
oscillator	bo2bo2$bo2b2o$3bo	32			search
oscillator	bo2bo$2b2o2$3b2o	48			search
oscillator	bo2bo$2bobo	56			search
oscillator	bo2bo$2bob2o	28			search
oscillator	bo2bo$2bo$4bo2$2o	144			search
oscillator	bo2bo$2bo$4bo$bo2bo	72			search
oscillator	bo2bo$2bo$4bo$4bo$2bo	88			search
oscillator	bo2bo$3bo$2ob2o	152			search
oscillator	bo2bo$3bo$2o$4bo	272			search
oscillator	bo2bo$3bo$o2b2o$bo	48			search
oscillator	bo2bo$3bo$o2b2o$2bo	176			search
oscillator	bo2bo$3bo$o3bo$bobo	64			search
oscillator	bo2bo$3bo$bo$o3bo	144			search
oscillator	bo2bo$3bo$bob2o$3bo	80			search
oscillator	bo2bo$3bo$bo2bo$bobo	144			search
oscillator	bo2bo$3bo2$b3o	40			search
oscillator	bo2bo$3bo$2b3o	72			search
oscillator	bo2bo$3bo$2b3o$bo	216			search
oscillator	bo2bo$3bo$2b3o2$bo	88			search
oscillator	bo2bo$3bo$3b2o	12			search
oscillator	bo2bo$3bo$3b2o$bo$b2o	112			search
oscillator	bo2bo$3bo$3b2o$b2o	80			search
oscillator	bo2bo$3bo$3b2o$bobo	24			search
oscillator	bo2bo$3bo$3b2o$2bo	44			search
oscillator	bo2bo$3bo$3b2o$3bo	16			search
oscillator	bo2bo$3bo$3b2o$3bo$bo	88			search
oscillator	bo2bo$3bo$3b2o$3bo$4bo	16			search
oscillator	bo2bo$3b2o	24			search
oscillator	bo2bo$3b2o$o$3bo	40			search
oscillator	bo2bo$3b2o$bo$3bo	128			search
oscillator	bo2bo$3b2o2$bo$b2o	24			search
oscillator	bo2bo$3b2o2$b2o	48			search
oscillator	bo2bo$3b2o2$bobo	40			search
oscillator	bo2bo$3b2o2$2bo$bo	24			search
oscillator	bo2bo$3b2o3$2b2o	104			search
oscillator	bo2bo$3b2o$3bo	8			search
oscillator	bo2bo$3b2o$3bo$3bo	16			search
oscillator	bo2bo$3b2o$3b2o	12			search
oscillator	bo2bo$3b2o2$3bo	32			search
oscillator	bo2bo$3b2o2$3bo$bo	40			search
oscillator	bo2bo$3b2o2$3bo$4bo	32			search
oscillator	bo2bo$3b2o2bo	32			search
oscillator	bo2bo$3bo$4bo$b3o	24			search
oscillator	bo2bo$3bo$4bo$3bo$3b2o	32			search
oscillator	bo2bo$3bo$4bo$3b2o	32			search
oscillator	bo2bo$3bo$4b2o$3bo	32			search
oscillator	bo2bo$3bobo$2b3o	72			search
oscillator	bo2bo2$3b2o$b2o	48			search
oscillator	bo2bo2$3b2o2$2b2o	36			search
oscillator	bo2bo$4bo$o$o$4bo	20			search
oscillator	bo2bo$4bo$2o	100			search
oscillator	bo2bo$4bo$2o2$4bo	100			search
oscillator	bo2bo$4bo$o$2b2o	24			search
oscillator	bo2bo$4bo$o2bo$3bo	24			search
oscillator	bo2bo$4bo$o2bo$4bo	56			search
oscillator	bo2bo$4bo$o3bo$2bo	32			search
oscillator	bo2bo$4bo$bo$o$4bo	112			search
oscillator	bo2bo$4bo$bo$bo$2bo	136			search
oscillator	bo2bo$4bo$bo$bo$4bo	136			search
oscillator	bo2bo$4bo$bo$2b2o	160			search
oscillator	bo2bo$4bo$bobo$4bo	56			search
oscillator	bo2bo$4bo2$b3o	48			search
oscillator	bo2bo$4bo$2bo$3bo$4bo	40			search
oscillator	bo2bo$4bo$3bo$bo2bo	56			search
oscillator	bo2bo$4bo$3bo2$2b2o	100			search
oscillator	bo2bo$4bo$3bo$4bo	56			search
oscillator	bo2bo2$4bo$3bo$2b3o	56			search
oscillator	bo2bo2$4bo$3bo$3b2o	32			search
oscillator	bo2bo2$4bo$3b2o	32			search
oscillator	bo2bo2$4bo$3b2o$2bo	40			search
oscillator	bo2bo2$4bo$3b2o$3bo	40			search
oscillator	bo2bo2$4bo$3b2o$4bo	24			search
oscillator	bo2bo2$4bo$4bo$2bobo	40			search
oscillator	bo2bo2$4b2o$3bo	32			search
oscillator	bo2bo2$4b2o$3b2o	80			search
oscillator	bo2b2o$o2bo$2bobo	72			search
oscillator	bo2b2o$bobo	40			search
oscillator	bo2b2o$bobo$2bo	64			search
oscillator	bo2b2o$bobo$2bobo	88			search
oscillator	bo2b2o$bobo$4bo	96			search
oscillator	bo2b2o$2bobo	28			search
oscillator	bo2b2o2$2b3o	16			search
oscillator	bo2b2o$3b2o	16			search
oscillator	bo2b2o$5bo$5bo$5bo	248			search
oscillator	bo2b2obo$2bo	56			search
oscillator	bo2b2ob2o$2bo	252			search
oscillator	bo2b2o$7bo$2o	80			search
oscillator	bo2bo$5bo$4b2o$4bo	304			search
oscillator	bo2bobo$2bob2o	168			search
oscillator	bo2bobo$2bo3bo$4bo	424			search
oscillator	bo2bobo$3bobobo$2b3o	72			search
oscillator	bo2bo2bo$2b2obo	256			search
oscillator	bo$4bo$2obo	32			search
oscillator	bo$4bo$obo$3bo$3b2o	56			search
oscillator	bo$4bo$o2bo$4bo	28			search
oscillator	bo$4bo$bo$o$bo2bo	28			search
oscillator	bo$4bo$bobo$4bo	28			search
oscillator	bo$4bo$2bo$bobo$b2o	32			search
oscillator	bo$4bo$2bo$bobo$3b2o	56			search
oscillator	bo$4bo$2bo$3bo$3b2o	56			search
oscillator	bo$4bo$2bo$3bo$4bo	32			search
oscillator	bo$4bo$3bo$o2bo$bo	112			search
oscillator	bo$4bo$3bo2$ob2o	32			search
oscillator	bo$4bo$3bo$bo$2b2o	32			search
oscillator	bo$4bo$3bo$bo2bo	28			search
oscillator	bo$4bo$3bo2$2b2o	32			search
oscillator	bo$4bo$3b2o2$2b2o	40			search
oscillator	bo$4bo$3bo$4bo	28			search
oscillator	bo$4bo$3bo$4bo$obo	100			search
oscillator	bo$4bo$4bo$2bo$4bo$3bo	48			search
oscillator	bo$4bo$4bo2$2b3o	80			search
oscillator	bo$4bo2$4bo$2b3o	24			search
oscillator	bo2$4bo2$ob3o	40			search
oscillator	bo2$4bo$bobo$2b3o	24			search
oscillator	bo2$4bo$bob2o$2bo	32			search
oscillator	bo2$4bo$3bo$ob3o	72			search
oscillator	bo2$4bo$3bo$2b3o	24			search
oscillator	bo2$4bo$3bo$3b2o	12			search
oscillator	bo2$4bo$3b2o	24			search
oscillator	bo2$4bo$3b2o$obo	40			search
oscillator	bo2$4bo$3b2o$2bo	32			search
oscillator	bo2$4bo$3b2o$3bo	8			search
oscillator	bo2$4bo$3b2o$3b2o	12			search
oscillator	bo2$4bo$3b2o$4bo	8			search
oscillator	bo2$4b2o$3b2o	16			search
oscillator	bo3bo$o4bo$2b2o	32			search
oscillator	bo3bo$2b2o$4bo$4bo	184			search
oscillator	bo3bo$2bobo	28			search
oscillator	bo3bo$2bob2o	28			search
oscillator	bo3bo$2bobo$6bo	28			search
oscillator	bo3bo$2bo$4b2o	180			search
oscillator	bo3bo$2bo3bo$4bo	128			search
oscillator	bo3bo$3bo$2b3o	72			search
oscillator	bo3bo$3bo$2b3obo	72			search
oscillator	bo3bo$5bo$2b2o	32			search
oscillator	bo3bo$5bo$2b2o2bo	32			search
oscillator	bo3bo$5bo$3bo	12			search
oscillator	bo3b2o$bobobo	88			search
oscillator	bo3b2o$2b2o	184			search
oscillator	bo3b2o$2b2o3bo	128			search
oscillator	bo3b2o$2bo2bo	56			search
oscillator	bo3b2o$3bo$2b3o	72			search
oscillator	bo3b2o$3bobo	32			search
oscillator	bo3b2o$3bo2bo$4bo	288			search
oscillator	bo3b2o2$5bo$2b2o	64			search
oscillator	bo3bobo$2bobo	140			search
oscillator	bo4bo$bob3o	100			search
oscillator	bo4bo$bob3o$4bo	108			search
oscillator	bo4bo$2bob2obo	56			search
oscillator	bo4bo$2bo$4b3o	168			search
oscillator	bo4bo$2bo2bo$4b3o	552			search
oscillator	bo4bo$2bo2b2o$4bo	424			search
oscillator	$bo$o$o$o2$2o	100			search
oscillator	$bo$o$o$o2$2o$bo	40			search
oscillator	$bo$o$o$o2$bo	32			search
oscillator	$bo$o$o$o$2bo	36			search
oscillator	$bo$o$o$o$2bo$o	40			search
oscillator	$bo$o$2o2$o$bo	168			search
oscillator	$bo$o$2o$bo$o	76			search
oscillator	$bo$o$2o2$bo$o	48			search
oscillator	$bo$o$2o2$bo$o$o	48			search
oscillator	$bo$o$2o2$bo$bo	72			search
oscillator	$bo$o$o2$bo$o	32			search
oscillator	$bo$o$o2$bo$2o	88			search
oscillator	$bo$2o$o$o2$o$bo	216			search
oscillator	$bo$2o$o$o2$bo	64			search
oscillator	$bo$2o$2obo$4bo	12			search
oscillator	$bo$2o$o2$bo$o	80			search
oscillator	$bo$2o$o2$bo$o$bo	80			search
oscillator	$bo$2o2$o2$2o	88			search
oscillator	$bo$2o2$o2$bo	32			search
oscillator	$bo$2o2$o$3bo$3bo	32			search
oscillator	$bo$2o2$bo	104			search
oscillator	$bo$2o2$bo2$o	104			search
oscillator	$bo$2o2$bo2$o$bo	104			search
oscillator	$bo$2o2$bo3$2o	96			search
oscillator	$bo$2o2$bo2$bo	104			search
oscillator	$bo$2o2$bo2$bo$bo	80			search
oscillator	$bo$2o3$bo$o	32			search
oscillator	$bo$2o3$bo$2o	100			search
oscillator	$bo$2o3$bo$o$bo	32			search
oscillator	$bo$3o	24			search
oscillator	$bo$3o$o	6			search
oscillator	$bo$3o$o$o	16			search
oscillator	$bo$3o$o$o$3bo	16			search
oscillator	$bo$3o$2o	6			search
oscillator	$bo$3o$2o$o	48			search
oscillator	$bo$3o$3o	62			search
oscillator	$bo$3o$2o$2bo	12			search
oscillator	$bo$3o$2o$4bo	12			search
oscillator	$bo$3o$o2bo$4bo	16			search
oscillator	$bo$3o$o$4bo	12			search
oscillator	$bo$3o2$o3bo	72			search
oscillator	$bo$3o$bo	6			search
oscillator	$bo$3o$bo$2bo	12			search
oscillator	$bo$3o$bo$2bo$2bo	72			search
oscillator	$bo$3o$bo$2bobo	12			search
oscillator	$bo$3o$bobo$4bo	16			search
oscillator	$bo$3o$bo$4bo	12			search
oscillator	$bo$3o2$bo	40			search
oscillator	$bo$3o2$bo2bo	40			search
oscillator	$bo$4o2$4bo	124			search
oscillator	$bo$3o$3bo$2b3o	24			search
oscillator	$bo$3o2$4bo	24			search
oscillator	$bo$2o$2bo$2bo$o	104			search
oscillator	$bo$2o$3bo$2o2bo	68			search
oscillator	$bo$2o$3bo$o3bo	40			search
oscillator	$bo$2o$3bo$bo2bo	64			search
oscillator	$bo$2o$3b2o$3b2o	20			search
oscillator	$bo$2o$3bo$4bo	16			search
oscillator	$bo$2o3$3bo$2b2o	24			search
oscillator	$bo$o$bo$2o$o	132			search
oscillator	$bo$o$bo2bo$b2o	56			search
oscillator	$bo$obo$2o2$bo	16			search
oscillator	$bo$obo$2o$2bo$b2o$2bo	1136			search
oscillator	$bo$obo$2o$2bo$2bo$2bo	928			search
oscillator	$bo$obo$2ob2o	28			search
oscillator	$bo$obo$2o2bo	16			search
oscillator	$bo$obo$o$bo	40			search
oscillator	$bo$obo$o$bo2bo	40			search
oscillator	$bo$obo$obo$o2bo	236			search
oscillator	$bo$obo$o$2bo$b2o	152			search
oscillator	$bo$obo$bo$2o	24			search
oscillator	$bo$obo$bo$bo$bo	20			search
oscillator	$bo$obo$bo$b2o$bo	24			search
oscillator	$bo$obo$b2o	40			search
oscillator	$bo$obo$b2o$o	24			search
oscillator	$bo$obo$b2o2$bo	28			search
oscillator	$bo$obo$b2o$2bo	8			search
oscillator	$bo$obo$bo$2bo$2bo	24			search
oscillator	$bo$obo$bo$2b2o$2bo	24			search
oscillator	$bo$obo$bob2o	28			search
oscillator	$bo$obo$bo2bo	16			search
oscillator	$bo$obo$2bo$o	32			search
oscillator	$bo$obo$2bo$o$bo	8			search
oscillator	$bo$obo$2bo2$2o	16			search
oscillator	$bo$obo$2bo2$bo	32			search
oscillator	$bo$obo$2b2o	16			search
oscillator	$bo$obo$2b2o$o	24			search
oscillator	$bo$obo$2b2o$o3bo	24			search
oscillator	$bo$obo$2b2o$4bo	16			search
oscillator	$bo$obo2$2b2o$2bo	24			search
oscillator	$bo$ob2o	24			search
oscillator	$bo$ob2o2$2o	16			search
oscillator	$bo$ob2o$2bo	16			search
oscillator	$bo$ob2o$2b2o	16			search
oscillator	$bo$ob2o$2bo$3bo	4			search
oscillator	$bo$ob2o$2bo$4bo	16			search
oscillator	$bo$ob2o2$3bo	8			search
oscillator	$bo$ob3o	32			search
oscillator	$bo$obo$3bo$2o	24			search
oscillator	$bo$obo$3bo$2o2bo	24			search
oscillator	$bo$obo$3bo$2b2o$2bo	148			search
oscillator	$bo$obo$3bo$3b2o	24			search
oscillator	$bo$obo$3b2o	28			search
oscillator	$bo$obo2$3bo$bobo	32			search
oscillator	$bo$obobo$bo2bo	24			search
oscillator	$bo$obobo$2b2obo	48			search
oscillator	$bo$obobo$2b2obo$4bo	48			search
oscillator	$bo$obobo$3b2o	40			search
oscillator	$bo$obob2o$bo2bo	16			search
oscillator	$bo$obo$4bo$2o2bo	68			search
oscillator	$bo$obo2bo$bo3bo	24			search
oscillator	$bo$o2bo2$2obo	16			search
oscillator	$bo$o2bo$2bo	16			search
oscillator	$bo$o2bo$2b2o	16			search
oscillator	$bo$o2bo$2b2o$4bo	16			search
oscillator	$bo$o2bo$2bob2o	16			search
oscillator	$bo$o2bo$2bo$4bo	16			search
oscillator	$bo$o2bo$2bo2bo	16			search
oscillator	$bo$o$3bo$2b2o$3bo	24			search
oscillator	$bo$o3bo$bo$ob3o	88			search
oscillator	$bo$o3bo$2bobo$bo	64			search
oscillator	$bo2$2o$o2$2o	100			search
oscillator	$bo2$2o$o2$2o$bo	40			search
oscillator	$bo2$2o$o2$o$bo	36			search
oscillator	$bo2$2o$o$bo$o$o	120			search
oscillator	$bo2$2o$o2$bo	32			search
oscillator	$bo2$2o$o$2bo	36			search
oscillator	$bo2$2o$o$2bo$o	40			search
oscillator	$bo2$2o2$bo$2o	100			search
oscillator	$bo2$2o2$b2o$o	36			search
oscillator	$bo2$o2bo$ob3o	84			search
oscillator	$bo$bo$o$o	16			search
oscillator	$bo$bo$o$o2$o$o	112			search
oscillator	$bo$bo$o$o2$2o$bo	112			search
oscillator	$bo$bo$o$o2$o$bo	48			search
oscillator	$bo$bo$o$o$bo$bo	16			search
oscillator	$bo$bo$o$o$bo$b2o	16			search
oscillator	$bo$bo$o$o$b2o	16			search
oscillator	$bo$bo$o$o2$bo	16			search
oscillator	$bo$bo$o$o2$bo$bo	112			search
oscillator	$bo$bo$o$o2bo$2bo	24			search
oscillator	$bo$bo$2o$o2$o$bo	216			search
oscillator	$bo$bo$2o$o2$bo	64			search
oscillator	$bo$bo$2o2$o$bo	56			search
oscillator	$bo$bo$2o2$bo$o	80			search
oscillator	$bo$bo$o2$bo$2o	112			search
oscillator	$bo$bo$o2$bo$bo	72			search
oscillator	$bo$bo$o2$bo$bo$bo	112			search
oscillator	$bo$bo$o2$b2o$2bo	32			search
oscillator	$bo$bo$o2bo$2b3o	16			search
oscillator	$bo$bo$o2b2o$2bo	16			search
oscillator	$bo$bo$o2b2o$3b2o	16			search
oscillator	$bo$bo$o2bo$4bo	12			search
oscillator	$bo$bo2$o$o$o	52			search
oscillator	$bo$bo2$o$2o$o	160			search
oscillator	$bo$bo2$o$o$bo	44			search
oscillator	$bo$bo2$o$o2$bo	52			search
oscillator	$bo$bo2$2o	40			search
oscillator	$bo$bo2$2o2$o	56			search
oscillator	$bo$bo2$2o3$bo$bo	212			search
oscillator	$bo$bo2$o$3bo$3bo	16			search
oscillator	$bo$bo$bo	24			search
oscillator	$bo$bo$bo$o$o$o	88			search
oscillator	$bo$bo$bo$o2$2o	88			search
oscillator	$bo$bo$bo$o2$2o$bo	88			search
oscillator	$bo$bo$bo$o$bo$o	104			search
oscillator	$bo$bo$bo$o$bo$o$o	80			search
oscillator	$bo$bo$bo$o$bo$bo	104			search
oscillator	$bo$bo$bo$o2$bo	32			search
oscillator	$bo$bo$bo$obo$2bo	48			search
oscillator	$bo$bo$bo$ob3o	44			search
oscillator	$bo$bo$bo$o$3bo$3bo	32			search
oscillator	$bo$bo$bo2$o$bo	56			search
oscillator	$bo$bo$bo2$bo	32			search
oscillator	$bo$bo$bo2$bo$o	32			search
oscillator	$bo$bo$bo2$bo$2o	88			search
oscillator	$bo$bo$bo2$bo$bo$bo	88			search
oscillator	$bo$bo$b4o$2bo	16			search
oscillator	$bo$bo$bo$2bo$b2o	48			search
oscillator	$bo$bo$bo$2bo$bobo$2bo$3bo	36			search
oscillator	$bo$bo$bo$2bo2$2bo$2bo	24			search
oscillator	$bo$bo$bo$2bo3$2b2o	24			search
oscillator	$bo$bo$bo$2bo2$3bo$3bo	24			search
oscillator	$bo$bo$bobo$2b3o	16			search
oscillator	$bo$bo$bobo$2bo$3bo	12			search
oscillator	$bo$bo$bobo$2bobo	12			search
oscillator	$bo$bo$bobo$3bo$3bo	20			search
oscillator	$bo$bo$bob2o$b2o	156			search
oscillator	$bo$bo$bob2o$2bo	16			search
oscillator	$bo$bo$bob2o$3b2o	16			search
oscillator	$bo$bo$bobo$4bo	12			search
oscillator	$bo$bo$bo2$3bo$2b2o$3bo	24			search
oscillator	$bo$bo2$bo$o$o2$o$bo	648			search
oscillator	$bo$bo2$bo$bo	32			search
oscillator	$bo$bo2$bo$bo$o	96			search
oscillator	$bo$bo2$bo$bo$o$bo$bo	1464			search
oscillator	$bo$bo2$bo$bo2$bo	96			search
oscillator	$bo$bo2$bo$3bo$3bo	16			search
oscillator	$bo$b2o	8			search
oscillator	$bo$b2o$o	6			search
oscillator	$bo$b2o$o$o	48			search
oscillator	$bo$b2o$o$o3bo	48			search
oscillator	$bo$b2o$2o	6			search
oscillator	$bo$b2o$2o$o	16			search
oscillator	$bo$b2o$2o$obo	16			search
oscillator	$bo$b2o$2o$o$3bo	16			search
oscillator	$bo$b2o$2o$2bo	12			search
oscillator	$bo$b2o$2o$2bobo	12			search
oscillator	$bo$b2o$2obo$4bo	16			search
oscillator	$bo$b2o$2o$4bo	12			search
oscillator	$bo$b2o$o$2bo$bo	48			search
oscillator	$bo$b2o$o$2bo$2bo	64			search
oscillator	$bo$b2o$o2bo$o2bo	48			search
oscillator	$bo$b2o$o2bo$2b2o	136			search
oscillator	$bo$b2o$o2b2o$3bo	12			search
oscillator	$bo$b2o$o2bo$4bo	16			search
oscillator	$bo$b2o$o$4bo	12			search
oscillator	$bo$b2o2$2o	20			search
oscillator	$bo$b2o2$obo$3bo$2o	216			search
oscillator	$bo$b2o2$o2bo$2bo	32			search
oscillator	$bo$b2o2$o2bo$2bo$3bo	36			search
oscillator	$bo$b2o3$2o$o	72			search
oscillator	$bo$b2o$bo$obo	72			search
oscillator	$bo$b2o$bo$obo$bo	40			search
oscillator	$bo$b2o$bo$obobo	72			search
oscillator	$bo$b2o$bo$o2bo	216			search
oscillator	$bo$b2o$bo$o3bo	72			search
oscillator	$bo$b2o$bo2$bo	72			search
oscillator	$bo$b2o$b2o$obo	72			search
oscillator	$bo$b2o$b2o$2bo	24			search
oscillator	$bo$b2o$b2o$2bo$bo	72			search
oscillator	$bo$b2o$b2o$2bobo	24			search
oscillator	$bo$b2o$bo$2bo	24			search
oscillator	$bo$b2o$bo$2bo$bo	72			search
oscillator	$bo$b2o$bo$2bo$b2o	244			search
oscillator	$bo$b2o$bo$2bo$bobo	216			search
oscillator	$bo$b2o$bo$2b2o$bo	272			search
oscillator	$bo$b2o$bo$2bobo	24			search
oscillator	$bo$b2o$bobo$o3bo	24			search
oscillator	$bo$b2o$bobo$b4o	140			search
oscillator	$bo$b2o$bobo$2bo	16			search
oscillator	$bo$b2o$bobo$2bo$bo	24			search
oscillator	$bo$b2o$bobo$2bo$bobo	24			search
oscillator	$bo$b2o$bobo$2b2o	88			search
oscillator	$bo$b2o$bobo$2bo$3bo	16			search
oscillator	$bo$b2o$bobo$2bobo	16			search
oscillator	$bo$b2o$bobo$3bo2$4bo	132			search
oscillator	$bo$b2o$bobo$4bo	16			search
oscillator	$bo$b2o$bo$3bo2$2b2o	208			search
oscillator	$bo$b2o$bo2bo	72			search
oscillator	$bo$b2o$bo2bo$2bobo	16			search
oscillator	$bo$b2o$bo$4bo	24			search
oscillator	$bo$b2o2$bo$bo	36			search
oscillator	$bo$b2o2$bo$bobo	24			search
oscillator	$bo$b2o2$bobo$bo	32			search
oscillator	$bo$b2o2$bobo$2bo$3bo	36			search
oscillator	$bo$b2o3$b3o	24			search
oscillator	$bo$b2o$2b2o$3b2o	8			search
oscillator	$bo$b2o2$2bo$b2o$b2o	256			search
oscillator	$bo$b2o2$2bo$b3o	48			search
oscillator	$bo$b2o2$2bo$2bo	28			search
oscillator	$bo$b2o2$2b2o$3bo	40			search
oscillator	$bo$b2o2$2bo$3bo$2b2o	64			search
oscillator	$bo$b2o3$2b2o	8			search
oscillator	$bo$b3o$bo3$bobo	124			search
oscillator	$bo$b3o$bo$2bo2$bo	148			search
oscillator	$bo$b3o$bo$2bo2$3bo	148			search
oscillator	$bo$b3o$bo3$3bo	124			search
oscillator	$bo$b3o$bo$4bo2$bo	124			search
oscillator	$bo$b3o$bo$4bo2$3bo	124			search
oscillator	$bo$b3o$2b2o$3b2o	8			search
oscillator	$bo$b3o$2bo$3bo	8			search
oscillator	$bo$b3o$2bo2$3bo	8			search
oscillator	$bo$b2o$3bo$2b2o	40			search
oscillator	$bo$b2o$3bo$2bo$4bo	48			search
oscillator	$bo$b2o$3bo$3b2o	8			search
oscillator	$bo$b2o$3bo2$3bo$3bo	48			search
oscillator	$bo$b2o$3bo2$3bo$3b2o	24			search
oscillator	$bo$b2o$3bo2$3bo$4bo	24			search
oscillator	$bo$b2o$3b2o	16			search
oscillator	$bo$b2o$3b2o$3bo	8			search
oscillator	$bo$b2o2$3bo	8			search
oscillator	$bo$b2o2$3bo$b2o	112			search
oscillator	$bo$b2o2$3bo$b2o$bo	72			search
oscillator	$bo$b2o2$3bo$b2o$2bo	36			search
oscillator	$bo$b2obo$o3bo	80			search
oscillator	$bo$b2obo$4b2o	32			search
oscillator	$bo$b2ob2o	36			search
oscillator	$bo$b2ob2o$4b2o	32			search
oscillator	$bo$b2ob2obo	36			search
oscillator	$bo$b2o2bo$4bo	32			search
oscillator	$bo$b2o2bo$4b2o	64			search
oscillator	$bo$bo$2bobo$o	24			search
oscillator	$bo$bo$2bobo2$bo	20			search
oscillator	$bo$bobo$bobo$4bo	28			search
oscillator	$bo$bo$3bo$2bo$3bo$3bo	28			search
oscillator	$bo$bo2bo$ob2o$4bo	104			search
oscillator	$bo$bo2bo$2bobo$o	24			search
oscillator	$bo2$bo$2o$bo$bo$o	592			search
oscillator	$bo2$bo$2o$3bo$o2bo	64			search
oscillator	$bo2$b2o$obo$o$o	24			search
oscillator	$bo2$b2o$bo$bo$o	24			search
oscillator	$bo2$b3o$2b3o	24			search
oscillator	$bo2$bobo$ob3o	72			search
oscillator	$bo2$bobo$2b2o$3bo	24			search
oscillator	$bo2$bobo$2b3o	24			search
oscillator	$bo2$bob2o$2b2o	16			search
oscillator	$bo2$bo2bo$b2o$bobo	16			search
oscillator	$bo2$bo2bo$2bo$3bo	8			search
oscillator	$bo3$b2o$bobo$3bo	32			search
oscillator	$bo3$b2obo$bob2o	64			search
oscillator	$b2o$o$o2$bo$2bo	80			search
oscillator	$b2o$o$o2$3bo$3bo	48			search
oscillator	$b2o$2o	16			search
oscillator	$b2o$2o$o	16			search
oscillator	$b2o$2o$o$o	32			search
oscillator	$b2o$2o$2o	16			search
oscillator	$b2o$2o$o$4bo	16			search
oscillator	$b2o$2o2$o2$bo	40			search
oscillator	$b2o$2o$bo	16			search
oscillator	$b2o$2o$bo$2bo	16			search
oscillator	$b2o$2o$bo$4bo	16			search
oscillator	$b2o$3o	16			search
oscillator	$b2o$3o$o	8			search
oscillator	$b2o$3o$o$o	32			search
oscillator	$b2o$3o$2o	8			search
oscillator	$b2o$3o2$o	24			search
oscillator	$b2o$3o2$o2bo	24			search
oscillator	$b2o$3o$bo	8			search
oscillator	$b2o$3o$bo$2bo	8			search
oscillator	$b2o$3o$bo$3bo	8			search
oscillator	$b2o$3o2$bo	80			search
oscillator	$b2o$3o2$bobo	80			search
oscillator	$b2o$3o3$bo	24			search
oscillator	$b2o$3o$3bo$4bo	52			search
oscillator	$b2o$3o2$3bo	16			search
oscillator	$b2o$obo$o$o	24			search
oscillator	$b2o$obo$o$o2bo	24			search
oscillator	$b2o$obo$bo	8			search
oscillator	$b2o$obo$bo$2o	24			search
oscillator	$b2o$obo$bo$obo$o	16			search
oscillator	$b2o$obo$bo$2bo	8			search
oscillator	$b2o$obo$bo$2b2o	76			search
oscillator	$b2o$obo$2bo$o	32			search
oscillator	$b2o$obo$2bo$o$bo	8			search
oscillator	$b2o$obo$2bo2$bo	32			search
oscillator	$b2o$obo2$2bo$bo$b2o	448			search
oscillator	$b2o$ob2o	24			search
oscillator	$b2o$ob2o2$3bo	8			search
oscillator	$b2o2$o$o2$bo	16			search
oscillator	$b2o2$o$obo$3bo$bo	48			search
oscillator	$b2o2$o$o$2bo	48			search
oscillator	$b2o2$2o2$3bo$3bo	48			search
oscillator	$b2o2$o2$bo$obo	48			search
oscillator	$b2o2$o2$b2o$2bo	64			search
oscillator	$b2o2$o2$bo$2bo	48			search
oscillator	$b2o2$o$2bo$bo$o	48			search
oscillator	$b2o2$o$2bo$bo$2bo	48			search
oscillator	$b2o3$o$o$bo	44			search
oscillator	$b2o3$o$3bo$3bo	16			search
oscillator	$b2o$bo	8			search
oscillator	$b2o$bo$o	16			search
oscillator	$b2o$bo$o$o	32			search
oscillator	$b2o$bo$o$o3bo	32			search
oscillator	$b2o$bo$2o	16			search
oscillator	$b2o$bo$2o$o	32			search
oscillator	$b2o$bo$2o2$bo	32			search
oscillator	$b2o$bo$2o$2bo	16			search
oscillator	$b2o$bo$2o$4bo	16			search
oscillator	$b2o$bo$o2$bo	16			search
oscillator	$b2o$bo$o$4bo	16			search
oscillator	$b2o$bo2$ob2o	40			search
oscillator	$b2o$bo$bo	16			search
oscillator	$b2o$bo$bo$o	24			search
oscillator	$b2o$bo$bo$obo	24			search
oscillator	$b2o$bo$bo$o2bo	24			search
oscillator	$b2o$bo$bo$o3bo	24			search
oscillator	$b2o$bo$bo2$bo	24			search
oscillator	$b2o$bo$bo$2bo	16			search
oscillator	$b2o$bo$bo$2bo$bo	24			search
oscillator	$b2o$bo$bo$2bo$2bo	332			search
oscillator	$b2o$bo$bo$2bobo	16			search
oscillator	$b2o$bo$bobo$2bobo	148			search
oscillator	$b2o$bo$bobo$4bo	124			search
oscillator	$b2o$bo$bobo$4bo$2bo	216			search
oscillator	$b2o$bo$bo$3bo$2bo	128			search
oscillator	$b2o$bo$bo2bo$3bo	16			search
oscillator	$b2o$bo$bo2bo$4bo$bo	48			search
oscillator	$b2o$bo$bo$4bo	16			search
oscillator	$b2o$b2o	4			search
oscillator	$b2o$b2o$o	8			search
oscillator	$b2o$b2o$o$o	16			search
oscillator	$b2o$b2o$2o	8			search
oscillator	$b2o$b2o$2o$o	32			search
oscillator	$b2o$b2o$2o$2bo	8			search
oscillator	$b2o$b2o$2o$3bo	8			search
oscillator	$b2o$b2o$o2$bo	16			search
oscillator	$b2o$b2o$o$2bo$2bo	62			search
oscillator	$b2o$b2o$o3bo	56			search
oscillator	$b2o$b2o$bo	16			search
oscillator	$b2o$b2o$bo$o	24			search
oscillator	$b2o$b2o$bo2$bo	24			search
oscillator	$b2o$b2o$bo$2bo	16			search
oscillator	$b2o$b2o$bobo	52			search
oscillator	$b2o$b2o$bobo$2bo	16			search
oscillator	$b2o$b2o$bobo$2bo$3bo	16			search
oscillator	$b2o$b2o$bobo2$2bo	264			search
oscillator	$b2o$b2o$bobo$4bo	52			search
oscillator	$b2o$b2o$bobo$4bo$2bo	132			search
oscillator	$b2o$b2o$bo2bo	342			search
oscillator	$b2o$b2o$bo2bo3$4bo	684			search
oscillator	$b2o$b2o2$bo$bo	64			search
oscillator	$b2o$b2o$2bo$o	60			search
oscillator	$b2o$b2o$2bo2$o	52			search
oscillator	$b2o$b2o$2bo2$bo	52			search
oscillator	$b2o$b2o2$2bo$bo$b2o	1488			search
oscillator	$b2o$b2o2$2bo$2bo	28			search
oscillator	$b2o$b2o2$2b2o$3bo	36			search
oscillator	$b2o$b3o2$3bo	8			search
oscillator	$b2o$b4o	72			search
oscillator	$b2o$b2o$3bo	4			search
oscillator	$b2o$b2o$3bo2$3bo	4			search
oscillator	$b2o$b2o$3bo$4bo	4			search
oscillator	$b2o$b2o2$3bo	4			search
oscillator	$b2o$b2o3$3bo	4			search
oscillator	$b2o$b2ob2o	56			search
oscillator	$b2o$b2o2bo$4bo	52			search
oscillator	$b2o$bo$2bo$o	36			search
oscillator	$b2o$bo2$2bo$bo$b2o	684			search
oscillator	$b2o$bo3$2b2o	32			search
oscillator	$b2o$bobo$3bo$4bo	32			search
oscillator	$b2o$bo2$3bo	8			search
oscillator	$b2o$bo2$3bo$3bo	8			search
oscillator	$b2o$bo2bo$bobo$4bo	132			search
oscillator	$b2o$bo2bo$4bo$2bo	32			search
oscillator	$b2o$bo2bo$4b2o	60			search
oscillator	$b2o$bo$4bo$2bo$3bo	20			search
oscillator	$b2o$bo$4bo$3bo	8			search
oscillator	$b2o$bo$4bo$3b2o	8			search
oscillator	$b2o$bo3bo$4bo	60			search
oscillator	$b2o2$bo$obo$2bo	24			search
oscillator	$b2o2$bo$bo$3bo$2bo	56			search
oscillator	$b2o2$bo2$bo$3o	148			search
oscillator	$b2o2$bo2$bo$obo	32			search
oscillator	$b2o2$bo2$bo$b2o$bo	72			search
oscillator	$b2o2$bo2$bo$2bo	32			search
oscillator	$b2o2$bo$2bo$bo	32			search
oscillator	$b2o2$bo$2bo$bo$o	32			search
oscillator	$b2o2$bo$2bo$bo$2bo	32			search
oscillator	$b2o2$bo$2bo2$2bo$2bo	24			search
oscillator	$b2o2$bo2$2bo$b2o	212			search
oscillator	$b2o2$bobo$3bo$b2o	240			search
oscillator	$b2o2$bo$3bo$2bo	28			search
oscillator	$b2o3$bo$bo$2bo	32			search
oscillator	$b2o3$bo$bo$2bo$bo	96			search
oscillator	$b2o3$bo$bo$2bo$2bo	40			search
oscillator	$b2o3$bo$bo$2bobo	32			search
oscillator	$b2o3$bo$bo$4bo	32			search
oscillator	$b2o3$bobo$2bo$3bo	24			search
oscillator	$b2o3$bo$3bo$3bo	16			search
oscillator	$b2o4$b3o$2bo	28			search
oscillator	$b2o$2bo	4			search
oscillator	$b2o$2bo$o$obo$3bo$bo	208			search
oscillator	$b2o$2bo$2o$b2o	56			search
oscillator	$b2o$2bo$2o2$bo	24			search
oscillator	$b2o$2bo$o$2bo$bo$b2o	864			search
oscillator	$b2o$2bo$o$2bo$3bo$2b2o	312			search
oscillator	$b2o$2bo$o3bo$o	80			search
oscillator	$b2o$2bo2$ob2o	76			search
oscillator	$b2o$2bo$bo$3o	24			search
oscillator	$b2o$2bo$bo$obo$b2o	516			search
oscillator	$b2o$2bo$bo$b2o	12			search
oscillator	$b2o$2bo$bo$b2o$bo	16			search
oscillator	$b2o$2bo$b2o	24			search
oscillator	$b2o$2bo$b2o$o	32			search
oscillator	$b2o$2bo$b2o$o$bo	32			search
oscillator	$b2o$2bo$b2o$bo	8			search
oscillator	$b2o$2bo$b2o2$bo	32			search
oscillator	$b2o$2bo$b2o$2bo	8			search
oscillator	$b2o$2bo$bo$2bo$bo$b2o	412			search
oscillator	$b2o$2bo$bo$2bo$b2o$2bo	412			search
oscillator	$b2o$2bo$bo$2bo$b3o	1036			search
oscillator	$b2o$2bo$bo$2bo$2bo	32			search
oscillator	$b2o$2bo$bo$2b2o$bobo	1196			search
oscillator	$b2o$2bo$bobo$2b3o	112			search
oscillator	$b2o$2bo$bo$3bo$bo$b2o	1300			search
oscillator	$b2o$2bo$bo$3bo$2bo$2bo	232			search
oscillator	$b2o$2bo$bo2bo	28			search
oscillator	$b2o$2bo2$bobo$3bo$o	132			search
oscillator	$b2o$2bo$2bo$o$bo	12			search
oscillator	$b2o$2bo2$2bo$bo$b2o	76			search
oscillator	$b2o$2bo2$2bo$b2o$bo	2820			search
oscillator	$b2o$2bo2$2bo$2bo	32			search
oscillator	$b2o$2bo2$2bo$2bo$o$bo	76			search
oscillator	$b2o$2bo2$2bo$3bo$bo$bobo	792			search
oscillator	$b2o$2bo2$2bo$3bo$b2o	48			search
oscillator	$b2o$2bo2$2bo$3bo2$2b2o	80			search
oscillator	$b2o$2b2o	8			search
oscillator	$b2o$2b2o$obo	18			search
oscillator	$b2o$2b2o$ob2o	18			search
oscillator	$b2o$2b2o$b2o$2bo	56			search
oscillator	$b2o$2b2o$b2o$2bo$3bo	56			search
oscillator	$b2o$2b2o2$bo$bo	16			search
oscillator	$b2o$2b2o$2bo$obo	32			search
oscillator	$b2o$2b2o$2bo$b2o	16			search
oscillator	$b2o$2bo$3bo	4			search
oscillator	$b2o$2bo$3bo$3bo$bobo	28			search
oscillator	$b2o$2bo$3b2o$4bo	4			search
oscillator	$b2o$2bo$3bo$4bo	4			search
oscillator	$b2o$2bo2$3bo$bobo	40			search
oscillator	$b2o$2bo2$3bo$3bo$bo	76			search
oscillator	$b2o$2bobo$o3bo	44			search
oscillator	$b2o$2bobo$bo2bo	48			search
oscillator	$b2o$2bobo2$2b2o	32			search
oscillator	$b2o$2bobo$4bo$obo	80			search
oscillator	$b2o$2bobo$4bo$2bo	32			search
oscillator	$b2o$2bobo$4b2o	32			search
oscillator	$b2o$2bob2o	40			search
oscillator	$b2o$2bo2bo$4bo	32			search
oscillator	$b2o2$2bo2$o$obo	160			search
oscillator	$b2o2$2bo2$bo$2bo	36			search
oscillator	$b2o2$2bo2$bo$2bo$2bo	100			search
oscillator	$b2o3$2bo$bo$b2o	48			search
oscillator	$b2o3$2bo$bobo$2b2o	68			search
oscillator	$b2o3$2bo$2b2o$bo	56			search
oscillator	$b3o	24			search
oscillator	$b3o$o	32			search
oscillator	$b3o$o$o$4bo	24			search
oscillator	$b3o$o2$o2bo	40			search
oscillator	$b3o$2o	16			search
oscillator	$b3o$3o	8			search
oscillator	$b3o$3o$3bo	8			search
oscillator	$b3o$2o2$3bo	16			search
oscillator	$b3o$2o2bo	16			search
oscillator	$b3o$o2$bobo	128			search
oscillator	$b3o$obo$o$o	48			search
oscillator	$b3o$obo2$2b2o	280			search
oscillator	$b3o$ob3o	72			search
oscillator	$b3o$obobo$o$o	48			search
oscillator	$b3o$obobo$o$bo	160			search
oscillator	$b3o$obobo$o$4bo	32			search
oscillator	$b3o$obobo$bo	20			search
oscillator	$b3o$obobo$bo$2bo	20			search
oscillator	$b3o$obobo$4bo	80			search
oscillator	$b3o$obo$4b2o	56			search
oscillator	$b3o$o2$2b2o	40			search
oscillator	$b3o$o$3bo$o2bo	492			search
oscillator	$b3o$o$3bo$o3bo	28			search
oscillator	$b3o$o$3bo$bo2bo	92			search
oscillator	$b3o$o$3bo$2b2o	200			search
oscillator	$b3o$o$3bo$3bo$bo	492			search
oscillator	$b3o$o$3b2o	224			search
oscillator	$b3o$o$3b2o$2bo	20			search
oscillator	$b3o$o$3bo$4bo	20			search
oscillator	$b3o$o2$3bo	32			search
oscillator	$b3o$o3bo	32			search
oscillator	$b3o$o3bo$bo$2bo	56			search
oscillator	$b3o$o3bo$bo$4bo	56			search
oscillator	$b3o$o3bo2$bo	128			search
oscillator	$b3o$o3bo$3bo$bo	92			search
oscillator	$b3o$o3bo$3b2o	128			search
oscillator	$b3o$o3bo$3bo$4bo	20			search
oscillator	$b3o$o3bo2$3bo	32			search
oscillator	$b3o$o3bo$4bo	40			search
oscillator	$b3o$o3b2o	64			search
oscillator	$b3o2$o$o2bo	48			search
oscillator	$b3o2$2o2bo	48			search
oscillator	$b3o2$o$2b2o	36			search
oscillator	$b3o2$o2bo$obo	176			search
oscillator	$b3o2$o2bo$o2bo	256			search
oscillator	$b3o2$o2bo$o3bo	176			search
oscillator	$b3o2$o2bo$2b2o	68			search
oscillator	$b3o2$o2bo$3bo$bo	704			search
oscillator	$b3o2$o2b2o	144			search
oscillator	$b3o2$o2b2o$2bo	16			search
oscillator	$b3o2$o2bo$4bo	12			search
oscillator	$b3o2$o3bo	28			search
oscillator	$b3o2$o3bo$bo	28			search
oscillator	$b3o2$o3bo$3bo	40			search
oscillator	$b3o2$o3b2o	40			search
oscillator	$b3o$bo	8			search
oscillator	$b3o$bo$o$4bo	12			search
oscillator	$b3o$bo$bobo$4bo	152			search
oscillator	$b3o$b2o	12			search
oscillator	$b3o$b2o$bo$2bo	136			search
oscillator	$b3o$b2o2$2b2o	96			search
oscillator	$b3o$b2o2$3bo	12			search
oscillator	$b3o$b2o3$3bo	12			search
oscillator	$b3o$b2obo	12			search
oscillator	$b3o$b2obo$bo	16			search
oscillator	$b3o$b2obo$bo$2bo	16			search
oscillator	$b3o$b2obo2$3bo	12			search
oscillator	$b3o$b2ob2o	164			search
oscillator	$b3o$b2o$4bo	64			search
oscillator	$b3o$b2o2bo$4bo	64			search
oscillator	$b3o$b2o$5bo	12			search
oscillator	$b3o$bo$2bo$o	16			search
oscillator	$b3o$bo2$3bo	8			search
oscillator	$b3o$bo2bo	8			search
oscillator	$b3o$bo2bo$o	12			search
oscillator	$b3o$bo2bo$bo	32			search
oscillator	$b3o$bo2bo$bo$2bo	32			search
oscillator	$b3o$bo2bo$bo$4bo	32			search
oscillator	$b3o$bo2bo2$bo$bo	356			search
oscillator	$b3o$bo2bo2$3bo	8			search
oscillator	$b3o$bo2b2o	8			search
oscillator	$b3o$bo$4bo$3bo	8			search
oscillator	$b3o$bo3bo$4bo	108			search
oscillator	$b3o2$bo$obo	40			search
oscillator	$b3o2$bo$2bo	32			search
oscillator	$b3o2$bo$2bo$bobo	40			search
oscillator	$b3o2$bo$2b2o	40			search
oscillator	$b3o2$bo2$2b2o	40			search
oscillator	$b3o2$bobo$obo	72			search
oscillator	$b3o2$bobo$o3bo	72			search
oscillator	$b3o2$bobo$2bo	24			search
oscillator	$b3o2$bobo$2bo$bobo	72			search
oscillator	$b3o2$bobo$2bo$2bo	32			search
oscillator	$b3o2$bobo$2b2o	32			search
oscillator	$b3o2$bobo$2bo$3bo	24			search
oscillator	$b3o2$bobo$2bobo	24			search
oscillator	$b3o2$bobo$3bo	72			search
oscillator	$b3o2$bobo$3bo$bo	88			search
oscillator	$b3o2$bobo$3bo$3bo	160			search
oscillator	$b3o2$bob2o	24			search
oscillator	$b3o2$bobo$4bo	24			search
oscillator	$b3o2$bo$3bo$3bo	64			search
oscillator	$b3o2$bo2bo	32			search
oscillator	$b3o2$bo2bo$o	40			search
oscillator	$b3o2$bo2bo$2bo$3bo	32			search
oscillator	$b3o2$bo2bo$3bo	64			search
oscillator	$b3o2$bo2b2o	64			search
oscillator	$b3o$2bo	8			search
oscillator	$b3o$2bo$o$2b2o	48			search
oscillator	$b3o$2bo$o3b2o	56			search
oscillator	$b3o$2bo2$ob2o	344			search
oscillator	$b3o$2bo$bo$2b2o	80			search
oscillator	$b3o$2bo$bo$3bo$3bo	240			search
oscillator	$b3o$2bo$bo2bo	16			search
oscillator	$b3o$2bo$bo2b2o	56			search
oscillator	$b3o$2b2o	80			search
oscillator	$b3o$2b3o	24			search
oscillator	$b3o$2b3o$bo	72			search
oscillator	$b3o$2bo$3bo	8			search
oscillator	$b3o$2bo$3bo$4bo	8			search
oscillator	$b3o$2bo2$3bo$bobo	116			search
oscillator	$b3o$2bobo	8			search
oscillator	$b3o$2bobo$bo2bo	168			search
oscillator	$b3o$2bobo$3bo	8			search
oscillator	$b3o$2bobo$3b2o	56			search
oscillator	$b3o$2bobo$4bo	40			search
oscillator	$b3o$2bob2o	52			search
oscillator	$b3o$2bob2o$3bo	148			search
oscillator	$b3o$2bo$4bo	16			search
oscillator	$b3o$2bo$4bo$2bo$3bo	8			search
oscillator	$b3o$2bo$4bo$4bo$3bo	16			search
oscillator	$b3o$2bo2bo$bo3bo	144			search
oscillator	$b3o2$2bo$2o	60			search
oscillator	$b3o$3bo$2b3o	68			search
oscillator	$b3o$3b2o$obo	76			search
oscillator	$b4o$o3bo	32			search
oscillator	$b4o$bo2bo	8			search
oscillator	$b4o$2bobo	8			search
oscillator	$b4o$4bo$o	24			search
oscillator	$b4o$4bo$bo	32			search
oscillator	$b4o$4bo$bobo	24			search
oscillator	$b3o$4bo$o	24			search
oscillator	$b3o$4bo$2o	16			search
oscillator	$b3o$4bo$o2bo	12			search
oscillator	$b3o$4bo$o2b2o	160			search
oscillator	$b3o$4bo$o2bo$4bo	12			search
oscillator	$b3o$4bo$o3bo	36			search
oscillator	$b3o$4bo2$2o	152			search
oscillator	$b3o$4bo$bo	32			search
oscillator	$b3o$4bo$b2o$2bo	92			search
oscillator	$b3o$4bo$bo$2bo	32			search
oscillator	$b3o$4bo$bobo	24			search
oscillator	$b3o$4bo$bobo$2bo	24			search
oscillator	$b3o$4bo$bob2o	88			search
oscillator	$b3o$4bo$bobo$4bo	24			search
oscillator	$b3o$4bo$bo2bo	40			search
oscillator	$b3o$4bo$2bo$o	88			search
oscillator	$b3o$4bo$2bo2$bo	80			search
oscillator	$b3o$4bo2$4bo$4bo	24			search
oscillator	$b3o$4b2o$bo	64			search
oscillator	$b3o$4b2o$bobo	72			search
oscillator	$b3o$4bo$6b2o	24			search
oscillator	$b3o$4bo2bo$7bo	24			search
oscillator	$b3obo	32			search
oscillator	$b3obo$o	40			search
oscillator	$b3obo$2o	64			search
oscillator	$b3obo$3o	48			search
oscillator	$b3obo$obobo$bo	48			search
oscillator	$b3obo$o3bo	40			search
oscillator	$b3obo$o3bo$bo	64			search
oscillator	$b3obo2$o	32			search
oscillator	$b3obo2$o2b2o	144			search
oscillator	$b3obo2$o2bobo	248			search
oscillator	$b3obo2$o3bo	36			search
oscillator	$b3obo$bo	40			search
oscillator	$b3obo$bo$o	48			search
oscillator	$b3obo$b2o	72			search
oscillator	$b3obo$b2obo	72			search
oscillator	$b3obo$bo2bo	40			search
oscillator	$b3obo$bo2bo$bo	144			search
oscillator	$b3obo$bo4bo	40			search
oscillator	$b3obo2$bo2bo	40			search
oscillator	$b3obo$2bo	24			search
oscillator	$b3obo$2bobo	24			search
oscillator	$b3obo$2bobo$4b2o	948			search
oscillator	$b3obo$2bob2o	412			search
oscillator	$b3obo$2bo$4bo	48			search
oscillator	$b3obo$2bo2b2o$4bo	864			search
oscillator	$b3obo$4bo	32			search
oscillator	$b3obo$4bo$2bo2bo	60			search
oscillator	$b3obo$4b2o	48			search
oscillator	$b3obo$4bo$5bo	32			search
oscillator	$b3obo$4bo$5b2o	224			search
oscillator	$b3obo$4bobo	32			search
oscillator	$b3obo$4bo$6bo	32			search
oscillator	$b3ob2o$bo4bo	2820			search
oscillator	$b3ob2o$2bobobo	412			search
oscillator	$b3ob2o$6bo	40			search
oscillator	$b3ob3o	88			search
oscillator	$b3obo$6bo	32			search
oscillator	$b3o$5bo$o4bo	36			search
oscillator	$b3o$5bo$bo3bo	40			search
oscillator	$b3o$5b2o$4bo	40			search
oscillator	$b3o2bo$2bobo2bo	332			search
oscillator	$b3o2bo$4bo$5bo	36			search
oscillator	$b3o2bo$4bo2bo	124			search
oscillator	$b3o2bo$5bo	36			search
oscillator	$b3o2bo$5bo$4bo	80			search
oscillator	$b3o2bo$5b2o	40			search
oscillator	$b3o$6bo$5b2o	24			search
oscillator	$b2o2$3bo$3bo$bo$b2o	192			search
oscillator	$b2o2$3bo$3bo$b2o	336			search
oscillator	$b2o2$3bo$3bo$3bo$bo	40			search
oscillator	$b2o3$3bo$b2o$bo	24			search
oscillator	$b2o3$3bo$b2o$2bo	24			search
oscillator	$b2o3$3bo$2bo$b2o	24			search
oscillator	$b2obo$o$2obo	84			search
oscillator	$b2obo$o$o3bo	108			search
oscillator	$b2obo$2o	16			search
oscillator	$b2obo$3o	16			search
oscillator	$b2obo$3o2$bo	80			search
oscillator	$b2obo$3o2$3bo	16			search
oscillator	$b2obo$2o2$3bo	16			search
oscillator	$b2obo$o$3bo$o3bo	28			search
oscillator	$b2obo$o$3bo$bo2bo	92			search
oscillator	$b2obo$o$3bo$4bo	20			search
oscillator	$b2obo$o$3bobo$4bo	40			search
oscillator	$b2obo2$o2bo	84			search
oscillator	$b2obo2$o2bo$4bo	84			search
oscillator	$b2obo$bo$o	36			search
oscillator	$b2obo$bo$o$4bo	36			search
oscillator	$b2obo$b2o$bo	16			search
oscillator	$b2obo$b2o$bo$2bo	16			search
oscillator	$b2obo2$bobo$obo	72			search
oscillator	$b2obo2$bobo$o3bo	72			search
oscillator	$b2obo2$bobo$2bo	24			search
oscillator	$b2obo2$bobo$2bo$bobo	72			search
oscillator	$b2obo2$bobo$2bo$3bo	24			search
oscillator	$b2obo2$bobo$2bobo	24			search
oscillator	$b2obo2$bob2o$2bo	68			search
oscillator	$b2obo2$bobo$4bo	24			search
oscillator	$b2obo2$bo2bo$2bobo$3bo	36			search
oscillator	$b2obo$3bo$obo	38			search
oscillator	$b2obo$3bo$o2bo	56			search
oscillator	$b2ob2o$2o	184			search
oscillator	$b2ob2o$3o	168			search
oscillator	$b2ob2o$o3bo	76			search
oscillator	$b2ob2o2$o2bo	112			search
oscillator	$b2o$4bo$ob2o$4bo	76			search
oscillator	$b2o$4bo$o3bo$bo	28			search
oscillator	$b2o$4bo$bo2bo$o	40			search
oscillator	$b2o$4bo$4bo$obo	40			search
oscillator	$b2o2bo$obo2bo$5bo	64			search
oscillator	$b2o2bo$bo2bo$4b2o	360			search
oscillator	$b2o2bo$bo3b2o$4bo	120			search
oscillator	$b2o2bo$2bobo$4b2o	64			search
oscillator	$b2o2bo$2bob2o	200			search
oscillator	$b2o2bo$2bo2bo$o4bo	172			search
oscillator	$b2o2bo$2bo2bo$bo3bo	64			search
oscillator	$b2o2bo$2bo2bo$4bo	64			search
oscillator	$b2o2bo$2bo2b2o$4bo	96			search
oscillator	$b2o2bo$6bo$3bob2o	256			search
oscillator	$b2o$5b2o$bo3bo	40			search
oscillator	$b2o3bo$2bobo$4bo	40			search
oscillator	$b2o3bo$2bob3o	540			search
oscillator	$b2o3bo$2bo2bo$5bo	40			search
oscillator	$b2o3bo$2bo4bo$5bo	124			search
oscillator	$b2o3bo$4bobo$3bo	36			search
oscillator	$b2o3bo$5bo$4bo	24			search
oscillator	$b2o3b2o2$4bo2bo	24			search
oscillator	$b2o4bo$5bo$4bo2bo	24			search
oscillator	$bo$2bo	4			search
oscillator	$bo$2bo$o$ob2o	72			search
oscillator	$bo$2bo$2o$obo$bo	40			search
oscillator	$bo$2bo$2o$b2o	56			search
oscillator	$bo$2bo$3o$2bo2$o	148			search
oscillator	$bo$2bo$o2$bobo$bo	36			search
oscillator	$bo$2bo2$obo$obo	88			search
oscillator	$bo$2bo2$ob2o	32			search
oscillator	$bo$2bo$bo$3o	24			search
oscillator	$bo$2bo$bo$ob2o	32			search
oscillator	$bo$2bo$bo$b2o	12			search
oscillator	$bo$2bo$bo$b2o$bo	16			search
oscillator	$bo$2bo$b2o	24			search
oscillator	$bo$2bo$b2o$o	32			search
oscillator	$bo$2bo$b2o$o$o	16			search
oscillator	$bo$2bo$b2o$2o	32			search
oscillator	$bo$2bo$b2o$3o	16			search
oscillator	$bo$2bo$b2o$bo	8			search
oscillator	$bo$2bo$b2o$bo$bo	16			search
oscillator	$bo$2bo$b2o$b2o	12			search
oscillator	$bo$2bo$b2o$b2o$3bo	36			search
oscillator	$bo$2bo$b2o2$bo	32			search
oscillator	$bo$2bo$b2o$2bo	8			search
oscillator	$bo$2bo$b3o	16			search
oscillator	$bo$2bo$b3o$o	24			search
oscillator	$bo$2bo$b3o$bo	8			search
oscillator	$bo$2bo$b3o2$bo	24			search
oscillator	$bo$2bo$b3o$2bo	4			search
oscillator	$bo$2bo$b3o$4bo	16			search
oscillator	$bo$2bo$bo$2bo$3o	140			search
oscillator	$bo$2bo$bo$2bo$2bo	24			search
oscillator	$bo$2bo$bo$2b2o$2bo	24			search
oscillator	$bo$2bo$bo$2b2o$3bo	24			search
oscillator	$bo$2bo$bobo$3o	24			search
oscillator	$bo$2bo$bobo$b2o	8			search
oscillator	$bo$2bo$bobo$b2o$bo	24			search
oscillator	$bo$2bo$bobo$b2o$bobo	16			search
oscillator	$bo$2bo$bobo$b2o$3bo	24			search
oscillator	$bo$2bo$bobo$b2obo	8			search
oscillator	$bo$2bo$bobo$2b2o	24			search
oscillator	$bo$2bo$bobo$2b3o	16			search
oscillator	$bo$2bo$bob2o	28			search
oscillator	$bo$2bo$bob2o$2bo	12			search
oscillator	$bo$2bo$bo2bo	16			search
oscillator	$bo$2bo$bo2bo$2bo$3bo	8			search
oscillator	$bo$2bo$2bo$o$bo	12			search
oscillator	$bo$2bo$2bo$obo$o	16			search
oscillator	$bo$2bo$2bo$b2o	16			search
oscillator	$bo$2bo$2b2o	4			search
oscillator	$bo$2bo$2b2o2$bobo	24			search
oscillator	$bo$2bo$2b2o$4bo	4			search
oscillator	$bo$2bo2$2bo$2bo	24			search
oscillator	$bo$2bo2$2bo$2bo$b2o	80			search
oscillator	$bo$2bo2$2b2o$2bo	24			search
oscillator	$bo$2bo2$2b2o$3bo	24			search
oscillator	$bo$2b2o	8			search
oscillator	$bo$2b2o$b2o$bo	8			search
oscillator	$bo$2b2o$b2o$2bo	4			search
oscillator	$bo$2b2o$b2o$2bo$3bo	4			search
oscillator	$bo$2b2o$b3o	16			search
oscillator	$bo$2b2o$bobo$b2o	8			search
oscillator	$bo$2b2o2$bo$bo	16			search
oscillator	$bo$2b2o$2bo	4			search
oscillator	$bo$2b2o$2bo2$bobo	16			search
oscillator	$bo$2b2o$2b2o	4			search
oscillator	$bo$2b2o$2b2o$4bo	4			search
oscillator	$bo$2b2o2$2b3o	96			search
oscillator	$bo$2b2o$3bo	4			search
oscillator	$bo$2b2o$3bo$3bo$3bo	96			search
oscillator	$bo$2b2o$3b2o$2bo	28			search
oscillator	$bo$2b2o$3b2o$3bo	32			search
oscillator	$bo$2b2o$3bo$4bo	4			search
oscillator	$bo$2b2o2$3bo$3bo	20			search
oscillator	$bo$2b3o$bo2bo	168			search
oscillator	$bo$2b3o$4bo$4bo	120			search
oscillator	$bo$2b2o$4bo$2bobo$3bo	32			search
oscillator	$bo$2b2o$4bo$4bo$3bo	28			search
oscillator	$bo$2b2obo$5bo	20			search
oscillator	$bo$2bo$3bo	4			search
oscillator	$bo$2bo$3bo$ob2o	72			search
oscillator	$bo$2bo$3bo$bo$bobo	24			search
oscillator	$bo$2bo$3bo$2b2o	24			search
oscillator	$bo$2bo$3bo$2b2o$2bo	124			search
oscillator	$bo$2bo$3bo$2b3o	16			search
oscillator	$bo$2bo$3bo$3bo$bobo	28			search
oscillator	$bo$2bo$3bo$3bo$3bo	20			search
oscillator	$bo$2bo$3b2o	28			search
oscillator	$bo$2bo$3b2o$bo$bobo	68			search
oscillator	$bo$2bo$3b2o2$bobo	40			search
oscillator	$bo$2bo$3b2o$2bo	12			search
oscillator	$bo$2bo$3b2o$2b2o	124			search
oscillator	$bo$2bo$3b2o$3b2o	4			search
oscillator	$bo$2bo$3b2o2$3bo	16			search
oscillator	$bo$2bo$3b2o$4bo	4			search
oscillator	$bo$2bo$3bo$4bo	4			search
oscillator	$bo$2bo2$3bo$bobo	32			search
oscillator	$bo$2bo2$3bo$3bo	24			search
oscillator	$bo$2bo2$3bo$3bo$2bo	32			search
oscillator	$bo$2bobo$b4o	104			search
oscillator	$bo$2bobo$bob2o	40			search
oscillator	$bo$2bobo$bo2bo	24			search
oscillator	$bo$2bobo$bo2bo$2bo	32			search
oscillator	$bo$2bobo$3bo$2b2o	24			search
oscillator	$bo$2bobo$3b2o	40			search
oscillator	$bo$2bobo$3b2o$2bo	24			search
oscillator	$bo$2bobo$3b2o$4bo	8			search
oscillator	$bo$2bobo$4bo$obo	40			search
oscillator	$bo$2bobo$4bo$2bo	32			search
oscillator	$bo$2bob2o	24			search
oscillator	$bo$2bob2o$bo2bo	16			search
oscillator	$bo$2bob2o$4bo	16			search
oscillator	$bo$2bo$4bo	16			search
oscillator	$bo$2bo$4bo$ob2o	24			search
oscillator	$bo$2bo$4bo$2bo$3bo	8			search
oscillator	$bo$2bo$4bo2$2b2o	16			search
oscillator	$bo$2bo$4bo2$2b2o$2bo	24			search
oscillator	$bo$2bo2bo$bo3bo	24			search
oscillator	$bo$2bo2bo$5bo	24			search
oscillator	$bo$2bo2b2o$bo3bo	32			search
oscillator	$bo$2bo2b2o$5bo	32			search
oscillator	$bobo$o$o$o2bo	40			search
oscillator	$bobo$o$o$2b2o	64			search
oscillator	$bobo$3o	16			search
oscillator	$bobo$3o$o$4bo	16			search
oscillator	$bobo$3o2$o2bo	24			search
oscillator	$bobo$3o$bo$2bo	16			search
oscillator	$bobo$3o$bo$4bo	16			search
oscillator	$bobo$3o2$bobo	80			search
oscillator	$bobo$3o$3bo$2bo	24			search
oscillator	$bobo$3o$3bo$4bo	24			search
oscillator	$bobo$3o2$3bo	16			search
oscillator	$bobo$3obo	16			search
oscillator	$bobo$3obo$o	16			search
oscillator	$bobo$3obo$bo	16			search
oscillator	$bobo$3obo2$bo	80			search
oscillator	$bobo$3obo$3bo	24			search
oscillator	$bobo$3obo2$3bo	16			search
oscillator	$bobo$3ob2o	64			search
oscillator	$bobo$3o$4b2o	64			search
oscillator	$bobo$2o2$2b2o	40			search
oscillator	$bobo$2o$3bo$o2bo	68			search
oscillator	$bobo$2o$3bo$o3bo	64			search
oscillator	$bobo$2o$3bo$bo2bo	100			search
oscillator	$bobo$2o$3bo$4bo	28			search
oscillator	$bobo$2o2bo$3bo$bo	100			search
oscillator	$bobo$2o2bo$3b2o	192			search
oscillator	$bobo$2o2bo$3bo$4bo	28			search
oscillator	$bobo$2o2bo$4bo	40			search
oscillator	$bobo$o$b2o$2o	140			search
oscillator	$bobo$o$bo2bo$b2o	64			search
oscillator	$bobo$obo$o$o2bo	24			search
oscillator	$bobo$obo$o3bo	32			search
oscillator	$bobo$obo2$2obo	144			search
oscillator	$bobo$obo$2bo$o	40			search
oscillator	$bobo$obo$2b2o	48			search
oscillator	$bobo$obo$2b2o$o	24			search
oscillator	$bobo$ob2o	32			search
oscillator	$bobo$ob2o2$o	40			search
oscillator	$bobo$ob2o$bo	104			search
oscillator	$bobo$ob2o$bo$o	72			search
oscillator	$bobo$ob2o$bo3bo	64			search
oscillator	$bobo$ob2o$bo3bo$o	48			search
oscillator	$bobo$ob2o$2bo	80			search
oscillator	$bobo$ob2o$2b2o	48			search
oscillator	$bobo$ob2o2$3bo	24			search
oscillator	$bobo$ob3o	72			search
oscillator	$bobo$ob3o2$o	96			search
oscillator	$bobo$ob3o2$obo	24			search
oscillator	$bobo$ob3o$bo	40			search
oscillator	$bobo$ob3o$bo$o	24			search
oscillator	$bobo$ob3o$2bo	16			search
oscillator	$bobo$ob3o2$3bo	24			search
oscillator	$bobo$ob4o	236			search
oscillator	$bobo$ob2o$5bo$o	48			search
oscillator	$bobo$ob2o$5bo$3bo	16			search
oscillator	$bobo$obo$3bo$2o	48			search
oscillator	$bobo$obo$3bo$2o$3bo	24			search
oscillator	$bobo$obobo$b2o	40			search
oscillator	$bobo$obobo$2b2o	16			search
oscillator	$bobo$obobo$2b2o$o	24			search
oscillator	$bobo$obobo$3bo$2o	72			search
oscillator	$bobo$obo2bo$2b2o	200			search
oscillator	$bobo$o2bo$2bo	48			search
oscillator	$bobo$o2bo$2bo$o	48			search
oscillator	$bobo$o2b2o$2bo	48			search
oscillator	$bobo$o2b2o$2b2o	16			search
oscillator	$bobo$o2b2o$2bo$4bo	48			search
oscillator	$bobo$o2b2o$2bo2bo	32			search
oscillator	$bobo$o2bobo$5bo	112			search
oscillator	$bobo$o3bo$2bobo$bo	168			search
oscillator	$bobo2$2o$obo	40			search
oscillator	$bobo2$2obo$o2bo	216			search
oscillator	$bobo$bo$2o2bo	48			search
oscillator	$bobo$bo$o$2b2o	32			search
oscillator	$bobo$bo$o2bo$o2bo	336			search
oscillator	$bobo$bo$o2bo$bo2bo	112			search
oscillator	$bobo$bo$o2bo$2b2o	32			search
oscillator	$bobo$bo$o2b2o	24			search
oscillator	$bobo$bo$o2bo$4bo	24			search
oscillator	$bobo$bo$o3bo	28			search
oscillator	$bobo$bo2$ob2o	40			search
oscillator	$bobo$bo$b3o$o	24			search
oscillator	$bobo$bo$bo$2bo$bobo	40			search
oscillator	$bobo$bo$bo$2b2o	40			search
oscillator	$bobo$bo$bo2$2b2o	40			search
oscillator	$bobo$bo$bobo$o2bo	120			search
oscillator	$bobo$bo$bobo$2bo	24			search
oscillator	$bobo$bo$bobo$2b2o	32			search
oscillator	$bobo$bo$bobo$2bo$3bo	24			search
oscillator	$bobo$bo$bobo$2bobo	24			search
oscillator	$bobo$bo$bobo$3bo	72			search
oscillator	$bobo$bo$bobo$3bo$bo	120			search
oscillator	$bobo$bo$bob2o	24			search
oscillator	$bobo$bo$bobo$4bo	24			search
oscillator	$bobo$bo$bo2bo	32			search
oscillator	$bobo$b2o	12			search
oscillator	$bobo$b2o$o$o2bo	80			search
oscillator	$bobo$b2o$o$o3bo	48			search
oscillator	$bobo$b2o$2o$2bo	16			search
oscillator	$bobo$b2o$2o$4bo	16			search
oscillator	$bobo$b2o$o2bo$4bo	12			search
oscillator	$bobo$b2o$o$3bo	44			search
oscillator	$bobo$b2o$o3bo	64			search
oscillator	$bobo$b2o$o3b2o	96			search
oscillator	$bobo$b2o$o$4bo	16			search
oscillator	$bobo$b2o2$2o	20			search
oscillator	$bobo$b2o$bo$obo	72			search
oscillator	$bobo$b2o$bo$o2bo	216			search
oscillator	$bobo$b2o$bo$o3bo	72			search
oscillator	$bobo$b2o$bo$2bo	24			search
oscillator	$bobo$b2o$bo$2bo$bobo	216			search
oscillator	$bobo$b2o$bo$2bo$2bo	48			search
oscillator	$bobo$b2o$bo$2b2o	80			search
oscillator	$bobo$b2o$bo$2bobo	24			search
oscillator	$bobo$b2o$bo2$2b2o	56			search
oscillator	$bobo$b2o$bobo2$bo	48			search
oscillator	$bobo$b2o$bobo$2bo	168			search
oscillator	$bobo$b2o$bobo$4bo	168			search
oscillator	$bobo$b2o$bo2bo	72			search
oscillator	$bobo$b2o$bo2b2o	144			search
oscillator	$bobo$b2o$bo$4bo	24			search
oscillator	$bobo$b2o2$2b2o	48			search
oscillator	$bobo$b2o2$2b2o$3bo	52			search
oscillator	$bobo$b4o$2bo$3bo	44			search
oscillator	$bobo$b2o2$3bo	12			search
oscillator	$bobo$b2o2$3bo$bobo	240			search
oscillator	$bobo$b2obo	12			search
oscillator	$bobo$b2obo$o	16			search
oscillator	$bobo$b2obo$2o	16			search
oscillator	$bobo$b2obo$o2bo	12			search
oscillator	$bobo$b2obo$o3bo	56			search
oscillator	$bobo$b2obo$o$4bo	16			search
oscillator	$bobo$b2obo2$2obo	112			search
oscillator	$bobo$b2obo$bo	24			search
oscillator	$bobo$b2obo$b2o$2bo	24			search
oscillator	$bobo$b2obo$bo$2bo	24			search
oscillator	$bobo$b2obo$bo$4bo	24			search
oscillator	$bobo$b2obo2$bo$bo	220			search
oscillator	$bobo$b2obo2$2b2o	56			search
oscillator	$bobo$b2obo$3bo$3b2o	12			search
oscillator	$bobo$b2obo2$3bo	12			search
oscillator	$bobo$b2obo$4b2o	36			search
oscillator	$bobo$b2ob2o	64			search
oscillator	$bobo$b2ob2o$bo	120			search
oscillator	$bobo$b2ob2o$3bo	24			search
oscillator	$bobo$b2o$4bo	36			search
oscillator	$bobo$b2o2bo$4bo	36			search
oscillator	$bobo$bo$2bobo$o	24			search
oscillator	$bobo$bo$2bobo2$bo	20			search
oscillator	$bobo$bo3$2b2o$2bo	40			search
oscillator	$bobo$bo2bo$o2bo	24			search
oscillator	$bobo$bo2bo$o2bo$bo	112			search
oscillator	$bobo$bo2bo$o2bo$4bo	24			search
oscillator	$bobo$bo2bo$o3bo	32			search
oscillator	$bobo$bo2bo$bobo	24			search
oscillator	$bobo$bo2bo$bobo$2bo	24			search
oscillator	$bobo$bo2bo$bob2o	88			search
oscillator	$bobo$bo2bo$bobo$4bo	24			search
oscillator	$bobo$bo2bo$bo2bo	40			search
oscillator	$bobo$bo2bo$4b2o	28			search
oscillator	$bobo$bo2b2o$bobo	72			search
oscillator	$bobo$bo2bob2o	24			search
oscillator	$bobo$bo3bo$o4bo	32			search
oscillator	$bobo$bo3bo$bo3bo	40			search
oscillator	$bobo$bo3bo$4bo	28			search
oscillator	$bobo$bo4bo$5b2o	24			search
oscillator	$bobo$2bo$2ob2o	24			search
oscillator	$bobo$2bo$2o2bo	32			search
oscillator	$bobo$2bo$bo$3o	56			search
oscillator	$bobo$2bo$bo$b2o$bo	40			search
oscillator	$bobo$2bo$b2o	32			search
oscillator	$bobo$2bo$bobo$3o	48			search
oscillator	$bobo$2bo$bobo$b2o$bo	48			search
oscillator	$bobo$2bo$2bo2$bobo	40			search
oscillator	$bobo$2bo$2b2o2$bobo	24			search
oscillator	$bobo$2b2o	24			search
oscillator	$bobo$2b2o$o$bo	56			search
oscillator	$bobo$2b2o2$obo	40			search
oscillator	$bobo$2b2o$bo	32			search
oscillator	$bobo$2b2o$bo$o	40			search
oscillator	$bobo$2b2o$bo$b2o	72			search
oscillator	$bobo$2b2o$bo2$bo	40			search
oscillator	$bobo$2b2o$b2o	16			search
oscillator	$bobo$2b2o$bo$2bo	24			search
oscillator	$bobo$2b2o$bo3bo	40			search
oscillator	$bobo$2b2o$bo3bo$o	48			search
oscillator	$bobo$2b2o2$bo	32			search
oscillator	$bobo$2b2o2$bo$bo	40			search
oscillator	$bobo$2b2o2$b2o	40			search
oscillator	$bobo$2b2o3$bobo	40			search
oscillator	$bobo$2b2o$2b2o	16			search
oscillator	$bobo$2b2o$2b2o2$3bo	48			search
oscillator	$bobo$2b2o$2b2obo	12			search
oscillator	$bobo$2b2o2$2bo$bo	40			search
oscillator	$bobo$2b2o$3bo	24			search
oscillator	$bobo$2b2o$3b3o	96			search
oscillator	$bobo$2b2o2$3bo$bo	80			search
oscillator	$bobo$2b3o	24			search
oscillator	$bobo$2b3o$bo	72			search
oscillator	$bobo$2b3o$bo$o	96			search
oscillator	$bobo$2b3o$bo$b2o	36			search
oscillator	$bobo$2b3o$bo2$bo	96			search
oscillator	$bobo$2b3o$b2o	16			search
oscillator	$bobo$2b3o$bo$2bo	24			search
oscillator	$bobo$2b3o2$bo	36			search
oscillator	$bobo$2b3o2$bo$bo	48			search
oscillator	$bobo$2b3o2$b2o	24			search
oscillator	$bobo$2b3o3$bobo	96			search
oscillator	$bobo$2b3o$2bo	12			search
oscillator	$bobo$2b3o$2bo$2bo	16			search
oscillator	$bobo$2b3o$2b2o	12			search
oscillator	$bobo$2b3o$2bo2bo	16			search
oscillator	$bobo$2b3o$3bo	12			search
oscillator	$bobo$2b3o$3bo$4bo	12			search
oscillator	$bobo$2b3o$3bobo	16			search
oscillator	$bobo$2b3o2$3bo$bo	28			search
oscillator	$bobo$2b4o	148			search
oscillator	$bobo$2bo$3bo$bo$bobo	48			search
oscillator	$bobo$2bo$3bo$2b2o$2bo	132			search
oscillator	$bobo$2bobo$bo$3o	72			search
oscillator	$bobo$2bobo$bo$b2o$bo	48			search
oscillator	$bobo$2bobo$bo2bo	24			search
oscillator	$bobo$2bobo$3bo$bo$bobo	72			search
oscillator	$bobo$2bobo$3b2o	40			search
oscillator	$bobo$2bobo$4bo$2o	152			search
oscillator	$bobo$2bobo$4bo$2bo	32			search
oscillator	$bobo$2bob2o	24			search
oscillator	$bobo$2bob2o$4bo	16			search
oscillator	$bobo$3bo$bo$3o	48			search
oscillator	$bobo$3bo$2bo$2o	24			search
oscillator	$bobo$3bo$2bo$bo$bo	24			search
oscillator	$bobo$3bo$3bo$3bo$bo	76			search
oscillator	$bobo$3b2o$bo$3o	72			search
oscillator	$bobo$3b2o$bo$b2o$bo	72			search
oscillator	$bobo$3bobo$bo3bo	112			search
oscillator	$bobo$3bobo$5bo	112			search
oscillator	$bob2o$o2$2o	24			search
oscillator	$bob2o$3obo	16			search
oscillator	$bob2o$ob2o	24			search
oscillator	$bob2o$o$2bo$4bo	48			search
oscillator	$bob2o$o2bo$2bo	16			search
oscillator	$bob2o$o$4b2o	112			search
oscillator	$bob2o$b2obo	12			search
oscillator	$bob2o$b2obo$o	16			search
oscillator	$bob2o$b2obo$bo	24			search
oscillator	$bob2o$b2obo2$3bo	12			search
oscillator	$bob2o$b2ob2o	64			search
oscillator	$bob2o$2bo$b2o	64			search
oscillator	$bob2o$2b2o	16			search
oscillator	$bob2o$2b2o$bo	24			search
oscillator	$bob2o$2b2o$2bo	16			search
oscillator	$bob2o$2b2o$3bo	16			search
oscillator	$bob2o$2b3o	16			search
oscillator	$bob2o$2bo$3bo2$2b2o	228			search
oscillator	$bob2o$2bo$3bo$4bo	24			search
oscillator	$bob2o$2bobo$3bo	8			search
oscillator	$bob2o$2bob2o	24			search
oscillator	$bob2o2$2bo$4bo$3bo	48			search
oscillator	$bob2o$3bo$2bo2$3bo	16			search
oscillator	$bob2o2$3b2o$2bo	168			search
oscillator	$bob2o2$4bo$2b2o	152			search
oscillator	$bob3o$obo	40			search
oscillator	$bob3o$obo$bo	128			search
oscillator	$bob3o$o$2bo	32			search
oscillator	$bob3o$2bo	32			search
oscillator	$bob3o$2bo$bo	40			search
oscillator	$bob3o$2b2o	16			search
oscillator	$bobo$4bo$bob2o$2bo$3bo	56			search
oscillator	$bobo$4bo$3bo$2b3o	24			search
oscillator	$bobo$4bo$3b2o$2bo$3bo	56			search
oscillator	$bobobo$3o	40			search
oscillator	$bobobo$3o$o	40			search
oscillator	$bobobo$3o$bo	40			search
oscillator	$bobobo$3obo	40			search
oscillator	$bobobo$obo$2b2o	32			search
oscillator	$bobobo$ob3o	24			search
oscillator	$bobobo$ob3o$bo	80			search
oscillator	$bobobo$o2b2o$2bo	16			search
oscillator	$bobobo$bo$o2bo	72			search
oscillator	$bobobo$bo$o3bo	36			search
oscillator	$bobobo$bo$bo2bo	40			search
oscillator	$bobobo$b2o	32			search
oscillator	$bobobo$b2o$o	40			search
oscillator	$bobobo$b2o$2o	40			search
oscillator	$bobobo$b2o$o2bo	48			search
oscillator	$bobobo$b2o$o3bo	392			search
oscillator	$bobobo$b2o$bo2bo	168			search
oscillator	$bobobo$b2obo	32			search
oscillator	$bobobo$b2o3bo$4b2o	356			search
oscillator	$bobobo$bo2bo$6bo	32			search
oscillator	$bobobo$bo3bo$4bo	132			search
oscillator	$bobobo$bo3b2o$4bo	40			search
oscillator	$bobobo$bo3b2o$5bo	112			search
oscillator	$bobobo$2bo$2o2bo	80			search
oscillator	$bobobo$2bo$b2o	40			search
oscillator	$bobobo$2b3o	16			search
oscillator	$bobobo$2b3o$2bo	16			search
oscillator	$bobobo$2b3o$3bo	16			search
oscillator	$bobobo$2b3o$5bo	24			search
oscillator	$bobobo$2bobo$b2o	24			search
oscillator	$bobob2o$b2obobo	412			search
oscillator	$bobo2bo$bo2bo$3b2o	424			search
oscillator	$bobo2bo$bo2bo2bo	144			search
oscillator	$bo$3bo$bo$3o	24			search
oscillator	$bo$3bo$bo$3obo	24			search
oscillator	$bo$3bo$bo$b2o$bo	24			search
oscillator	$bo$3bo$b2o$3obo	16			search
oscillator	$bo$3bo$bo$2b2o$2bo	148			search
oscillator	$bo$3bo2$2b2o$2bo	124			search
oscillator	$bo$3bo$3bo$3b2o$3bo	124			search
oscillator	$bo$3b3o$5b2o	96			search
oscillator	$bo2$3bo$ob3o	72			search
oscillator	$bo2$3bo$2b2o$3bo	24			search
oscillator	$bo2$3bo$2b3o	24			search
oscillator	$bo2$3bo$3b2o$bobo	72			search
oscillator	$bo2$3bo$3b2o$3bo	24			search
oscillator	$bo2$3b2o$ob2o	24			search
oscillator	$bo2$3b2o$2b2o	16			search
oscillator	$bo2bo$o$o2bo$obo	140			search
oscillator	$bo2bo$o$o2bobo$4bo	36			search
oscillator	$bo2bo$3o$3bo$2bo	24			search
oscillator	$bo2bo$3o$3bo$4bo	24			search
oscillator	$bo2bo$obo$o4bo$4bo	152			search
oscillator	$bo2bo$obo$b2o	40			search
oscillator	$bo2bo$obo$2b2o	16			search
oscillator	$bo2bo$ob2o$2bo	16			search
oscillator	$bo2bo$ob3o	80			search
oscillator	$bo2bo$obo$3bo$3b2o	56			search
oscillator	$bo2bo$obobo$2bo	40			search
oscillator	$bo2bo$o2bo$2b2o	16			search
oscillator	$bo2bo$o2bo$2bo2bo	32			search
oscillator	$bo2bo$o3bo$b2o2bo	28			search
oscillator	$bo2bo$bo$bo$2b3o	80			search
oscillator	$bo2bo$b2o$o2bo$4bo	36			search
oscillator	$bo2bo$b2o$b2o$2bo	56			search
oscillator	$bo2bo$b2o$bobo$2bo	16			search
oscillator	$bo2bo$b2o$bobo$4bo	16			search
oscillator	$bo2bo$b3o$2b2o	68			search
oscillator	$bo2bo$b3o$2bo$3bo	44			search
oscillator	$bo2bo$b2o$3bo	56			search
oscillator	$bo2bo$b2o$3bo$2bo	56			search
oscillator	$bo2bo$b2o$3bo$2bobo	56			search
oscillator	$bo2bo$b2o$3bo$3b2o	20			search
oscillator	$bo2bo$b2o$3bo$4bo	56			search
oscillator	$bo2bo$2bo$b3o	16			search
oscillator	$bo2bo$2bo$bobo$b2o	16			search
oscillator	$bo2bo$2bo$bobo$3bo	28			search
oscillator	$bo2bo$2bo$bobo$3b2o	56			search
oscillator	$bo2bo$2bo$2bo$3bo$bo	28			search
oscillator	$bo2bo$2b2o$o$bo	56			search
oscillator	$bo2bo$2b2o$b2o	16			search
oscillator	$bo2bo$2b3o	24			search
oscillator	$bo2bo$2bo$3bo	8			search
oscillator	$bo2bo$2bo$3bo$b2o	16			search
oscillator	$bo2bo$2bo$3bo$2b2o	24			search
oscillator	$bo2bo$2bo$3bo$2b3o	16			search
oscillator	$bo2bo$2bo$3bo2$2b2o	32			search
oscillator	$bo2bo$2bo$3bo2$2b2o$2bo	32			search
oscillator	$bo2bo$2bo$3bo$3bo	28			search
oscillator	$bo2bo$2bo$3bo$3bo$3bo	20			search
oscillator	$bo2bo$2bo$3bo$3b2o	56			search
oscillator	$bo2bo$2bo$3bo$3b2o$3bo	24			search
oscillator	$bo2bo$2bo$3bo$4bo	8			search
oscillator	$bo2bo$2bobo$4bo$2bo$3bo	36			search
oscillator	$bo2bo$2bo2bo	12			search
oscillator	$bo2bo$2bo2bo$2b2o	12			search
oscillator	$bo2bo$3bo$4bo$obo	104			search
oscillator	$bo2b2o$obo$b2o	80			search
oscillator	$bo2b2o$obo$bo3bo	128			search
oscillator	$bo2b2o$obo$2bo	24			search
oscillator	$bo2b2o$ob2o	24			search
oscillator	$bo2b2o$o$2bo2bo	48			search
oscillator	$bo2b2o$o2bo$2bo	48			search
oscillator	$bo2b2o$o3bo$2bo	32			search
oscillator	$bo2b2o$b2o$o2bo	104			search
oscillator	$bo2b2o$b2o$3bo	64			search
oscillator	$bo2b2o$2bo$bo3bo	40			search
oscillator	$bo2b2o$2bo2bo	36			search
oscillator	$bo2b2o2$2b2obo	16			search
oscillator	$bo$4bo$bobo$2b3o	24			search
oscillator	$bo$4bo$3bo$ob3o	72			search
oscillator	$bo$4bo$3bo$2b3o	24			search
oscillator	$bo2$4bo$2bo$3bo	8			search
oscillator	$bo3bo$3o$4b2o	148			search
oscillator	$bo3bo$3o2bo$5bo	72			search
oscillator	$bo3bo$ob3o	40			search
oscillator	$bo3bo$ob2o$5bo	40			search
oscillator	$bo3bo$obo2bo$o4bo	60			search
oscillator	$bo3bo$obo2bo$b2o	212			search
oscillator	$bo3bo$obo2bo$bo3bo	32			search
oscillator	$bo3bo$o2b2o$2bo	32			search
oscillator	$bo3bo$b2o$bo2b2o	148			search
oscillator	$bo3bo$b2obo$4b2o	32			search
oscillator	$bo3bo$b2ob3o	36			search
oscillator	$bo3bo$b2ob3o$4bo	192			search
oscillator	$bo3bo$b2obobo$4b2o	64			search
oscillator	$bo3bo$b2o2bo$bo3bo	108			search
oscillator	$bo3bo$b2o2bo$4bo	160			search
oscillator	$bo3bo$b2o2b2o$4bo	64			search
oscillator	$bo3bo$b2o2b2o$4b2o	192			search
oscillator	$bo3bo$b2o3bo$4b2o	36			search
oscillator	$bo3bo$bo3bo$2bobo	112			search
oscillator	$bo3bo$2bo$b3obo	32			search
oscillator	$bo3bo$2b2o$bo3bo	40			search
oscillator	$bo3bo$2bo2bo$b2o	128			search
oscillator	$bo3bo$2bo2bo$bo3bo	32			search
oscillator	$bo3bo$2bo2bo$5bo	32			search
oscillator	$bo3b2o$2bo2bo$5bo	40			search
oscillator	$bo3b3o$b2obo	120			search
oscillator	$bo3bobo$b2obo$4b2o	64			search
oscillator	$bo3bobo$b2ob3o	144			search
oscillator	$bo3bobo$b2o$4b2o	120			search
oscillator	$bo3bobo$b2o2b2o$4bo	128			search
oscillator	$bo3bobo$b2o3bo$4b2o	72			search
oscillator	$bo4bo$ob2o2bo	128			search
oscillator	$bo4bo$b2ob2o	36			search
oscillator	$bo4bo$b2ob3o	212			search
oscillator	$bo4bo$b2o$4b2o	36			search
oscillator	$bo4bo$bo4bo$2bobo	56			search
oscillator	$bo4bo$2b2o2bo	44			search
oscillator	$bo4bo$2b2o3bo	248			search
oscillator	$bo4bo$2bob3o	80			search
oscillator	$bo4b2o$b2o$4bo2bo	96			search
oscillator	$bo4b2o$b2o3bo$4bo	64			search
oscillator	$bo4b2o$bo$4bo2bo	24			search
oscillator	$bo5bo$b2ob2obo	496			search
oscillator	$bo5bo$b2o$4b2obo	120			search
oscillator	$bo5bo$b2o4bo$4b2o	608			search
oscillator	2bo$o$obo2$o$o	40			search
oscillator	2bo$o$obo$b2o	32			search
oscillator	2bo$o$obo$b2o$o	120			search
oscillator	2bo$o$obo$2bo$obo	216			search
oscillator	2bo$o$ob2o	72			search
oscillator	2bo$o$ob2o2$o	80			search
oscillator	2bo$o$ob2o2$3bo	48			search
oscillator	2bo$o$o$2b2o$o	80			search
oscillator	2bo$o$o2bo$2bo$o	112			search
oscillator	2bo$2o$o2$2o	36			search
oscillator	2bo$2o$o$b2o	308			search
oscillator	2bo$2o$o$b2o$o	144			search
oscillator	2bo$2o$o2$bobo	32			search
oscillator	2bo$2o$obo	32			search
oscillator	2bo$2o$obo$bo$bo	284			search
oscillator	2bo$2o$obo$b2o	144			search
oscillator	2bo$2o$obo2$bo	32			search
oscillator	2bo$2o$obo3$bo	32			search
oscillator	2bo$2o$obo$2bo	48			search
oscillator	2bo$2o$obo2$2bo$3bo	32			search
oscillator	2bo$2o$ob3o	136			search
oscillator	2bo$2o$obo$3bo$bo	48			search
oscillator	2bo$2o$obo2$3bo	32			search
oscillator	2bo$2o$obo$4bo	32			search
oscillator	2bo$2o$o$2bo	72			search
oscillator	2bo$2o$o$2bo2bo	72			search
oscillator	2bo$2o$o2bo$2bo	136			search
oscillator	2bo$2o$o2bo$3bo	48			search
oscillator	2bo$2o$o$3bo$3bo	32			search
oscillator	2bo$2o$o2$3bo	32			search
oscillator	2bo$2o$o$4bo$3bo	32			search
oscillator	2bo$2o$b2o	56			search
oscillator	2bo$2o$b2o2$o	56			search
oscillator	2bo$2o$b2o2$bo	56			search
oscillator	2bo$3o$bo$2bo	16			search
oscillator	2bo$2o$2bo$o$bo	56			search
oscillator	2bo$2o$2bo$bobo$o	48			search
oscillator	2bo$2o$2bo$bobo$2bo	48			search
oscillator	2bo$2o$2bobo$4bo	24			search
oscillator	2bo$2o2$2bo$2o	72			search
oscillator	2bo$2obo$obo$bo2bo	80			search
oscillator	2bo$2obo$ob2o	40			search
oscillator	2bo$2obo$o$2b2o	152			search
oscillator	2bo$2obo$o2bo	144			search
oscillator	2bo$2ob2o$o	32			search
oscillator	2bo$2ob2o$o$2bo	100			search
oscillator	2bo$2obobo$o3bo	128			search
oscillator	2bo$2obobo$2bobo	44			search
oscillator	2bo$2obobo$4bo	44			search
oscillator	2bo$2o2bo$obo	24			search
oscillator	2bo$2o2bo$o2$4bo	48			search
oscillator	2bo$o$b2o$2bo$o	52			search
oscillator	2bo$o$bobo$3bo$o	272			search
oscillator	2bo$o$bobo$3bo$4bo	32			search
oscillator	2bo$o$bo$3bo$2o	60			search
oscillator	2bo$o2$b3o$o	40			search
oscillator	2bo$o2$b3o$2bo	48			search
oscillator	2bo$o2$bobo$2o	40			search
oscillator	2bo$o2$bobo$3o	40			search
oscillator	2bo$obo$o$bo$o	56			search
oscillator	2bo$obo$o$bo$obo	56			search
oscillator	2bo$obo$o$bo$2bo	56			search
oscillator	2bo$obo$bo2$2o	240			search
oscillator	2bo$o$2bo$bo$2o	40			search
oscillator	2bo$o$2bo$bo$3o	168			search
oscillator	2bo$o$2bo$bo$bo	36			search
oscillator	2bo$o$2bo$bo$bo$bo	40			search
oscillator	2bo$o$2bo$bo$b2o	200			search
oscillator	2bo$o$2bo$b2o$o	40			search
oscillator	2bo$o$2bo$b2o$b2o	188			search
oscillator	2bo$o$2bo$b2o$2bo	48			search
oscillator	2bo$o$2bo$b3o$o	28			search
oscillator	2bo$o$2bo$bobo$3o	144			search
oscillator	2bo$o$2bo$2bo$obo	80			search
oscillator	2bo$o$2bo$2bo$bo$bo	40			search
oscillator	2bo$o$2bo$3bo$3o	112			search
oscillator	2bo$o2$2b2o$2o	40			search
oscillator	2bo$o2bo$ob2o	84			search
oscillator	2bo$o2bo$o2bo$2bo$2bo	40			search
oscillator	2bo$o2bo$o2b2o$2bo	48			search
oscillator	2bo$o2bo$2bo$2bo$bo	36			search
oscillator	2bo$o2bo$2b2o2$bo	36			search
oscillator	2bo$o2bo$3bo$bo$bo$bo	196			search
oscillator	2bo$o2bo$3bo$2bo$bo	224			search
oscillator	2bo$o$3bo$bo$2o	112			search
oscillator	2bo$o$3bo$bo$3o	72			search
oscillator	2bo$o$3bo$3bo$2o	40			search
oscillator	2bo$o$3bo$3bo$obo	80			search
oscillator	2bo$o3bo$ob2o	28			search
oscillator	2bo$o3bo$o$2b2o	28			search
oscillator	2bo$o3bo$o$2bo$4bo	48			search
oscillator	2bo$o3bo$o$3bo$4bo	72			search
oscillator	2bo$o3bo$bo2bo$3bo	124			search
oscillator	2bo$o3bo2$bo$2b2o	32			search
oscillator	2bo2$obo$2o$2bo$bo	32			search
oscillator	2bo2$obo$bo$o$2o2$bo	224			search
oscillator	2bo2$obo$bo$b2o$o	48			search
oscillator	2bo2$obo$b2o$o	72			search
oscillator	2bo2$obo$b2o2$o	72			search
oscillator	2bo2$obo$b2o2$o2$bo	224			search
oscillator	2bo2$obo$b2o2$bo$o$bo	272			search
oscillator	2bo2$obo$b2o2$bo2$bo	88			search
oscillator	2bo2$obo$b2o3$bo$bo	160			search
oscillator	2bo2$obo$b2o$2bo	24			search
oscillator	2bo2$obo2$bo$o2$bo	32			search
oscillator	2bo2$obo$2bo$o	40			search
oscillator	2bo2$obo$2bo$o3$bo	48			search
oscillator	2bo2$obo$2bo2$o	32			search
oscillator	2bo2$obo$2bo2$obo	32			search
oscillator	2bo2$obo$2bo4$2o	112			search
oscillator	2bo2$obo$2bo2$bo$o$bo	152			search
oscillator	2bo2$obo$2bo2$bo2$bo	48			search
oscillator	2bo2$obo$2bo3$bo$bo	44			search
oscillator	2bo$bo$o$o$o	40			search
oscillator	2bo$bo$o$o$o2bo	40			search
oscillator	2bo$bo$o$2o2$bo	32			search
oscillator	2bo$bo$2o$o$o	20			search
oscillator	2bo$bo$3o	24			search
oscillator	2bo$bo$3o$o	16			search
oscillator	2bo$bo$3o$o$o	16			search
oscillator	2bo$bo$3o$2o	16			search
oscillator	2bo$bo$3o2$o	72			search
oscillator	2bo$bo$3o$bo	16			search
oscillator	2bo$bo$3o$bo$2bo	16			search
oscillator	2bo$bo$3o2$bo	40			search
oscillator	2bo$bo$o$b2o$2o	140			search
oscillator	2bo$bo$o$b2o$bo$bo	140			search
oscillator	2bo$bo$obo$o$bo	40			search
oscillator	2bo$bo$obo$o$bo2bo	40			search
oscillator	2bo$bo$obo$obo	132			search
oscillator	2bo$bo$obo$b2o	104			search
oscillator	2bo$bo$obo$b2o$o	72			search
oscillator	2bo$bo$obo$b2o2$bo	80			search
oscillator	2bo$bo$obo$2bo	32			search
oscillator	2bo$bo$obo$2bo$o	40			search
oscillator	2bo$bo$obo$2bo2$bo	40			search
oscillator	2bo$bo$ob2o	32			search
oscillator	2bo$bo$ob2o2$o	40			search
oscillator	2bo$bo$ob2o2$3bo	24			search
oscillator	2bo$bo$obo$3bo$2o	48			search
oscillator	2bo$bo2$2o$o	40			search
oscillator	2bo$bo2$2o$obo	40			search
oscillator	2bo$bo$bo$bo$2b2o	40			search
oscillator	2bo$bo$b2o	12			search
oscillator	2bo$bo$b2o$o	16			search
oscillator	2bo$bo$b2o$o$o	48			search
oscillator	2bo$bo$b2o$2o	16			search
oscillator	2bo$bo$b2o$2o$o	32			search
oscillator	2bo$bo$b2o$2o$2bo	16			search
oscillator	2bo$bo$b2o$o$2bo$bo	48			search
oscillator	2bo$bo$b2o$o$2bo$2bo	64			search
oscillator	2bo$bo$b2o2$2o	20			search
oscillator	2bo$bo$b2o2$2o3$bo	248			search
oscillator	2bo$bo$b2o2$obo$2bo	176			search
oscillator	2bo$bo$b2o$bo	16			search
oscillator	2bo$bo$b2o$bo$o	24			search
oscillator	2bo$bo$b2o$bo$obo	24			search
oscillator	2bo$bo$b2o$bo$obo$bo	80			search
oscillator	2bo$bo$b2o$bo2$bo	24			search
oscillator	2bo$bo$b2o$bo$2bo	16			search
oscillator	2bo$bo$b2o$bo$2bo$bo	24			search
oscillator	2bo$bo$b2o$bo$2bo$2bo	104			search
oscillator	2bo$bo$b2o2$bo$bo	136			search
oscillator	2bo$bo$bo2bo$bo2bo	40			search
oscillator	2bo$bo$bo4bo$5b2o	24			search
oscillator	2bo$bo2$bo2bo$b2o$3bo	64			search
oscillator	2bo$b2o$o	32			search
oscillator	2bo$b2o$o$o$o	20			search
oscillator	2bo$b2o$o$2o	24			search
oscillator	2bo$b2o$o2$o	40			search
oscillator	2bo$b2o$2o$o	12			search
oscillator	2bo$b2o$2o2$o	24			search
oscillator	2bo$b2o$2o$bo	12			search
oscillator	2bo$b2o$2o2$2bo	168			search
oscillator	2bo$b2o$o2$bo	128			search
oscillator	2bo$b2o2$o	24			search
oscillator	2bo$b2o2$o$o	48			search
oscillator	2bo$b2o2$o$o2bo	48			search
oscillator	2bo$b2o2$2o$o	64			search
oscillator	2bo$b2o2$o$2bo$bo	32			search
oscillator	2bo$b2o2$o$2bo$2bo	40			search
oscillator	2bo$b2o2$o$2b2o	36			search
oscillator	2bo$b2o3$o$o2$bo	80			search
oscillator	2bo$b2o3$2o	104			search
oscillator	2bo$b2o$bo	8			search
oscillator	2bo$b2o$bo$o	12			search
oscillator	2bo$b2o$bo$o$o	48			search
oscillator	2bo$b2o$bo$2o	12			search
oscillator	2bo$b2o$bo$bo	16			search
oscillator	2bo$b2o$bo$bo$o	64			search
oscillator	2bo$b2o$bo$bo2$bo	64			search
oscillator	2bo$b2o$bo$bo$2bo	16			search
oscillator	2bo$b2o$b2o	12			search
oscillator	2bo$b2o$b2o$bo	8			search
oscillator	2bo$b2o$b2o2$2bo$2bo	96			search
oscillator	2bo$b2o$b2o$3bo$2bo	36			search
oscillator	2bo$b2o$bo$2bo$o	16			search
oscillator	2bo$b2o2$bo	32			search
oscillator	2bo$b2o2$bo$o	40			search
oscillator	2bo$b2o2$bo$obo	40			search
oscillator	2bo$b2o2$bo$obo$bo	128			search
oscillator	2bo$b2o2$bo2$bo	40			search
oscillator	2bo$b2o2$b2o2$bo	76			search
oscillator	2bo$b2o2$bo$2bo	32			search
oscillator	2bo$b2o2$bo$2bo$bo	40			search
oscillator	2bo$b2o2$bo$2bo$2bo	64			search
oscillator	2bo$b2o2$bo$2b2o	40			search
oscillator	2bo$b2o3$bo$o	136			search
oscillator	2bo$b2o3$bo$bo	40			search
oscillator	2bo$b2o$2bo	8			search
oscillator	2bo$b2o$2bo$2o$o	48			search
oscillator	2bo$b2o$2bo$o$2bo$2bo	88			search
oscillator	2bo$b2o$2bo$bo$2bo$2bo	264			search
oscillator	2bo$b2o$2bo$bo2bo	16			search
oscillator	2bo$b2o$2bobo$bo2bo	80			search
oscillator	2bo$b2o$2bo$4bo	16			search
oscillator	2bo$b2o$2bo$4bo$2bo$3bo	8			search
oscillator	2bo$b2o2$2bo$2o	60			search
oscillator	2bo$b3o$o	24			search
oscillator	2bo$b3o$o3bo	24			search
oscillator	2bo$b3o2$o$o	16			search
oscillator	2bo$b3o$bo	8			search
oscillator	2bo$b3o$b2o	4			search
oscillator	2bo$b3o$b3o	208			search
oscillator	2bo$b3o$bo2$3bo	8			search
oscillator	2bo$b3o$bo2bo	8			search
oscillator	2bo$b3o2$bo$o	32			search
oscillator	2bo$b3o2$bo2$bo	32			search
oscillator	2bo$b3o2$bo$2bo	24			search
oscillator	2bo$b3o2$bo$2bo$bobo	36			search
oscillator	2bo$b3o2$bo2$2b2o	32			search
oscillator	2bo$b3o2$bo$3bo$3bo	40			search
oscillator	2bo$b3o2$bo2bo	28			search
oscillator	2bo$b3o2$bo2bo$2bo$3bo	32			search
oscillator	2bo$b3o3$bo$bo	32			search
oscillator	2bo$b3o$2bo	4			search
oscillator	2bo$b3o$2bo$bo$2bo$3bo	32			search
oscillator	2bo$b3o$2bo$bo2bo	28			search
oscillator	2bo$b3o$2bo2$2b2o	32			search
oscillator	2bo$b3o$2bobo	4			search
oscillator	2bo$b3o$4bo$o	16			search
oscillator	2bo$b3o$4bo$bo	24			search
oscillator	2bo$b3obo$4b3o	144			search
oscillator	2bo$b3ob2o	80			search
oscillator	2bo$b3o2$5b2o	16			search
oscillator	2bo$b3o2bo$2bob2o	1300			search
oscillator	2bo$b2o$4bo$o2b2o	64			search
oscillator	2bo$b2o$4bo$bo2bo	40			search
oscillator	2bo$b2o2bo2$bo2bo	40			search
oscillator	2bo$b2o$6bo$5b2o	24			search
oscillator	2bo$bo$2bo$2o$o	24			search
oscillator	2bo$bo$2bo$2o$obo	24			search
oscillator	2bo$bo$2bo$2o$b2o	56			search
oscillator	2bo$bo$2bo$bo$3o	56			search
oscillator	2bo$bo$2bo$bo$b2o	32			search
oscillator	2bo$bo$2bo$bo$b2o$bo	40			search
oscillator	2bo$bo$2bo$b2o	32			search
oscillator	2bo$bo$2bo$b2o$o	40			search
oscillator	2bo$bo$2bo$b2o$2o	144			search
oscillator	2bo$bo$2bo$b2o$o$bo	64			search
oscillator	2bo$bo$2bo$b2o$bo	40			search
oscillator	2bo$bo$2bo$b2o$b2o	72			search
oscillator	2bo$bo$2bo$b2o2$bo	40			search
oscillator	2bo$bo$2bo$b2o$2bo	24			search
oscillator	2bo$bo$2bo$b3o	48			search
oscillator	2bo$bo$2bo$b3o$o	24			search
oscillator	2bo$bo$2bo$b3o2$bo	24			search
oscillator	2bo$bo$2bo$bobo$3o	48			search
oscillator	2bo$bo$2bo$bobo$b2o	24			search
oscillator	2bo$bo$2bo$bobo$b2o$bo	48			search
oscillator	2bo$bo$2bo$bobo$2b2o	32			search
oscillator	2bo$bo$2bo$2bo	24			search
oscillator	2bo$bo$2bo$2bo$o$bo	32			search
oscillator	2bo$bo$2bo$2bo$obo	40			search
oscillator	2bo$bo$2bo$2bo$b2o	80			search
oscillator	2bo$bo$2bo$2bo2$bobo	40			search
oscillator	2bo$bo$2bo$2bo$2bo	32			search
oscillator	2bo$bo$2bo$2bo$2bo$bo	40			search
oscillator	2bo$bo$2b2o$b3o	48			search
oscillator	2bo$bo$2b2o2$bo$bo	40			search
oscillator	2bo$bo$2b2o$2bo	24			search
oscillator	2bo$bo$2b2o$2bo$bo	72			search
oscillator	2bo$bo$2b2o$2bo$2bo	80			search
oscillator	2bo$bo$2b2o$2b2o	16			search
oscillator	2bo$bo$2b2o$2b2o$2bo	48			search
oscillator	2bo$bo$2b2o$2bo2$3bo	64			search
oscillator	2bo$bo$2b2o$3b2o	120			search
oscillator	2bo$bo$2b2o2$3bo$3bo	64			search
oscillator	2bo$bo$2bo$3bo$3o	48			search
oscillator	2bo$bo$2bo$3bo$ob2o	96			search
oscillator	2bo$bo$2bo$3bo$bo$bobo	48			search
oscillator	2bo$bo$2bo$3bo$b2o	48			search
oscillator	2bo$bo$2bo$3bo$b2o$bo	48			search
oscillator	2bo$bo$2bo$3bo$2b2o	32			search
oscillator	2bo$bo$2bo$3bo2$2b2o	40			search
oscillator	2bo$bo$2bo$3bo$3bo$bobo	52			search
oscillator	2bo$bo$2bo$3bo$3bo$3bo	28			search
oscillator	2bo$bo$2bob2o$4bo	16			search
oscillator	2bo$bobo$o$o$o	32			search
oscillator	2bo$bobo$3o	24			search
oscillator	2bo$bobo$3obo	24			search
oscillator	2bo$bobo$obo$o$bo	40			search
oscillator	2bo$bobo$ob2o	72			search
oscillator	2bo$bobo$ob3o	40			search
oscillator	2bo$bobo$bo$o$o	16			search
oscillator	2bo$bobo$bo$bo$2bo$bobo	36			search
oscillator	2bo$bobo$bo$bo2$2b2o	36			search
oscillator	2bo$bobo$bo$bo2bo	28			search
oscillator	2bo$bobo$b2o	8			search
oscillator	2bo$bobo$b2o$bo2$bo	72			search
oscillator	2bo$bobo$b2o$bo$2bo	24			search
oscillator	2bo$bobo$b2o$bo$2bo$2bo	88			search
oscillator	2bo$bobo$b2o$bo$2b2o	112			search
oscillator	2bo$bobo$b2o$bo2$2b2o	104			search
oscillator	2bo$bobo$b2o$bobo2$bo	24			search
oscillator	2bo$bobo$b2o$bobo$2bo$3bo	16			search
oscillator	2bo$bobo$b2o$bobo$3bo	132			search
oscillator	2bo$bobo$b2o$bo$3bo	72			search
oscillator	2bo$bobo$b2o$bo$3bo$3bo	104			search
oscillator	2bo$bobo$b2o$bo$4bo	24			search
oscillator	2bo$bobo$b2o2$bo$bo	164			search
oscillator	2bo$bobo$b2o$3bo$2bo	24			search
oscillator	2bo$bobo$b2o$3bo$3bo	16			search
oscillator	2bo$bobo$b2o$3bo$3b2o	8			search
oscillator	2bo$bobo$b2o$3bo2$3bo	24			search
oscillator	2bo$bobo$b2o$3bo$4bo	24			search
oscillator	2bo$bobo$b2o2$3bo	8			search
oscillator	2bo$bobo$b2o3$3bo	8			search
oscillator	2bo$bobo$b2obo	8			search
oscillator	2bo$bobo$b2obo$bo	24			search
oscillator	2bo$bobo$b2obo2$3bo	8			search
oscillator	2bo$bobo$b2ob2o	36			search
oscillator	2bo$bobo$bo$3bo$2b2o	24			search
oscillator	2bo$bobo$bo$5b2o	16			search
oscillator	2bo$bobo2$bo$b3o$bo	132			search
oscillator	2bo$bobo$2bo$bo$b2o$bo	48			search
oscillator	2bo$bobo$2bo$bobo$b2o$bo	72			search
oscillator	2bo$bobo$2bo$2b2o2$bobo	48			search
oscillator	2bo$bobo$2bo$2bo$3bo	40			search
oscillator	2bo$bobo$2b2o	24			search
oscillator	2bo$bobo$2b2o$bo	72			search
oscillator	2bo$bobo$2b2o$bo2$bo	96			search
oscillator	2bo$bobo$2b2o$b2o	16			search
oscillator	2bo$bobo$2b2o$bobo$2bo	96			search
oscillator	2bo$bobo$2b2o2$bo	36			search
oscillator	2bo$bobo$2b2o2$bo$bo	48			search
oscillator	2bo$bobo$2b2o3$bobo	96			search
oscillator	2bo$bobo$2b2o$2b2o	12			search
oscillator	2bo$bobo$2b2o$3bo$2bo	96			search
oscillator	2bo$bobo$2b2o$3bo2$3bo	88			search
oscillator	2bo$bobo$2b2o2$3bo	40			search
oscillator	2bo$bobo$2b2o2$3bo$bo	28			search
oscillator	2bo$bobo$2b3o	16			search
oscillator	2bo$bobo$2bo$3bo$bo$bobo	144			search
oscillator	2bo$bobo$2bobo$b2o	24			search
oscillator	2bo$bobo$2bob2o	24			search
oscillator	2bo$bobo$2bob2o$4bo	16			search
oscillator	2bo$bobo$3bo$bo$bo	48			search
oscillator	2bo$bobo$3bo$b2o	80			search
oscillator	2bo$bobo$3bo$b2o2$bo	144			search
oscillator	2bo$bobo$3bo$2bo$bo	48			search
oscillator	2bo$bobo$3bo$2bo$bo$bo	48			search
oscillator	2bo$bobo$3bo2$2b2o	248			search
oscillator	2bo$bobo$3bo2$3bo$bobo	360			search
oscillator	2bo$bobo$3bo2$3bo$3bo	248			search
oscillator	2bo$bobo$3b2o	24			search
oscillator	2bo$bobo$3b2o$3bo$4bo	24			search
oscillator	2bo$bobo$3b2o2$4bo	24			search
oscillator	2bo$bob2o	28			search
oscillator	2bo$bob2o3$4bo	28			search
oscillator	2bo$bob3o$3b2o	36			search
oscillator	2bo$bobobo$b2o	24			search
oscillator	2bo$bobobo$b2obo	24			search
oscillator	2bo$bobobo$b2ob2o	884			search
oscillator	2bo$bobob2o$2bo$5bo	36			search
oscillator	2bo$bo$3bo$bo$b2o$bo	24			search
oscillator	2bo$bo$3bo$2bo$obo	48			search
oscillator	2bo$bo$3bo$2bo$2bo$bo	48			search
oscillator	2bo$bo$3bo$2b2o	24			search
oscillator	2bo$bo$3bo$2b2o2$3bo	64			search
oscillator	2bo$bo$3bo$2bo$3bo$bo	16			search
oscillator	2bo$bo$3bo$2bo2$3bo	16			search
oscillator	2bo$bo$3bo2$2b2o$2bo	132			search
oscillator	2bo$bo2bo	16			search
oscillator	2bo$bo2bo$ob2o	24			search
oscillator	2bo$bo2bo$ob3o	68			search
oscillator	2bo$bo2bo2$b2o$4bo	48			search
oscillator	2bo$bo2bo2$bo2bo$2bo	36			search
oscillator	2bo$bo2bo$2bo$2bo$4bo	24			search
oscillator	2bo$bo2bo$2bo$3bo$3bo$3bo	40			search
oscillator	2bo$bo2bo$2bo$3bo$4bo	8			search
oscillator	2bo$bo2bo$2bo2$3bo$3bo	80			search
oscillator	2bo$bo2bo$2bo$4bo2$3bo	168			search
oscillator	2bo$bo2bo$2bo$4bo$4bo$3bo	36			search
oscillator	2bo$bo2bo2$2bo$bo2bo	24			search
oscillator	2bo$bo2bo2$2bo$2bobo	48			search
oscillator	2bo$bo2bo2$3b2o$3bo	36			search
oscillator	2bo$bo2bo2$3bo$4bo$2b2o	152			search
oscillator	2bo$bo2bo2$4bo2$bobo	88			search
oscillator	2bo$bo2bo2$4bo$2bo	36			search
oscillator	2bo$bo2bo2$4bo2$3bo	40			search
oscillator	2bo$bo2bo3$4bo	16			search
oscillator	2bo$bo3bo$b2o$bo2bo	40			search
oscillator	2bo$bo3bo$2bo2bo$5bo	32			search
oscillator	2bo$bo4bo$b2ob2o	244			search
oscillator	2bo2$bo$bobo$2b2o	40			search
oscillator	2bo2$bo$bobo$2b2o$3bo	40			search
oscillator	2bo2$bo$bobo$3bo	32			search
oscillator	2bo2$bo$bobo$3bo$bo	40			search
oscillator	2bo2$b2o$o$o	48			search
oscillator	2bo2$b2o$o$2bo$bo	32			search
oscillator	2bo2$b2o$o$2bo$2bo	32			search
oscillator	2bo2$b2o2$2o	36			search
oscillator	2bo2$b2o$bo2$bo	40			search
oscillator	2bo2$b2o$bo$2bo$bo	40			search
oscillator	2bo2$b2o$bo$2bo$bobo	80			search
oscillator	2bo2$b2o2$bo$bo	112			search
oscillator	2bo2$b2o2$bo$bo2$bo	136			search
oscillator	2bo2$b2o3bo$5b2o	24			search
oscillator	2bo2$bobo$o$bobo	28			search
oscillator	2bo2$bobo$b2o$2bo	16			search
oscillator	2bo2$bobo$bo$2bo$2bo	40			search
oscillator	2bo2$bobo$bo$2b2o	28			search
oscillator	2bo2$bobo$3bo2$bo$2bo$3bo	72			search
oscillator	2bo2$bo2bo$bob2o	40			search
oscillator	2bo3$b3o3$bo$bo	48			search
oscillator	2bo$2bo$o$2o$o	48			search
oscillator	2bo$2bo$2o$o$o	48			search
oscillator	2bo$2bo$o$bo$2o	136			search
oscillator	2bo$2bo$o$bo$3o	120			search
oscillator	2bo$2bo$o$bo$2bo	12			search
oscillator	2bo$2bo$obo$o$o	56			search
oscillator	2bo$2bo$o$2bo$bo	64			search
oscillator	2bo$2bo2$2o$obo	24			search
oscillator	2bo$2bo2$2o$obo$bo	80			search
oscillator	2bo$2bo2$o2bo$o3bo	32			search
oscillator	2bo$2bo$bo2$2o	100			search
oscillator	2bo$2bo$bo$bo2$bo	24			search
oscillator	2bo$2bo$bo$bo$2bo$bobo	48			search
oscillator	2bo$2bo$bo$bobo$3bo	44			search
oscillator	2bo$2bo$bo$2bo	56			search
oscillator	2bo$2bo2$b2o$bo$bo	184			search
oscillator	2bo$2bo2$bobo$2b2o	64			search
oscillator	2bo$2bo$2bo$2o$o	32			search
oscillator	2bo$2b2o$3o	24			search
oscillator	2bo$2b2o$3obo	24			search
oscillator	2bo$2b2o2$o2bo$2b2o	28			search
oscillator	2bo$2b2o2$o2bo$2b3o	48			search
oscillator	2bo$2b2o2$o3bo$2b2o	48			search
oscillator	2bo$2b2o$bo2$2o	124			search
oscillator	2bo$2b2o$bo$bo$2bo$2bo	88			search
oscillator	2bo$2b2o$bo$bo$2b2o	112			search
oscillator	2bo$2b2o$bo$bo2$2b2o	104			search
oscillator	2bo$2b2o$bo$bobo2$bo	40			search
oscillator	2bo$2b2o$bo2$bo$bo	24			search
oscillator	2bo$2b2o$b2o$bo	24			search
oscillator	2bo$2b2o$b2o$bo2$bo	80			search
oscillator	2bo$2b2o$b2o$bo$2bo	24			search
oscillator	2bo$2b2o$b2o$bo$3bo	24			search
oscillator	2bo$2b2o$b2o$bo2$3bo	24			search
oscillator	2bo$2b2o$b2o$bo2bo	52			search
oscillator	2bo$2b2o$bo2$2b2o	28			search
oscillator	2bo$2b2o$bo$3b2o	28			search
oscillator	2bo$2b2o$bo2bo$2bo	28			search
oscillator	2bo$2b2o2$bo$b2o$3bo	168			search
oscillator	2bo$2b2o2$bobo$o2bo	36			search
oscillator	2bo$2b2o2$bobo2$bo	32			search
oscillator	2bo$2b2o2$bobo$2bo	24			search
oscillator	2bo$2b2o2$bobo$2bo$2bo	40			search
oscillator	2bo$2b2o2$bobo$2b2o	36			search
oscillator	2bo$2b2o2$bobo$2bo$3bo	24			search
oscillator	2bo$2b2o2$bobo$2bobo	24			search
oscillator	2bo$2b2o2$bobo$3bo	28			search
oscillator	2bo$2b2o2$bob2o$3bo	32			search
oscillator	2bo$2b2o2$bobo$4bo	24			search
oscillator	2bo$2b2o$2bo2$2o	28			search
oscillator	2bo$2b2o$4bo$o2b2o	28			search
oscillator	2bo$2b2o$4bo$bobo	24			search
oscillator	2bo$2b2o$4bo$bobo$2bo	24			search
oscillator	2bo$2b2o$4bo$bob2o	36			search
oscillator	2bo$2b2o$4bo$bobo$4bo	24			search
oscillator	2bo$2bo$3bo$bo$2b2o	88			search
oscillator	2bo$2bo$4bo$bob2o	64			search
oscillator	2bo2$2bo$2o$b2o	56			search
oscillator	2bo2$2bo$obo$o$bo$o$bo	56			search
oscillator	2bo2$2bo$obo$o$bo2$bo	56			search
oscillator	2bo2$2bo$bo$3o	56			search
oscillator	2bo2$2bo$bo$3o$o	40			search
oscillator	2bo2$2bo$bo$3o$bo	40			search
oscillator	2bo2$2bo$bo$3o3$bo	72			search
oscillator	2bo2$2bo$bo$b2o	32			search
oscillator	2bo2$2bo$bo$b2o$o	40			search
oscillator	2bo2$2bo$bo$b2o$2o	40			search
oscillator	2bo2$2bo$bo$b2o$bo	40			search
oscillator	2bo2$2bo$bo$b2o$bo$o$bo	200			search
oscillator	2bo2$2bo$bo$b2o$bo2$bo	120			search
oscillator	2bo2$2bo$b2o$o	40			search
oscillator	2bo2$2bo$b2o$o3$bo	48			search
oscillator	2bo2$2bo$b2o2$o	32			search
oscillator	2bo2$2bo$b2o$bo	40			search
oscillator	2bo2$2bo$b2o$bo$o	48			search
oscillator	2bo2$2bo$b2o$bo$bo	64			search
oscillator	2bo2$2bo$b2o$b2o	72			search
oscillator	2bo2$2bo$b2o$b2o$bo	48			search
oscillator	2bo2$2bo$b2o$b2o$3bo	36			search
oscillator	2bo2$2bo$b2o2$bo	40			search
oscillator	2bo2$2bo$b2o2$bo$o$bo	152			search
oscillator	2bo2$2bo$b2o2$bo2$bo	48			search
oscillator	2bo2$2bo$b2o3$bo$bo	48			search
oscillator	2bo2$2bo$b2o$2bo	24			search
oscillator	2bo2$2bo$b3o2$bo2$bo	96			search
oscillator	2bo2$2bo$b3o2$bo2bo	28			search
oscillator	2bo2$2bo$b3o3$bo$bo	96			search
oscillator	2bo2$2bo$bo$2bo$2bo$obo$bo	64			search
oscillator	2bo2$2bo$bobo$2b2o	32			search
oscillator	2bo2$2bo$bobo$2b2o$bo	96			search
oscillator	2bo2$2bo2$b2o2$bo$bo	120			search
oscillator	2bo2$2bo$2bo$obo	40			search
oscillator	2bo2$2bo$2bo2$2o$o$bo	200			search
oscillator	2bo2$2bo$2bo$bo$2bo	56			search
oscillator	2bo2$2bo$2bo2$bobo2$bo	48			search
oscillator	2bo2$2bo$2bo2$bobo$2bo$3bo	40			search
oscillator	2bo2$2bo$2bo$2bo$o	32			search
oscillator	2bo2$2bo$2bo$2bo$bo	40			search
oscillator	2bo2$2bo$2bo$2bo$bo$o$bo	152			search
oscillator	2bo2$2bo$2bo$2bo$bo2$bo	48			search
oscillator	2bo2$2bo$2bo$2bo2$bo$bo	48			search
oscillator	2bo2$2bo$2b2o$bo2$bo$bo	72			search
oscillator	2bo2$2bo$2bo2$3bo$bo$bo	44			search
oscillator	2bo2$2b2o2$bo$bo2$bo	120			search
oscillator	2bo2$2b2o2$bo$bo$2bo$3bo	40			search
oscillator	2bo2$2b2o2$bo3$3bo	32			search
oscillator	2bo2$2b2o3$bobo$2bo$3bo	40			search
oscillator	2bo2$2b2o4$bobo$bo	116			search
oscillator	2bo2$2bo$3bo$bo$bobo2$bo	32			search
oscillator	2bo2$2bo$3bo$bo$bobo$2bo$3bo	48			search
oscillator	2bo2$2bo$3bo2$b3o2$bo	72			search
oscillator	2bo2$2bo$3bo$2b2o$bo2$bo	64			search
oscillator	2bo2$2bo$3bo$2b2o3$bobo	64			search
oscillator	2bo2$2bo$3bo$3bo$bobo2$bo	104			search
oscillator	2bo2$2bo$3bo$3bo$bobo$2bo$3bo	28			search
oscillator	2bo2$2bo$3bo$3bo$3bo$bo$bo	104			search
oscillator	2bo2$2bo$3bo$3bo$3bo2$bobo	104			search
oscillator	2bo2$2bo$3bo$3bo$3bo$2bo$bobo	28			search
oscillator	2bo3$2b2o2$bobo2$bo	48			search
oscillator	2bo3$2b2o2$bobo$2bo$3bo	40			search
oscillator	2bo3$2b2o3$bobo$bo	116			search
oscillator	2bo3$2b2o$2bo2$bo$bo	48			search
oscillator	2bo3$2b2o2$3bo$bo$bo	112			search
oscillator	2b2o$o$o$bo$4bo	56			search
oscillator	2b2o$3o$2bo	20			search
oscillator	2b2o$o$bo2$o2bo	56			search
oscillator	2b2o$o$bo2$bobo	56			search
oscillator	2b2o$o$bo2$3bo	56			search
oscillator	2b2o$o$2b3o	320			search
oscillator	2b2o2$3o	16			search
oscillator	2b2o2$3o2$3bo	16			search
oscillator	2b2o3$o2bo$o3bo	32			search
oscillator	2b2o$bo$o2$bobo	128			search
oscillator	2b2o$bo2$o$o2bo	48			search
oscillator	2b2o$bo$b2o2$3bo	12			search
oscillator	2b2o$bo$b2o3$3bo	12			search
oscillator	2b2o$bo$bo$5b2o	16			search
oscillator	2b2o$bo2$bo2bo$2bo$3bo	8			search
oscillator	2b2o$bo3$bo$bo2$bo	136			search
oscillator	2b2o$bo3$bo$bo$2bo$3bo	112			search
oscillator	2b2o$b2o$o	16			search
oscillator	2b2o$b2o$bo	8			search
oscillator	2b2o$b2o$b2o	4			search
oscillator	2b2o$b2o$bo2$3bo	8			search
oscillator	2b2o$b2o$bo$4bo	48			search
oscillator	2b2o$b2o2$bo2$bo	32			search
oscillator	2b2o$b2o$2bo	4			search
oscillator	2b2o$b2o$2b2o	8			search
oscillator	2b2o$b3o$o	24			search
oscillator	2b2o$b3o$bo	8			search
oscillator	2b2o$b3o$2bo	4			search
oscillator	2b2o$b3ob2o	336			search
oscillator	2b2o$b2o$4bo2$bo$bo	220			search
oscillator	2b2o$b2o2bo$o3bo	136			search
oscillator	2b2o$b2o2bo$bo	24			search
oscillator	2b2o$b2o2bo$2bo	24			search
oscillator	2b2o$b2o2$5b2o	16			search
oscillator	2b2o$bo$2bo2$ob2o	44			search
oscillator	2b2o$bo$2bo$bo$2bo$bobo	80			search
oscillator	2b2o$bo$2bo$bo$2bo$3bo	32			search
oscillator	2b2o$bo$2bo$bo2$2b2o	88			search
oscillator	2b2o$bo$2bo$bo2bo	32			search
oscillator	2b2o$bobo$3o	24			search
oscillator	2b2o$bobo$b2o	8			search
oscillator	2b2o$bobo$b3o	360			search
oscillator	2b2o$bobo$b2o2$3bo	8			search
oscillator	2b2o$bobo$b2obo	8			search
oscillator	2b2o$bobobo$b2o	24			search
oscillator	2b2o$bo$4bo$bo2bo	64			search
oscillator	2b2o$bo$4bo$2bo$o	32			search
oscillator	2b2o$bo2$4bo$2bo$3bo	8			search
oscillator	2b2o$bo3b2o$2bobobo	808			search
oscillator	2b2o2$bo$o$o2bo	80			search
oscillator	2b2o2$bo$o$o3bo	48			search
oscillator	2b2o2$bo$bo$o2bo	24			search
oscillator	2b2o2$bo$bo$o3bo	24			search
oscillator	2b2o2$bo$bo$2bo	16			search
oscillator	2b2o2$bo$bo$2bo$bo	24			search
oscillator	2b2o2$bo$bo$2bobo	16			search
oscillator	2b2o2$bo$bobo$3bo	32			search
oscillator	2b2o2$bo$bobo$4bo	16			search
oscillator	2b2o2$bo$bo$3bo	32			search
oscillator	2b2o2$bo$bo2bo$3bo	16			search
oscillator	2b2o2$bo$bo2bo$4bo	32			search
oscillator	2b2o2$bo$bo$4bo	16			search
oscillator	2b2o2$b2o$bo	24			search
oscillator	2b2o2$b2o$bo$2bo	24			search
oscillator	2b2o2$b2o$bo$3bo	24			search
oscillator	2b2o2$b3o$3bo	28			search
oscillator	2b2o2$b2o2$3bo	8			search
oscillator	2b2o2$bo2$3bo	12			search
oscillator	2b2o2$bo2bo$bo2bo	80			search
oscillator	2b2o2$bo2b3o	104			search
oscillator	2b2o3$bo$b2obo$3bo	64			search
oscillator	2b2o3$bobo$o2bo	40			search
oscillator	2b2o3$bobo$2b2o	40			search
oscillator	2b2o3$bobo$2bobo	32			search
oscillator	2b2o3$bobo$3bo	32			search
oscillator	2b2o3$bobo$3bo$bo	40			search
oscillator	2b2o3$bob2o$3bo	32			search
oscillator	2b2o3$bobo$4bo	32			search
oscillator	2b2o$2bo2$bobo$2bo	16			search
oscillator	2b2o$2bo2$bobo$2bo$3bo	16			search
oscillator	2b2o$2bo2$bobo$3bo	48			search
oscillator	2b2o$2bo2$bobo$4bo	16			search
oscillator	2b2o$2bo$4bo$bobo	16			search
oscillator	2b2o$2bo2bo$bo2bo	72			search
oscillator	2b2o2$2bo$2o2bo	32			search
oscillator	2b2o2$2bo$bobo$2bo	56			search
oscillator	2b2o2$2bo$bobo2$2bo	56			search
oscillator	2b2o2$2bo$bobo4$2b2o	208			search
oscillator	2b2o2$2bo2$3bo$bobo	36			search
oscillator	2b2o$3bo$2obo	92			search
oscillator	2b2o$3bo$bobo$bo	172			search
oscillator	2b2o$3bo$3bo$b2o$bo	72			search
oscillator	2b2o$3bo$3bo$b2o$2bo	36			search
oscillator	2b2o$3b2o2$b2o$bo	72			search
oscillator	2b2o$3b2o2$b2o$2bo	36			search
oscillator	2b2o$3bobo$3o	24			search
oscillator	2b2o2$3bo$b2o$bo	64			search
oscillator	2b2o2$3bo$b2o$2bo	64			search
oscillator	2b2o2$3bo$bo$2b2o	104			search
oscillator	2b2o2$3bo$2bo$b2o	64			search
oscillator	2b3o$2o$o	88			search
oscillator	2b3o$o$bo	56			search
oscillator	2b3o$o$bo2$o	56			search
oscillator	2b3o$o$bo2$bo	56			search
oscillator	2b3o$o$bo2$3bo	56			search
oscillator	2b3o$o2bobo$2bo	116			search
oscillator	2b3o$o2bobo$4bo	88			search
oscillator	2b3o2$obo	40			search
oscillator	2b3o$bo	32			search
oscillator	2b3o$bo$o	40			search
oscillator	2b3o$bo$o$4bo	80			search
oscillator	2b3o$bo2$o	32			search
oscillator	2b3o$bo2$o3bo	72			search
oscillator	2b3o$bo$b2o	72			search
oscillator	2b3o$bo2$bo2bo	80			search
oscillator	2b3o$b2o	64			search
oscillator	2b3o$b2o$o	72			search
oscillator	2b3o$b2o$bo	40			search
oscillator	2b3o$b2o$2bo	24			search
oscillator	2b3o$b2o$2bo$4bo	376			search
oscillator	2b3o$b3o	80			search
oscillator	2b3o$b3o2bo	320			search
oscillator	2b3o$b2o$6bo	64			search
oscillator	2b3o$bo$2bo	24			search
oscillator	2b3o$bobo$3o	168			search
oscillator	2b3o$bobo$b2o	24			search
oscillator	2b3o$bob2o$2bo	176			search
oscillator	2b3o$bobobo$obo	132			search
oscillator	2b3o$bobobo$o3bo	104			search
oscillator	2b3o$bobobo$2bo	124			search
oscillator	2b3o$bobobo$2bobo	96			search
oscillator	2b3o$bobobo$4bo	96			search
oscillator	2b3o$bo2bo	168			search
oscillator	2b3o$bo3bo$o	36			search
oscillator	2b3o$bo3bo$2bo	20			search
oscillator	2b3o$bo3b2o	64			search
oscillator	2b3o$bo3bobo	52			search
oscillator	2b3o$bo2$5b2o	32			search
oscillator	2b3o2$bo	32			search
oscillator	2b3o2$bo$bo2bo	40			search
oscillator	2b3o2$bo$bo$4bo	40			search
oscillator	2b3o2$b2o	40			search
oscillator	2b3o2$b2o2bo	40			search
oscillator	2b3o3$bob2o	40			search
oscillator	2b3o3$bobo$4bo	40			search
oscillator	2b3o$2bo$obo	56			search
oscillator	2b3o$2bo$b2o	24			search
oscillator	2b3o$2bo$bo$2bo	28			search
oscillator	2b3o$2bo$2bo$o	16			search
oscillator	2b3o$2b2o$bo	24			search
oscillator	2b3o$2b2o2$bobo	72			search
oscillator	2b3o$3bo2$2obo	24			search
oscillator	2b3o$3bo$b2o	16			search
oscillator	2b3o$3bo2$b3o	52			search
oscillator	2b3o$3bobo$2o	248			search
oscillator	2b3o$3bobo$2o2bo	224			search
oscillator	2b3o2$3bo$o3bo	32			search
oscillator	2b3o2$3bo$bo2bo	272			search
oscillator	2b3o$4b2o$o	72			search
oscillator	2b3o$5bo$2o	72			search
oscillator	2b3o$5bo$obo	36			search
oscillator	2b3o$5bo$bo	28			search
oscillator	2b3o$5bo$bo$3bobo	60			search
oscillator	2b3obo$bo3b2o	416			search
oscillator	2b3obo$bo4bo	100			search
oscillator	2b3o2bo$bo3bo	360			search
oscillator	2b3o2bo$7bo$o5bo	600			search
oscillator	2b2o$4bo$2o2$bo	52			search
oscillator	2b2o$4bo$b2o	36			search
oscillator	2b2o$4bo$b2o2$4bo	36			search
oscillator	2b2o$4bo2$bo2bo$2bo	56			search
oscillator	2b2o$4bo$4bo$bo$bo$bobo	624			search
oscillator	2b2o2$4bo$bo$b2o$3bo	72			search
oscillator	2b2o2$4bo$bob2o	40			search
oscillator	2b2obo$obo$4bo	92			search
oscillator	2b2obo$o2bo$2bo	124			search
oscillator	2b2obo$bo$o	96			search
oscillator	2b2obo$bo$2bo	24			search
oscillator	2b2obo$bobo$obo	132			search
oscillator	2b2obo$bobo$2bo	124			search
oscillator	2b2obo$bo4bo	144			search
oscillator	2b2obo2$bo	36			search
oscillator	2b2obo2$b2o	24			search
oscillator	2b2obo2$bo$2bo	56			search
oscillator	2b2obo$2b3o$o	556			search
oscillator	2b2obo2$3bo$bo	28			search
oscillator	2b2obo2$3bo$bo3bo	28			search
oscillator	2b2ob2o2$bo$bo	104			search
oscillator	2b2ob2o3$bobo	168			search
oscillator	2b2o$5bo$bo$bo2bo	40			search
oscillator	2b2o$5bo$b2o3bo	40			search
oscillator	2b2o$5bo$bo3bo$2bo	112			search
oscillator	2b2o$5bo2$bob2o	40			search
oscillator	2b2o$5b2o$bo2bobo	244			search
oscillator	2b2o2bo$o3b2o	376			search
oscillator	2b2o2bo$bo3b2o	88			search
oscillator	2bo$3bo$o$2obo$o2bo	64			search
oscillator	2bo$3bo$o3bo$3bo$3b2o	12			search
oscillator	2bo$3bo$o3bo$3b2o	24			search
oscillator	2bo$3bo$bo$o2bo$2b2o	28			search
oscillator	2bo$3bo$bo$o2bo$3bo$bo	48			search
oscillator	2bo$3bo$bo$bobo	24			search
oscillator	2bo$3bo$bo$bobo2$bo	32			search
oscillator	2bo$3bo$bo$bobo$2bo	24			search
oscillator	2bo$3bo$bo$bobo$2bo$bobo	32			search
oscillator	2bo$3bo$bo$bobo$2bo$2bo	40			search
oscillator	2bo$3bo$bo$bobo$2b2o	32			search
oscillator	2bo$3bo$bo$bobo$2bo$3bo	24			search
oscillator	2bo$3bo$bo$bobo$2bobo	24			search
oscillator	2bo$3bo$bo$bobo2$2b2o	40			search
oscillator	2bo$3bo$bo$bobo$3bo	28			search
oscillator	2bo$3bo$bo$bobo$3bo$bo	36			search
oscillator	2bo$3bo$bo$bobo$3bo$3bo	32			search
oscillator	2bo$3bo$bo$bob2o$3bo	32			search
oscillator	2bo$3bo$bo$bobo$4bo	24			search
oscillator	2bo$3bo$b2o$o$o	16			search
oscillator	2bo$3bo$b2o$bo2$bo	32			search
oscillator	2bo$3bo$b2o$bo$2bo$bobo	72			search
oscillator	2bo$3bo$b3o$bo$2bo	112			search
oscillator	2bo$3bo$b2ob2o	28			search
oscillator	2bo$3bo$bob2o$2bo$3bo	16			search
oscillator	2bo$3bo$bo2bo$o2b2o	28			search
oscillator	2bo$3bo$bo2bo$bobo	24			search
oscillator	2bo$3bo$bo2bo$bobo$2bo	24			search
oscillator	2bo$3bo$bo2bo$bob2o	32			search
oscillator	2bo$3bo$bo2bo$bobo$4bo	24			search
oscillator	2bo$3bo$bo2bo$2bobo	56			search
oscillator	2bo$3bo$bo2bo$3bo$3b2o	12			search
oscillator	2bo$3bo$bo2bo$3b2o	24			search
oscillator	2bo$3bo$2bo$bo$b2o$bo	48			search
oscillator	2bo$3bo$2bo$2bo$bo$2bo	56			search
oscillator	2bo$3bo$2bo$2b2o2$bobo	48			search
oscillator	2bo$3bo$2b2o$b2o	16			search
oscillator	2bo$3bo$2b2o2$bo$bo	48			search
oscillator	2bo$3bo$2b2o2$bo$bobo	48			search
oscillator	2bo$3bo$2b2o3$bobo	96			search
oscillator	2bo$3bo$2b2o2$3bo$bo	28			search
oscillator	2bo$3bo$2b3o$bo$b2o	24			search
oscillator	2bo$3bo$2b3o$bo$2bo	16			search
oscillator	2bo$3bo$2b3o2$b2o	16			search
oscillator	2bo$3bo$2bo$3bo$bo$bobo	144			search
oscillator	2bo$3bo$2bobo$bo2bo	24			search
oscillator	2bo$3bo$2bob2o$bo2bo	16			search
oscillator	2bo$3bo2$2b2o$bo$2bo	28			search
oscillator	2bo$3bo$3bo$bo$b2o	16			search
oscillator	2bo$3bo$3bo$bo$b2o$bo	96			search
oscillator	2bo$3bo$3bo$b2o$bo	24			search
oscillator	2bo$3bo$3bo$b2o$2bo	12			search
oscillator	2bo$3bo$3bo$b3o	32			search
oscillator	2bo$3bo$3bo$bobo$2bo	20			search
oscillator	2bo$3bo$3bo$2bo$bo$bo	48			search
oscillator	2bo$3bo$3bo$3bo$bo	28			search
oscillator	2bo$3bo$3b2o$bo$b2o	16			search
oscillator	2bo$3bo$3b2o$b2o$bo	16			search
oscillator	2bo$3bo$3b2o$b2o$2bo	16			search
oscillator	2bo$3bo$3b2o$bobo$b2o	24			search
oscillator	2bo$3bo$3b2o$2bo$b2o	16			search
oscillator	2bo$3b2o$bo$b2o$2bo$3bo	24			search
oscillator	2bo$3b2o$bo$bobo$2bo	24			search
oscillator	2bo$3b2o$bo$bobo$2bo$3bo	24			search
oscillator	2bo$3b2o$bo$bobo$4bo	68			search
oscillator	2bo$3b2o$bo$2bo2$bo	12			search
oscillator	2bo$3b2o$bo$2bo$3bo	12			search
oscillator	2bo$3b2o$bo$2bo2$3bo	12			search
oscillator	2bo$3b2o$bo$3bo2$bo	48			search
oscillator	2bo$3b2o$bo$3bo2$3bo	16			search
oscillator	2bo$3b2o$bo2bo$2bobo	56			search
oscillator	2bo$3b2o$bo$4bo$3bo	28			search
oscillator	2bo$3b2o2$bo$bo$bobo	12			search
oscillator	2bo$3b2o2$b2o$bo	24			search
oscillator	2bo$3b2o2$b2o$2bo	12			search
oscillator	2bo$3b2o2$b2o$2bo$3bo	12			search
oscillator	2bo$3b2o2$bobo2$bo	48			search
oscillator	2bo$3b2o2$bobo$2bo	16			search
oscillator	2bo$3b2o2$bobo$2bo$3bo	16			search
oscillator	2bo$3b2o$2bo$2bo$bo	196			search
oscillator	2bo$3b2o$2b2o2$bo	12			search
oscillator	2bo$3b2o2$2bo$2bo$bobo	12			search
oscillator	2bo$3b2o2$2b2o$bo	16			search
oscillator	2bo$3b2o2$3bo$bo	20			search
oscillator	2bo$3b2o2$3bo$b2o$bobo	16			search
oscillator	2bo$3b2o2$3bo$bo2bo	20			search
oscillator	2bo$3b2o2$3bo2$bobo	48			search
oscillator	2bo$3bobo$3obo	48			search
oscillator	2bo$3bobo$bo$bob2o	112			search
oscillator	2bo$3bob2o$b2o3bo	48			search
oscillator	2bo$3bob2o$2bo$bo3bo	36			search
oscillator	2bo2$3bo$bo$b2o	24			search
oscillator	2bo2$3bo$bo$b2o3$3bo	24			search
oscillator	2bo2$3bo$b2o$bo	16			search
oscillator	2bo2$3bo$b2o$b2o	16			search
oscillator	2bo2$3bo$b2o$2bo	16			search
oscillator	2bo2$3bo$b2o$2b2o	16			search
oscillator	2bo2$3bo$b3o$bo	24			search
oscillator	2bo2$3bo$b3o$2bo	24			search
oscillator	2bo2$3bo$bobo2$bo2$bo	48			search
oscillator	2bo2$3bo$bobo3$bo$bo	120			search
oscillator	2bo2$3bo$bobo$2bo$bo$2bo$3bo	40			search
oscillator	2bo2$3bo$2bo$bo$bo2$bo	72			search
oscillator	2bo2$3bo$2bo$b2o	16			search
oscillator	2bo2$3bo$2bo2$bobo2$bo	32			search
oscillator	2bo2$3bo$2b2o$b2o	40			search
oscillator	2bo2$3bo$2bo$3bo$bo	16			search
oscillator	2bo2$3bo$3bo$bo2$bo$bo	136			search
oscillator	2bo2$3bo$3bo$bo3$3bo	32			search
oscillator	2bo2$3bo$3bo2$bobo2$bo	48			search
oscillator	2bo2$3bo$3bo2$bobo$2bo$3bo	40			search
oscillator	2bo2$3bo$3bo$2bo2$bo$bo	136			search
oscillator	2bo2$3bo$3bo2$3bo$bo$bo	44			search
oscillator	2bo3$3bo$bobo$bo2$bo	120			search
oscillator	2bobo$o$o2bo$2bo	24			search
oscillator	2bobo$2obo$2b2o	32			search
oscillator	2bobo$2ob2o	160			search
oscillator	2bobo$o$2bo$b2o	44			search
oscillator	2bobo$o$2bo$b3o	72			search
oscillator	2bobo$o3bo$obo	44			search
oscillator	2bobo$o3bo$o$2bo	24			search
oscillator	2bobo$o3bo$o$3bo	44			search
oscillator	2bobo2$obo$2bo$o	48			search
oscillator	2bobo2$o2bo$3bo$o	48			search
oscillator	2bobo$bo$3o	56			search
oscillator	2bobo$bo$obo$2bo	40			search
oscillator	2bobo$bo$bo$bo2bo	40			search
oscillator	2bobo$bo$b2o$bo2bo	40			search
oscillator	2bobo$bo$bo$5b2o	32			search
oscillator	2bobo$b2o	32			search
oscillator	2bobo$b2o2$bo2bo	40			search
oscillator	2bobo$b2o$2bo$4bo	48			search
oscillator	2bobo$b3o2bo	16			search
oscillator	2bobo$b2o$4b2o	48			search
oscillator	2bobo$b2o2bobo$o	72			search
oscillator	2bobo$b2o2$5b2o	32			search
oscillator	2bobo$bo$2bo$b2o	40			search
oscillator	2bobo$bobo$3o	48			search
oscillator	2bobo$bobo$3obo	48			search
oscillator	2bobo$bobo$b2o$bo	48			search
oscillator	2bobo$bobo$2b2o	24			search
oscillator	2bobo$bobo$2b3o	168			search
oscillator	2bobo$bobo$3b2o$3bo	24			search
oscillator	2bobo$bob2o	40			search
oscillator	2bobo$bob2o$2bo	24			search
oscillator	2bobo$bob2o3$4bo	40			search
oscillator	2bobo$bob3o	112			search
oscillator	2bobo$bobobo$3o	72			search
oscillator	2bobo$bobobo$3obo	72			search
oscillator	2bobo$bobobobo$3o	168			search
oscillator	2bobo$bobo2bo$bo	16			search
oscillator	2bobo$bo2bo	24			search
oscillator	2bobo$bo2bo$obo	40			search
oscillator	2bobo$bo2bo$obo$bo	128			search
oscillator	2bobo$bo2bo$o$2bo	48			search
oscillator	2bobo$bo2bo2$b2o	32			search
oscillator	2bobo$bo2bo$2bo	32			search
oscillator	2bobo$bo2bo$2bo$bo	40			search
oscillator	2bobo$bo2bo$2bo2$bo	40			search
oscillator	2bobo$bo2bo$2bo$2bo	16			search
oscillator	2bobo$bo2bo$2bo$3bo	8			search
oscillator	2bobo$bo2bo2$2bo$bo	32			search
oscillator	2bobo$bo2bo3$2b2o	40			search
oscillator	2bobo$bo2bo3$4bo	24			search
oscillator	2bobo$bo3bobo$3o	104			search
oscillator	2bobo$bo3bobo$bo4bo	56			search
oscillator	2bobo2$bo$bob2o	40			search
oscillator	2bobo2$bobo$bo2bo	60			search
oscillator	2bobo2$bob2o$bo	68			search
oscillator	2bobo2$bo4bo$2bob2o	56			search
oscillator	2bobo3$bo2bo$b2o$3bo	72			search
oscillator	2bobo$2bo$bo$bo2bo	40			search
oscillator	2bobo$2bo$bo$2bo	56			search
oscillator	2bobo$2bo$bo3bo$3bobo	32			search
oscillator	2bobo$2bo2$bobo$4bo	40			search
oscillator	2bobo$2bo2$bo2bo$3bo	40			search
oscillator	2bobo$2b2o$3o	48			search
oscillator	2bobo$2b2o$o$3b2o	28			search
oscillator	2bobo$2b2o$b2o$bo	48			search
oscillator	2bobo$2b2o2$bobo	24			search
oscillator	2bobo$2b2o2$bobo$2bo	24			search
oscillator	2bobo$2b2o2$bob2o	28			search
oscillator	2bobo$2b2o2$bobo$4bo	24			search
oscillator	2bobo$2b2o$4bo$bobo	24			search
oscillator	2bobo$2bo2bobo$obo	72			search
oscillator	2bobo2$2bo$bo$3o	64			search
oscillator	2bobo$3bo$2o$bob2o	44			search
oscillator	2bobo$3bo$ob2o	72			search
oscillator	2bobo$3bo$ob3o	24			search
oscillator	2bobo$3bo$o2bo$b2o	28			search
oscillator	2bobo$3bo$bo$bobo	48			search
oscillator	2bobo$3bo$bo$bobo$2bo	48			search
oscillator	2bobo$3bo$bo$bob2o	112			search
oscillator	2bobo$3bo$bo$bobo$4bo	48			search
oscillator	2bobo$3bo$bobo$3bo	92			search
oscillator	2bobo$3bo$bo2bo$bobo	48			search
oscillator	2bobo$3bo$bo2bo$2bobo	56			search
oscillator	2bobo$3bo$2b2o2$bo	36			search
oscillator	2bobo$3bo$2b3o2$bo	44			search
oscillator	2bobo$3bo$3bo$bo$b2o	16			search
oscillator	2bobo$3bo$3bo$3bo$bo	28			search
oscillator	2bobo$3bo$3b2o$3bo$bo	60			search
oscillator	2bobo$3b2o$bo$2bo	112			search
oscillator	2bobo$3b2o$bo$3bo	100			search
oscillator	2bobo$3b2o2$2bo$bo	48			search
oscillator	2bobo$3b2o2$3bo$bo	32			search
oscillator	2bobo$3bobo$ob3o	40			search
oscillator	2bobo2$3bo$b2o	32			search
oscillator	2bobo2$3bo$3bo$2o	48			search
oscillator	2bobo$4bo$o$o$4bo	36			search
oscillator	2bobo$4bo$o2$2o	24			search
oscillator	2bobo$4bo$2o	104			search
oscillator	2bobo$4bo$obo	40			search
oscillator	2bobo$4bo$obo2$o	48			search
oscillator	2bobo$4bo$obo$bo$o	96			search
oscillator	2bobo$4bo$ob2o	48			search
oscillator	2bobo$4bo$obo2$3bo	32			search
oscillator	2bobo$4bo$o$2bo$3bo	24			search
oscillator	2bobo$4bo$o$3bo$o	48			search
oscillator	2bobo$4bo$bo2$2o	144			search
oscillator	2bobo$4bo$bo$2bo$3bo	24			search
oscillator	2bobo$4bo$bo$3bo	128			search
oscillator	2bobo$4bo$bo$3bo$o	104			search
oscillator	2bobo$4bo$bo2bo$2bo	28			search
oscillator	2bobo$4bo2$bo$2o	72			search
oscillator	2bobo$4bo2$bo$b2o	32			search
oscillator	2bobo$4bo2$b2o$bo	24			search
oscillator	2bobo$4bo2$b2o$2bo	24			search
oscillator	2bobo$4bo2$bo$2b2o	40			search
oscillator	2bobo$4bo2$bobo$o	48			search
oscillator	2bobo$4bo2$bobo$2bo	32			search
oscillator	2bobo$4bo3$b2obo	32			search
oscillator	2bobo$4bo$2bo2$obo	48			search
oscillator	2bobo$4bo$2bo$bo$o	48			search
oscillator	2bobo$4bo$2bo$bo$2bo	32			search
oscillator	2bobo$4bo$2bo$bo3b2o	40			search
oscillator	2bobo$4bo$2bo2$bo	40			search
oscillator	2bobo$4bo2$2bo$2o	72			search
oscillator	2bobo$4bo2$2bo$obo	72			search
oscillator	2bobo$4bo2$2bo$bo	32			search
oscillator	2bobo$4bo2$2bo$b2o	24			search
oscillator	2bobo$4bo2$2bo$bo2bo	32			search
oscillator	2bobo$4bo2$3bo$2o	48			search
oscillator	2bobo$4bo2$3bo$obo	48			search
oscillator	2bobo$4bo2$3bo$bo	40			search
oscillator	2bobo$4bo2$3bo$bo2bo	40			search
oscillator	2bobo$4b2o$2o	136			search
oscillator	2bobo$4b2o$obo	32			search
oscillator	2bobo$4b2o$bo$3bo	104			search
oscillator	2bobo$4b2o$2bo$bo3b2o	36			search
oscillator	2bobo$4b2o$2bo3bo$bo	32			search
oscillator	2bobo$4b2o$6bo$b2o	48			search
oscillator	2bobo$4b2o$6bo$bobo	32			search
oscillator	2bobo$4bo2bo$obo	48			search
oscillator	2bob2o$bo2$b2o	32			search
oscillator	2bob2o$b3o	32			search
oscillator	2bob2o$bo2bo	16			search
oscillator	2bob3o$bo2bo	80			search
oscillator	2bob3o3$b2o	80			search
oscillator	2bob3o$3bo2$b2o	224			search
oscillator	2bob3o$3bo2$bobo	88			search
oscillator	2bob3o2$4bo$b2o	224			search
oscillator	2bob3o2$4bo$bobo	88			search
oscillator	2bob2o$7bo$obo	48			search
oscillator	2bobo$5bo$ob2o	32			search
oscillator	2bobo$5bo$b2o$3b3o	16			search
oscillator	2bobo$5bo$b2ob2o	108			search
oscillator	2bobo$5bo$bobo$3bo	104			search
oscillator	2bobo$5bo$2b2o2bo$bo3bo	72			search
oscillator	2bobo$5bo$2bo3bo$b2o	32			search
oscillator	2bobo$5bo$2bo3bo$b3o	48			search
oscillator	2bobo$5bo$3bo2bo$b2o2bo	48			search
oscillator	2bobo$5bo$3bo2bo$bobo	32			search
oscillator	2bobo$5bo$3bo2bo$bobobo	72			search
oscillator	2bobobo$b2o2b2o	224			search
oscillator	2bobobo$b2o3bo	88			search
oscillator	2bobobo2$2bo$b2o	48			search
oscillator	2bobobo2$2bo$b2o2bo	72			search
oscillator	2bobobo$3bobo$2bo$b2o	96			search
oscillator	2bobobo2$3bo$b2o2bo	128			search
oscillator	2bobobo$4bo2$b2o	80			search
oscillator	2bobobo$4bo$2bo$bo	48			search
oscillator	2bobobo$4b2o2$b2o	48			search
oscillator	2bobobo$4b2o2$bobo	96			search
oscillator	2bobobo$4b2o$2bo$bo	96			search
oscillator	2bobobo$5bo$2bo$b2o	96			search
oscillator	2bobobo$5bo$2bo$b2o2bo	144			search
oscillator	2bobobo$5bo$3bo$b2o	48			search
oscillator	2bobobo$5bo$3bo$b2o2bo	48			search
oscillator	2bobobo$5bo$3bo$bobo	96			search
oscillator	2bobobo$5bo$3bo$bobobo	144			search
oscillator	2bobo2bo$b3obo	128			search
oscillator	2bobo2bo$bo3bo$bo4bo	360			search
oscillator	2bo$4bo2$b3o$bo	16			search
oscillator	2bo$4bo2$b3o$2bo	16			search
oscillator	2bo$4bo$2bo$2b2o$bo	8			search
oscillator	2bo2$4bo$bo$b4o$bo	296			search
oscillator	2bo2bo$o2bobo$2bo	56			search
oscillator	2bo2bo$o4bo$obo	44			search
oscillator	2bo2bo$bo$3o	72			search
oscillator	2bo2bo$b3o	48			search
oscillator	2bo2bo$b3o$o	48			search
oscillator	2bo2bo$b3o2$5b2o	48			search
oscillator	2bo2bo$b3o2bo	288			search
oscillator	2bo2bo$bobo$3o	120			search
oscillator	2bo2bo$bobo$b2o	48			search
oscillator	2bo2bo$bobo$b2obo	48			search
oscillator	2bo2bo$bobo$bo$5b2o	48			search
oscillator	2bo2bo$bo3bo$obo	40			search
oscillator	2bo2bo$bo3bo$2bo	32			search
oscillator	2bo2bo$bo3bo$2b2o	16			search
oscillator	2bo2bo$2bo$3bo$bo3bo	28			search
oscillator	2bo2bo2$2bo3bo$b2o	32			search
oscillator	2bo2bo$3bo$3o	144			search
oscillator	2bo2bo$3bo$b2o2bo	80			search
oscillator	2bo2bo2$3bo2bo$bobo	32			search
oscillator	2bo2bo$4bo$2o	84			search
oscillator	2bo2bo$4bo2bo$2o	168			search
oscillator	2bo2bo$4bo2bo$obo	32			search
oscillator	2bo2bo$5bo$6bo$b2o	32			search
oscillator	2bo2bo$5bobo$obo	48			search
oscillator	2bo2b2o$b2o	96			search
oscillator	2bo2b2o$b3o	160			search
oscillator	2bo2b2o$b2o4bo$6bo	360			search
oscillator	2bo2b2o$bo3bo	32			search
oscillator	2bo2b2o3$b3o	96			search
oscillator	2bo2b2o$3bo$b2obo	112			search
oscillator	2bo2b2o$3bo$b2o2bo	112			search
oscillator	2bo2b2o$4bo2$bobo	96			search
oscillator	2bo2b2o$4bo$2bo$bo	96			search
oscillator	2bo2b2o$5bo$bo$bo	136			search
oscillator	2bo2b2o$5bo2$b2o	80			search
oscillator	2bo2b2o$5bo2$bobo	48			search
oscillator	2bo2b2o$5bo$4bo$bobo	120			search
oscillator	2bo2b2o$5bo$4bobo$bobo	248			search
oscillator	2bo$5bo$bo$bob2o	40			search
oscillator	2bo$5bo$bobo$bo2bo	60			search
oscillator	2bo$5bo$2bo$bob3o	56			search
oscillator	2bo$5bo$2bo2bo$bo3bo	32			search
oscillator	2bo3bo$b3ob2o	192			search
oscillator	2bo3bo$b2o2b2o	100			search
oscillator	2bo3bo$3bo$2b2o2bo$bo	48			search
oscillator	2bo3bo$3bo$2bo3bo$b2o	48			search
oscillator	2bo3bo$3bo$3bo2bo$b2o	160			search
oscillator	2bo3bo$3bo$3bo2bo$bobo	80			search
oscillator	2bo3bo$3bo2bo2$b3o	28			search
oscillator	2bo3bo$3bo2bo$2b2o$bo	72			search
oscillator	2bo3bo$4b2o$bo$bo	48			search
oscillator	2bo3bo$4b2o2$b2o	80			search
oscillator	2bo3bo$5bo$2bo$b3o	80			search
oscillator	2bo3bo$5bo$2b2o$bo	48			search
oscillator	2bo3bo$5bo$2b3obo$bo	136			search
oscillator	2bo3bo$5bo$3bo$b2o2bo	128			search
oscillator	2bo3bo$5bo$3bo$bobo	48			search
oscillator	2bo3bo$5bo$3bo$bobobo	48			search
oscillator	2bo3bo$5bo$3b2o$bobo	120			search
oscillator	2bo4bo$3bo3bo$ob2o	136			search
oscillator	$2bo$o$2o$o	16			search
oscillator	$2bo$o$2o$obo	16			search
oscillator	$2bo$o$2o$o3bo	16			search
oscillator	$2bo$o$2o$2bo$bo	16			search
oscillator	$2bo$o$o$bo	40			search
oscillator	$2bo$o$o$bo2bo	40			search
oscillator	$2bo$o$o2bo$o3bo	24			search
oscillator	$2bo$o$o2bo$4bo	16			search
oscillator	$2bo$2o$o$o	16			search
oscillator	$2bo$2o$o$o3bo	16			search
oscillator	$2bo$2o$o$b2o	56			search
oscillator	$2bo$o$bo$3obo	16			search
oscillator	$2bo$o$bo2$2o$o	32			search
oscillator	$2bo$o$bo$b2o	56			search
oscillator	$2bo$o$bo$b2o$bo$o	80			search
oscillator	$2bo$o$bo$b2obo	56			search
oscillator	$2bo$o$bo$2bo	8			search
oscillator	$2bo$o$bo$2bobo	8			search
oscillator	$2bo$o$bobo$2bobo	8			search
oscillator	$2bo$o$bobo$4bo	8			search
oscillator	$2bo$o$bo$3bo$2bo$bo	40			search
oscillator	$2bo$o$bo$4bo	8			search
oscillator	$2bo$o2$b2o$bo$o	28			search
oscillator	$2bo$obo$o$o	24			search
oscillator	$2bo$ob2o$3bo$4bo	28			search
oscillator	$2bo$o2bo$2o$3bo	12			search
oscillator	$2bo$o2bo$o3bo	32			search
oscillator	$2bo$o2bo2$obo$3bo$bo	32			search
oscillator	$2bo$o2bo2$2bo$bobo$o	32			search
oscillator	$2bo$o2bo2$2bo$bobo$2bo	32			search
oscillator	$2bo$o$3bo$o2bo2$bo	36			search
oscillator	$2bo$o$3bo$3bo$bo$o	36			search
oscillator	$2bo$o$3bo$3bo$bo$2bo	36			search
oscillator	$2bo$o3bo$o$bobo	40			search
oscillator	$2bo$o3bo$bo$b2obo	64			search
oscillator	$2bo$o3bo$2bo$obobo	20			search
oscillator	$2bo$o$4bo$3o	16			search
oscillator	$2bo2$o2bo$o2bo2$bo	80			search
oscillator	$2bo2$o2bo$o2bo2$3bo	80			search
oscillator	$2bo$bo$2o$o	16			search
oscillator	$2bo$bo$2o$obo	16			search
oscillator	$2bo$bo$2o$o3bo	16			search
oscillator	$2bo$bo$o2bo$o2bo	48			search
oscillator	$2bo$bo$o2bo$o3bo	16			search
oscillator	$2bo$bo2$2o	32			search
oscillator	$2bo$bo$bo2$2o$o	144			search
oscillator	$2bo$bo$bo$2bo$b2o	244			search
oscillator	$2bo$bo$bo$2b2o$bo	272			search
oscillator	$2bo$bo$bo$2bo$3bo$3bo$3bo	208			search
oscillator	$2bo$bo2$bo$bo	24			search
oscillator	$2bo$b2o$o3bo	44			search
oscillator	$2bo$b2o2$2o	40			search
oscillator	$2bo$b2o2$2o2$bo	136			search
oscillator	$2bo$b2o$bo2$b2o	220			search
oscillator	$2bo$b2o$bo2$bo$2bo	80			search
oscillator	$2bo$b2o$bo$2bo	24			search
oscillator	$2bo$b2o$bo$2bo$bo	80			search
oscillator	$2bo$b2o$bo$2bo$2bo	100			search
oscillator	$2bo$b2o$bobo$2bo$bo	68			search
oscillator	$2bo$b2o$bobo$2bo$bobo	68			search
oscillator	$2bo$b2o$bobo$2b2o	24			search
oscillator	$2bo$b2o$bo$3bo$2bo	56			search
oscillator	$2bo$b2o$bo2$3bo$3bo	48			search
oscillator	$2bo$b2o$bo2$3bo$4bo	24			search
oscillator	$2bo$b2o$bo2$4bo$3bo	24			search
oscillator	$2bo$b2o2$2bo$2bo	32			search
oscillator	$2bo$b2o$3b2o	16			search
oscillator	$2bo$bo$2bo	28			search
oscillator	$2bo$bo$3bo2$3bo$3bo	48			search
oscillator	$2bo2$b2o$3o	16			search
oscillator	$2bo2$b2o$bo$bo	16			search
oscillator	$2bo2$b2o$bo$bo$o	24			search
oscillator	$2bo2$bobo$2bo2$2b2o	24			search
oscillator	$2bo2$bobo$2bo3$2b2o	24			search
oscillator	$2bo2$bobo$2b2o$bo	48			search
oscillator	$2bo2$bobo$2bo2$3bo$3bo	24			search
oscillator	$2bo2$bobo$3bo$bo	36			search
oscillator	$2bo2$bobo$3bo$bo$o	36			search
oscillator	$2bo2$bobo$3bo$b2o	136			search
oscillator	$2bo2$bobo$3bo$bo$2bo	36			search
oscillator	$2bo2$bobo$3bo$bobo	48			search
oscillator	$2bo$2bo$2o$2bo$bo	40			search
oscillator	$2bo$2bo$ob2obo$4bo	104			search
oscillator	$2bo$2bo$bo$obo$2bo	72			search
oscillator	$2bo$2bo$bo2$bo$b2o$bo	148			search
oscillator	$2bo$2bo$bo2$b2o	72			search
oscillator	$2bo$2bo$bo3$b2o$bo	36			search
oscillator	$2bo$2bo$bo$2bo$b2o	72			search
oscillator	$2bo$2bo$bo$2bo$bo$2bo$3bo	32			search
oscillator	$2bo$2bo$bo$2bo$bo2bo	32			search
oscillator	$2bo$2bo$bo$2bo$2bo	32			search
oscillator	$2bo$2bo$bo$2bo$2bo$2bo	48			search
oscillator	$2bo$2bo$bo$2bo2$2bo$2bo	24			search
oscillator	$2bo$2bo$bobo$2b2o$2bo	24			search
oscillator	$2bo$2bo$bobo$3bo$bo$bo	128			search
oscillator	$2bo$2bo$bo2$3bo$2b2o$3bo	24			search
oscillator	$2bo$2bo$2bo2$o$bo	112			search
oscillator	$2bo$2bo2$2bo$b2o$b2o	516			search
oscillator	$2bo$2bo2$2bo$b2o$2bo	28			search
oscillator	$2bo$2bo2$2bo$2bo$obo	44			search
oscillator	$2bo$2bo$3bo$2b2o$bo	32			search
oscillator	$2bo$2bo$3bo$3bo$b2o	16			search
oscillator	$2bo$2bo$3bo$3bo2$b2o	16			search
oscillator	$2bo$2bo$3bo$3bo$2bo$bo	16			search
oscillator	$2bo$2bobo$bo2bo3$4bo	40			search
oscillator	$2bo2$2bo$3o	24			search
oscillator	$2b2o$o$o$o2bo	24			search
oscillator	$2b2o$o$o$o3bo	24			search
oscillator	$2b2o$o$2o$o2bo	240			search
oscillator	$2b2o$o$o$bobo	160			search
oscillator	$2b2o$o$o$bo2bo	80			search
oscillator	$2b2o$o$o2b2o	32			search
oscillator	$2b2o$o$o2bo$4bo	16			search
oscillator	$2b2o$o$o3bo	32			search
oscillator	$2b2o$o$o3bo$o	24			search
oscillator	$2b2o$o$o3bo$3bo	16			search
oscillator	$2b2o$o$o$4bo	16			search
oscillator	$2b2o$o$bo$b2obo	64			search
oscillator	$2b2o$o$bo$2bo	12			search
oscillator	$2b2o$o$bo$2bobo	12			search
oscillator	$2b2o$o$bobo$2bo	8			search
oscillator	$2b2o$o$bobo$4bo	8			search
oscillator	$2b2o$o$bo$4bo	12			search
oscillator	$2b2o$obo$o$o	32			search
oscillator	$2b2o$obo$3bo$2b2o	68			search
oscillator	$2b2o$obobo$o$o	32			search
oscillator	$2b2o$obobo$o$3bo	24			search
oscillator	$2b2o$o2bo	36			search
oscillator	$2b2o$o2bo$2o	36			search
oscillator	$2b2o$o2bo2$3bo	36			search
oscillator	$2b2o$o2b2o$2bo$3bo	32			search
oscillator	$2b2o$o$3bo$o2bo	40			search
oscillator	$2b2o$o$3bo$o3bo	40			search
oscillator	$2b2o$o$3bo$bobo	128			search
oscillator	$2b2o$o$3bo$bo2bo	128			search
oscillator	$2b2o$o$3bo$2b2o	40			search
oscillator	$2b2o$o$3bo$3bo$bo	40			search
oscillator	$2b2o$o$3b2o	32			search
oscillator	$2b2o$o$3b2o$3bo	32			search
oscillator	$2b2o$o$3bo$4bo	32			search
oscillator	$2b2o$o3bo$o$o	24			search
oscillator	$2b2o$o3bo$o$bo	80			search
oscillator	$2b2o$o3bo$o3bo	80			search
oscillator	$2b2o$o3bo$o$4bo	16			search
oscillator	$2b2o$o3bo$bo	12			search
oscillator	$2b2o$o3bo$bo$b2o	168			search
oscillator	$2b2o$o3bo$bo$2bo	12			search
oscillator	$2b2o$o3bo$bobo	8			search
oscillator	$2b2o$o3bo$bo$4bo	12			search
oscillator	$2b2o$o3bo$3bo$bo	128			search
oscillator	$2b2o$o3bo$3b2o	40			search
oscillator	$2b2o$o3bo$3bo$4bo	32			search
oscillator	$2b2o$o3b2o$o	64			search
oscillator	$2b2o$o4bo$o4bo	64			search
oscillator	$2b2o2$2obo$2bo	16			search
oscillator	$2b2o2$2obo$4bo	16			search
oscillator	$2b2o2$o2bo$o	32			search
oscillator	$2b2o2$o2bo$o2bo	80			search
oscillator	$2b2o2$o2bo$o3bo	32			search
oscillator	$2b2o2$o2bo$2b2o	32			search
oscillator	$2b2o2$o2bo$3bo$bo	112			search
oscillator	$2b2o2$o2b2o	28			search
oscillator	$2b2o2$o2b3o	32			search
oscillator	$2b2o2$o2bo$4bo	24			search
oscillator	$2b2o$bo$o$2b2o	40			search
oscillator	$2b2o$bo2$2o	100			search
oscillator	$2b2o$bo2$ob2o	368			search
oscillator	$2b2o$bo$bo$2bo$2bo	48			search
oscillator	$2b2o$b2obo	16			search
oscillator	$2b2o$b2ob2o	188			search
oscillator	$2b2o$b2obo$5bo	16			search
oscillator	$2b2o$b2obo$5b2o	112			search
oscillator	$2b2o$b2obo$6bo	16			search
oscillator	$2b2o$b2o2bo	16			search
oscillator	$2b2o$b2o2bo$5bo	16			search
oscillator	$2b2o$b2o2bo$6bo	112			search
oscillator	$2b2o$b2o$5b2o	16			search
oscillator	$2b2o$b2o$5bo$6bo	16			search
oscillator	$2b2o$b2o$6bo$5bo	16			search
oscillator	$2b2o$bo$2bo	56			search
oscillator	$2b2o$bo2bo$o3bo	56			search
oscillator	$2b2o$bo2bo$2bo	56			search
oscillator	$2b2o$bo2bo$2bo2bo	56			search
oscillator	$2b2o$bo2bo$2bo$5b2o	56			search
oscillator	$2b2o$bo2bo$2bo3bo	112			search
oscillator	$2b2o2$bo$b2o$3bo	64			search
oscillator	$2b2o2$bobo$obo	40			search
oscillator	$2b2o2$bobo$o2bo	40			search
oscillator	$2b2o2$bobo$o3bo	40			search
oscillator	$2b2o2$bobo$2bo	32			search
oscillator	$2b2o2$bobo$2bo$bobo	40			search
oscillator	$2b2o2$bobo$2b2o	40			search
oscillator	$2b2o2$bobo$2bo$3bo	32			search
oscillator	$2b2o2$bobo$2bobo	32			search
oscillator	$2b2o2$bobo2$2b2o	64			search
oscillator	$2b2o2$bobo$3bo	32			search
oscillator	$2b2o2$bobo$3bo$bo	40			search
oscillator	$2b2o2$bobo$3bo$3bo	40			search
oscillator	$2b2o2$bobo$3b2o	32			search
oscillator	$2b2o2$bob2o	32			search
oscillator	$2b2o2$bob2o$3bo	32			search
oscillator	$2b2o2$bob2o$4bo	32			search
oscillator	$2b2o2$bob3o	40			search
oscillator	$2b2o2$bobo$4bo	32			search
oscillator	$2b2o$2bo$bobo$2b2o	160			search
oscillator	$2b2o$2bo$bobo$3bo$3bo	96			search
oscillator	$2b2o$2bo3$b3o	36			search
oscillator	$2b2o$2bobo$2o	16			search
oscillator	$2b2o$2bobo$o2b2o	56			search
oscillator	$2b2o2$2b3o$o	20			search
oscillator	$2b2o2$2b3o2$bo	24			search
oscillator	$2b2o$3bo$o	36			search
oscillator	$2b2o$3bo$o$obo	160			search
oscillator	$2b2o$3bo$o$o2bo	160			search
oscillator	$2b2o$3bo$o$2bo$2bo	32			search
oscillator	$2b2o$3bo$bo	40			search
oscillator	$2b2o$3bo$bo$obo	88			search
oscillator	$2b2o$3bo$bo2$bo	88			search
oscillator	$2b2o$3bo$b2o3$o	200			search
oscillator	$2b2o$3bo$bo$2bo	40			search
oscillator	$2b2o$3bo2$b2o2$2bo	68			search
oscillator	$2b2o$3bo$2bo$bo	16			search
oscillator	$2b2o$3b2o$bo$bo$bobo	184			search
oscillator	$2b2o$3b2o$b2o$bo	32			search
oscillator	$2b2o$3b2o$b2o$2bo	32			search
oscillator	$2b2o$3b2o$b2o$2bo$3bo	44			search
oscillator	$2b2o$3b2o$bo$2b2o	24			search
oscillator	$2b2o$3b2o$bo2bo	24			search
oscillator	$2b2o$3b2o$bo2bo$2bo	152			search
oscillator	$2b2o$3b2o$2bo$b2o	32			search
oscillator	$2b2o2$3bo$ob2o	40			search
oscillator	$2b2o2$3bo$bo$bo$2bo	104			search
oscillator	$2b2o2$3bo$3bo$bobo	40			search
oscillator	$2b3o$o3bo$bo	12			search
oscillator	$2b3o$bo2bo$2bo	56			search
oscillator	$2b3o$bo2bo$2bo2bo	56			search
oscillator	$2b3o$3bo$bo$2bo	36			search
oscillator	$2b3o$4bo$o2bo	24			search
oscillator	$2b3o$4bo$bobo	32			search
oscillator	$2b2o$4bo$2obo	16			search
oscillator	$2b2o$4bo$o2bo	24			search
oscillator	$2b2o$4bo$o2bo$o	32			search
oscillator	$2b2o$4bo$o2b2o	32			search
oscillator	$2b2o$4bo$o2bo$4bo	24			search
oscillator	$2b2o$4bo$b3o2$bo	144			search
oscillator	$2b2o$4bo$b3o$2bo	92			search
oscillator	$2b2o$4bo$bobo	32			search
oscillator	$2b2o$4bo$bobo$o	40			search
oscillator	$2b2o$4bo$bobo$2bo	32			search
oscillator	$2b2o$4bo$bob2o	40			search
oscillator	$2b2o$4bo$bobo$4bo	32			search
oscillator	$2b2o$4bo$3bo$2o	164			search
oscillator	$2b2o$4bo$3bo$2o2bo	220			search
oscillator	$2b2o$4bo$3bo$bo2bo$bo	152			search
oscillator	$2b2o$4b2o$o2bo	40			search
oscillator	$2b2o$4b2o$bobo	64			search
oscillator	$2b2obo$2o$4bo	40			search
oscillator	$2b2obo$obo	40			search
oscillator	$2b2obo$obobo	40			search
oscillator	$2b2obo$obo$4bo	80			search
oscillator	$2b2obo2$o2bo	32			search
oscillator	$2b2obo2$o2b2o	36			search
oscillator	$2b2obo$b2obo	80			search
oscillator	$2b2obo$b2obo$5bo	80			search
oscillator	$2b2obo$b2o2bo	1932			search
oscillator	$2b2obo$b2o3bo	80			search
oscillator	$2b2obo$bo$2bo	56			search
oscillator	$2b2obo2$bob2o	40			search
oscillator	$2b2obo$2bo$o	32			search
oscillator	$2b2obo$2bo$o3bo	72			search
oscillator	$2b2obo$2bo$bob2o	88			search
oscillator	$2b2obo$2bo$bo2bo	80			search
oscillator	$2b2o$5bo$o2bobo	40			search
oscillator	$2b2o$5bo$bobobo	64			search
oscillator	$2bo$3bo$b2o2$bo	68			search
oscillator	$2bo$3bo$bo$2bo	16			search
oscillator	$2bo$3bo$bo$2bo$bo	40			search
oscillator	$2bo$3bo$bo$2bo$b3o	48			search
oscillator	$2bo$3bo$bo$2bo$bobo$2bo	160			search
oscillator	$2bo$3bo$bo$2b2o$bo	96			search
oscillator	$2bo$3bo$bo$2b2o2$3bo	72			search
oscillator	$2bo$3bo$bo2bo$obo	40			search
oscillator	$2bo$3bo3$bobo$b2o	32			search
oscillator	$2bo$3bo2$2bo$b2o	160			search
oscillator	$2bo$3bo2$2bo$bobo$b2o	168			search
oscillator	$2bo$3bo2$2bo$2bo$bo	92			search
oscillator	$2bo$3bo2$2b2o2$bo	32			search
oscillator	$2bo$3bo3$2b2o$bo	96			search
oscillator	$2bo2$3bo$bo$bo2$bo$2bo	56			search
oscillator	$2bo2$3bo2$bobo$2b2o$3bo	48			search
oscillator	$2bo2$3bo$2bo$bobo$b2o$bo	240			search
oscillator	$2bo2$3bo$2bo$bobo$3bo	112			search
oscillator	$2bo2$3bo$2bo3$b3o	32			search
oscillator	$2bo2$3bo$2bo$2bo$bo	48			search
oscillator	$2bo2$3bo$2b2o$bo	36			search
oscillator	$2bo2$3bo$2b2o2$bo	48			search
oscillator	$2bo2$3bo$2bobo$bo$b2o	76			search
oscillator	$2bo2$3bo2$2b2o$bo	48			search
oscillator	$2bo2$3bo$3bo$bo$b2o	24			search
oscillator	$2bo2$3bo$3bo$b2o	48			search
oscillator	$2bo2$3bo$3bo$bobo	36			search
oscillator	$2bo2$3bo$3bo$2bo$bo	24			search
oscillator	$2bobo$o2bo$bo2bo	16			search
oscillator	$2bobo$o$3bobo$4bo	168			search
oscillator	$2bobo$o3bo$4bo$2bo	60			search
oscillator	$2bobo$o$5bo$o3bo	88			search
oscillator	$2bobo$o$5bo$bo2bo	136			search
oscillator	$2bobo$o$5bo$4bo	40			search
oscillator	$2bobo2$o4bo$4bo	36			search
oscillator	$2bobo$b2o$bo	24			search
oscillator	$2bobo$b2o$bo$2bo	24			search
oscillator	$2bobo$b2o$bo$3bo	24			search
oscillator	$2bobo$3bo$o$o3bo	224			search
oscillator	$2bobo$3bo$2o2bo	16			search
oscillator	$2bobo$3bo$o3bo$2bo	24			search
oscillator	$2bobo$3bo$b2o$bo	32			search
oscillator	$2bobo$3bo$b2o$2bo	32			search
oscillator	$2bobo$3bo$bo$2b2o	32			search
oscillator	$2bobo$3bo$2bo$b2o	32			search
oscillator	$2bobo$4bo$o3bo$2bo	60			search
oscillator	$2bobo$4bo$bo2bo$2bo	64			search
oscillator	$2bobo$4bo$bo2bo2$3bo	60			search
oscillator	$2bobo$5bo$o4bo$2bo	56			search
oscillator	$2bo2bo$o4bo$bo2bo	32			search
oscillator	$2bo2bo$b2ob2o	212			search
oscillator	$2bo2bo$b2ob3o	324			search
oscillator	$2bo2bo$bo2b2o$4b2o	96			search
oscillator	$2bo2bo$bo3bo$o4bo	60			search
oscillator	$2bo2bo$3b2o$bo2bo	52			search
oscillator	$2bo3bo$bo2bo$4bo	36			search
oscillator	$2bo3bo$bo3bo$5bo	36			search
oscillator	$2bo3b2o$bo$4bo2bo	96			search
oscillator	3bo$o$ob2o	104			search
oscillator	3bo$o$ob2o2$o	112			search
oscillator	3bo$o$ob2o2$obo	268			search
oscillator	3bo$o$o$2b2o$o	96			search
oscillator	3bo$o$o$2b2o$bo	48			search
oscillator	3bo$o$o2bo$2bo$o	28			search
oscillator	3bo$o$o2bo$2bo$4bo	24			search
oscillator	3bo$2o$obo$2bo	40			search
oscillator	3bo$2o$ob2o	460			search
oscillator	3bo$2o$obo$3bo	64			search
oscillator	3bo$2o$o$2b2o	152			search
oscillator	3bo$2o$o2bo$4bo	28			search
oscillator	3bo$2o$bo$o$o	16			search
oscillator	3bo$2o$b2o2$o	28			search
oscillator	3bo$2o$b2o2$bo	28			search
oscillator	3bo$2o$b2o2$3bo	28			search
oscillator	3bo$2o$b2o$4bo	56			search
oscillator	3bo$2o2$bo$2o	36			search
oscillator	3bo$2o2$bo$obo	28			search
oscillator	3bo$2o2$bo$2bo	28			search
oscillator	3bo$2o2$bo$2b2o	56			search
oscillator	3bo$2o$2bo$o$bo	28			search
oscillator	3bo$2o$2bo$bo$o	28			search
oscillator	3bo$2o$2bo$b2o	40			search
oscillator	3bo$2o$2bo$bo$2bo	28			search
oscillator	3bo$2o$2bo$bobo$o	160			search
oscillator	3bo$2o$3bo$b2o	32			search
oscillator	3bo$2o2bo$o2$4bo	64			search
oscillator	3bo$2o2bo$2bo	92			search
oscillator	3bo$o$bobo$3bo$o	672			search
oscillator	3bo$o2$b3o$o	96			search
oscillator	3bo$o2$b3o$2bo	48			search
oscillator	3bo$o2$bobo$3o	96			search
oscillator	3bo$obo$o$bo$o	28			search
oscillator	3bo$obo$o$bo$2bo	28			search
oscillator	3bo$obo$o$bo$4bo	28			search
oscillator	3bo$obo$o3bo$bo2bo	76			search
oscillator	3bo$obo$bo2$2o	224			search
oscillator	3bo$o$2bo$4o	168			search
oscillator	3bo$o$2bo$b2o$o	36			search
oscillator	3bo$o$2bo$b3o	168			search
oscillator	3bo$o$2bo$b3o$o	196			search
oscillator	3bo$o$2bo$b3o$bo	300			search
oscillator	3bo$o$2bo$b3o$2bo	96			search
oscillator	3bo$o$2bo$bobo$2o	196			search
oscillator	3bo$o$2bo$bobo$b2o	224			search
oscillator	3bo$o$2bo$bobo$2b2o	496			search
oscillator	3bo$o$2b2o2$2o	216			search
oscillator	3bo$o$2b2o2$obo	36			search
oscillator	3bo$o$2b2o$bo$o	112			search
oscillator	3bo$o$2b2o$bo$2bo	236			search
oscillator	3bo$o2b3o$4bo	112			search
oscillator	3bo$o$3bo$3o	280			search
oscillator	3bo$o$3bo$bo$2o	28			search
oscillator	3bo$o$3bo$bo$3o	144			search
oscillator	3bo$o$3bo$b2o$o	28			search
oscillator	3bo$o$3bo$2bo$bo	32			search
oscillator	3bo$o$3bo$2bo$b2o	180			search
oscillator	3bo$o$3bo$3bo$2o	96			search
oscillator	3bo$o$3bo$3bo$obo	96			search
oscillator	3bo$o3bo$obo	88			search
oscillator	3bo$o3bo$obo2$3bo	16			search
oscillator	3bo2$3o$o$o	16			search
oscillator	3bo$bo$o$o$o	32			search
oscillator	3bo$bo$o$o$o2bo	32			search
oscillator	3bo$bo$3o	24			search
oscillator	3bo$bo$3obo	24			search
oscillator	3bo$bo$3ob2o	108			search
oscillator	3bo$bo$2o2bo$4bo	36			search
oscillator	3bo$bo$o$b2o$2o	132			search
oscillator	3bo$bo$obo$o$bo	40			search
oscillator	3bo$bo$obo$o$bo2bo	40			search
oscillator	3bo$bo$obo$2bo$o	36			search
oscillator	3bo$bo$ob2o	28			search
oscillator	3bo$bo$ob2o2$o	36			search
oscillator	3bo$bo$ob2o$bo$o	60			search
oscillator	3bo$bo$ob2o2$3bo	20			search
oscillator	3bo$bo$obo$3bo$2o	144			search
oscillator	3bo$bo$obobo$o$bo	40			search
oscillator	3bo$bo2$2o$obo	32			search
oscillator	3bo$bo$bo$o$o	16			search
oscillator	3bo$bo$bo$o$o2bo	16			search
oscillator	3bo$bo$bo$o$2b2o	28			search
oscillator	3bo$bo$bo$bo$2bo$bobo	36			search
oscillator	3bo$bo$bo$bo$2b2o	36			search
oscillator	3bo$bo$bo$bo2$2b2o	36			search
oscillator	3bo$bo$bo$bo2bo	28			search
oscillator	3bo$bo$b2o	8			search
oscillator	3bo$bo$b2o$bo2$bo	72			search
oscillator	3bo$bo$b2o$bo$2bo	24			search
oscillator	3bo$bo$b2o$bo$2bo$bobo	216			search
oscillator	3bo$bo$b2o$bo$2bobo	24			search
oscillator	3bo$bo$b2o$bo$3bo	72			search
oscillator	3bo$bo$b2o$bo$4bo	24			search
oscillator	3bo$bo$b2o$2b2o$3b2o	8			search
oscillator	3bo$bo$b2o2$2b2o$3bo	40			search
oscillator	3bo$bo$b2o3$2b2o	8			search
oscillator	3bo$bo$b2o2$3bo	8			search
oscillator	3bo$bo$b2o3$3bo	8			search
oscillator	3bo$bo$b2obo$bo	24			search
oscillator	3bo$bo$b2obo$bo$2bo	24			search
oscillator	3bo$bo$b2obo$bo2bo	120			search
oscillator	3bo$bo$b2obo$bo$4bo	24			search
oscillator	3bo$bo$b2ob2o	36			search
oscillator	3bo$bo$b2o2bo$5bo	8			search
oscillator	3bo$bo$bo$2bobo2$bo	20			search
oscillator	3bo$bo$bo2bo$o3bo	28			search
oscillator	3bo$bo$bo2bo$bo2bo	36			search
oscillator	3bo$bo$bo$5b2o	16			search
oscillator	3bo$bo2$bo2bo$b2o$3bo	60			search
oscillator	3bo$b2o$3o	24			search
oscillator	3bo$b2o$o2$bobo	104			search
oscillator	3bo$b2o$ob2o	24			search
oscillator	3bo$b2o$o3b2o	40			search
oscillator	3bo$b2o2$o$o	16			search
oscillator	3bo$b2o2$o$o2bo	16			search
oscillator	3bo$b2o2$obo$o	16			search
oscillator	3bo$b2o2$o$2b2o	28			search
oscillator	3bo$b2o$bo	8			search
oscillator	3bo$b2o$b2o	4			search
oscillator	3bo$b2o$b2o$3bo	4			search
oscillator	3bo$b2o$b2o2$3bo	4			search
oscillator	3bo$b2o$bo$2bo$o	36			search
oscillator	3bo$b2o$bo2$2b2o	32			search
oscillator	3bo$b2o$bo2$3bo	8			search
oscillator	3bo$b2o$bo3$3bo	8			search
oscillator	3bo$b2o$bo$4bo$3bo	8			search
oscillator	3bo$b2o2$bo$o	32			search
oscillator	3bo$b2o2$bo$obo	32			search
oscillator	3bo$b2o2$bo2$bo	32			search
oscillator	3bo$b2o2$bo$2bo	24			search
oscillator	3bo$b2o2$bo$2bo$bobo	36			search
oscillator	3bo$b2o2$bo$2b2o	32			search
oscillator	3bo$b2o2$bo2$2b2o	32			search
oscillator	3bo$b2o2$bo$3bo$3bo	40			search
oscillator	3bo$b2o2$bo2bo	28			search
oscillator	3bo$b2o2$bo2bo$2bo$3bo	32			search
oscillator	3bo$b2o3$bo$bo	32			search
oscillator	3bo$b2o$2bo	4			search
oscillator	3bo$b2o$2bo2$ob2o	76			search
oscillator	3bo$b2o$2bo$bo$2bo$bobo	76			search
oscillator	3bo$b2o$2bo$bo$2bo$3bo	32			search
oscillator	3bo$b2o$2bo$bo2bo	28			search
oscillator	3bo$b2o$2bo2$2b2o	32			search
oscillator	3bo$b2o$2b2o	8			search
oscillator	3bo$b2o$2b2o$bo	24			search
oscillator	3bo$b2o$2b2o2$bo	12			search
oscillator	3bo$b2o$2bo$3bo$3bo	60			search
oscillator	3bo$b2o$2bo$3bo$4bo	4			search
oscillator	3bo$b2o$2bobo2$2b2o	32			search
oscillator	3bo$b2o$2bobo$4bo$2bo	32			search
oscillator	3bo$b2o$2bob2o	40			search
oscillator	3bo$b3o$bo	8			search
oscillator	3bo$b3o$b2o	4			search
oscillator	3bo$b3o$bo2$3bo	8			search
oscillator	3bo$b3o$bo2bo	8			search
oscillator	3bo$b3o$bo$4bo	48			search
oscillator	3bo$b3o2$bo$2bo	16			search
oscillator	3bo$b3o$2bo	4			search
oscillator	3bo$b3o$2bo$bo2bo	28			search
oscillator	3bo$b3o$2b2o	20			search
oscillator	3bo$b3o$2bobo	4			search
oscillator	3bo$b4o$2bo	16			search
oscillator	3bo$b4o$2bobo	56			search
oscillator	3bo$b3o2$5b2o	16			search
oscillator	3bo$b2obo$o	68			search
oscillator	3bo$b2obo2$bo$2bo	24			search
oscillator	3bo$b2o$4bo$o3bo	28			search
oscillator	3bo$b2o$4bo$bo2bo	32			search
oscillator	3bo$b2o2bo$2b2o	16			search
oscillator	3bo$b2o2$5b2o	16			search
oscillator	3bo$bo$2bo$b2o	28			search
oscillator	3bo$bo$2bo$b3o	48			search
oscillator	3bo$bo$2bo$b3o$o	48			search
oscillator	3bo$bo$2bo$bobo$3o	72			search
oscillator	3bo$bo$2bo$bobo$b2o	48			search
oscillator	3bo$bo$2bo$bobo$2b2o	248			search
oscillator	3bo$bo$2bo$bobo$3bo	112			search
oscillator	3bo$bo$2b2o	20			search
oscillator	3bo$bo$2b2o2$2o	72			search
oscillator	3bo$bo$2b2o2$obo	36			search
oscillator	3bo$bo$2b2o$bo	28			search
oscillator	3bo$bo$2b2o$bo$o	36			search
oscillator	3bo$bo$2b2o$b2o	32			search
oscillator	3bo$bo$2b2o$bo$2bo	20			search
oscillator	3bo$bo$2b2o2$bo	28			search
oscillator	3bo$bo$2b2o$2b2o	12			search
oscillator	3bo$bo$2b2o2$3bo	92			search
oscillator	3bo$bo$2bo$3bo$3o	144			search
oscillator	3bo$bo$2bo$3bo$ob2o	360			search
oscillator	3bo$bo$2bo$3bo$2b2o	248			search
oscillator	3bo$bo$2bo$3bo$3bo	112			search
oscillator	3bo$bo$2bo$3bo$3bo$3bo	248			search
oscillator	3bo$bobo$bo$o$o	16			search
oscillator	3bo$bobo$bo$3bo$2b2o	24			search
oscillator	3bo$bobo$bo$5b2o	16			search
oscillator	3bo$bobo2$bo$2b2o	64			search
oscillator	3bo$bobo2$bobo$3bo	32			search
oscillator	3bo$bobo2$bo2bo$2bo$3bo	8			search
oscillator	3bo$bobo$2bo$o$2b2o	44			search
oscillator	3bo$bobo$2bo2$ob2o	44			search
oscillator	3bo$bobo$2bo$bo$2bo$bobo	80			search
oscillator	3bo$bobo$2bo$bo$2b2o	88			search
oscillator	3bo$bobo$2bo$bo2bo	32			search
oscillator	3bo$bobo2$4bo$2bo$3bo	8			search
oscillator	3bo$bobobo$4bo$6bo	32			search
oscillator	3bo$bo$3bo$bo$3o	48			search
oscillator	3bo$bo$3bo$b2o	80			search
oscillator	3bo$bo$3bo$2bo$3bo	28			search
oscillator	3bo$bo2bo	28			search
oscillator	3bo$bo2bo$obo	40			search
oscillator	3bo$bo2bo$b2o2$3bo	28			search
oscillator	3bo$bo2bo$b2o3$3bo	28			search
oscillator	3bo$bo2bo2$bo$b2obo	48			search
oscillator	3bo$bo2bo2$bo$bo2bo	80			search
oscillator	3bo$bo2bo2$b2o$4bo	48			search
oscillator	3bo$bo2bo$2bo	16			search
oscillator	3bo$bo2bo$2bo$bo2$bobo	100			search
oscillator	3bo$bo2bo$2bo$bo$2bo	16			search
oscillator	3bo$bo2bo$2bo2$bo	20			search
oscillator	3bo$bo2bo$2bo$2bo$bo	16			search
oscillator	3bo$bo2bo2$2bo$4bo$3bo	80			search
oscillator	3bo$bo2bo2$4bo$2bo$3bo	72			search
oscillator	3bo$bo2bo3$4bo	28			search
oscillator	3bo$bo3bo$2b2o	20			search
oscillator	3bo2$bo$o2bo$2b2o	28			search
oscillator	3bo2$bo$bobo$2b2o	32			search
oscillator	3bo2$bo$bobo$3bo	28			search
oscillator	3bo2$b2o$o$o	16			search
oscillator	3bo2$b2o$2o$o	16			search
oscillator	3bo2$b2o$bo2$bo	32			search
oscillator	3bo2$b2o$2b2o$3bo	20			search
oscillator	3bo2$b2o$3bo$bobo$bo	24			search
oscillator	3bo2$b2ob2o	28			search
oscillator	3bo2$bobo$bo$2bo$2bo	24			search
oscillator	3bo2$bo2bo$o2b2o	28			search
oscillator	3bo2$bo2bo$bob2o	32			search
oscillator	3bo2$bo2b2o$3b2o	16			search
oscillator	3bo$2bo$o$2o$o	16			search
oscillator	3bo$2bo$2o$o$o	16			search
oscillator	3bo$2bo$obob2o	32			search
oscillator	3bo$2bo$o3bo$bo$2o	24			search
oscillator	3bo$2bo2$o2bo$2b2o	28			search
oscillator	3bo$2bo2$o2bo$3bo$bo	48			search
oscillator	3bo$2bo$bo$2o$o	16			search
oscillator	3bo$2bo$bo2$2o	68			search
oscillator	3bo$2bo$bo2$bo$bo	24			search
oscillator	3bo$2bo$bo2$bo$bobo	16			search
oscillator	3bo$2bo$b2o2$2o	40			search
oscillator	3bo$2bo$b2o$bo2bo	52			search
oscillator	3bo$2bo$b2o$3bo$3bo	16			search
oscillator	3bo$2bo$b2ob2o	108			search
oscillator	3bo$2bo$bo2$2b2o	28			search
oscillator	3bo$2bo2$bo$b2o$3bo	60			search
oscillator	3bo$2bo2$bo$b2obo$3bo	60			search
oscillator	3bo$2bo2$bobo$o2bo	36			search
oscillator	3bo$2bo2$bobo$2b2o	36			search
oscillator	3bo$2bo2$bobo$3bo	28			search
oscillator	3bo$2bo2$bobo$3bo$bo	36			search
oscillator	3bo$2bo2$bobo$3bo$3bo	36			search
oscillator	3bo$2bo3$bobo$bo	20			search
oscillator	3bo$2bo$2bo2$2o	28			search
oscillator	3bo$2bo$2bo$bo$2b2o	40			search
oscillator	3bo$2bo$2bobo$bo2bo	40			search
oscillator	3bo$2bo2$2bo$3o	24			search
oscillator	3bo$2bo2$2b3o2$bo	24			search
oscillator	3bo$2b2o$bo2$2o	176			search
oscillator	3bo$2b2o$bo2bo$2bo	28			search
oscillator	3bo$2bo2$3bo$ob2o	36			search
oscillator	3bo$2bo2$3bo$3bo$bobo	36			search
oscillator	3bo$2bo$4bo$o2b2o	28			search
oscillator	3bo$2bo$4bo$bob2o	36			search
oscillator	3bo$2bo2bo$obobo	48			search
oscillator	3bo$2bo3bo$bo2bo$2bo2bo	252			search
oscillator	3bo2$2bo$2o$b2o	28			search
oscillator	3bo2$2bo$b3o2$bo	48			search
oscillator	3bo2$2bo$bobo$ob2o	360			search
oscillator	3bo2$2bo$2bo$bo$2bo	28			search
oscillator	3bo2$2bo$3bo$bobo$bo	244			search
oscillator	3bo$3bo$3obo	24			search
oscillator	3bo$3bo$2o2bo	16			search
oscillator	3bo$3bo$bo$bobo$3bo	48			search
oscillator	3bo$3bo$b2o$bo$2bo	16			search
oscillator	3bo$3bo$b2o$bobo$3bo	16			search
oscillator	3bo$3bo$b2o$bob2o	16			search
oscillator	3bo$3bo$b2o$bo$3bo	16			search
oscillator	3bo$3bo$b2o$3bo$3bo	16			search
oscillator	3bo$3bo$bo$3bo$2b2o	24			search
oscillator	3bo$3bo2$bobo$2b2o	64			search
oscillator	3bo$3bo$2bo$b2o	80			search
oscillator	3bo$3b2o$2o2bo	16			search
oscillator	3bo$3bobo$2o2bo	40			search
oscillator	3bo$3bo2bo$bo2bo$2bo2bo	56			search
oscillator	3bo2$3bo$o2bo$bo	56			search
oscillator	3b2o$o$ob2o	212			search
oscillator	3b2o$2o$obo	56			search
oscillator	3b2o$2o$2bo$bo	56			search
oscillator	3b2o$2o$2bo$4bo	80			search
oscillator	3b2o$o$bo$2b2o	308			search
oscillator	3b2o$o2bo$bo	56			search
oscillator	3b2o$o2bo$bo2$3bo	56			search
oscillator	3b2o$o2bo$bo2bo	56			search
oscillator	3b2o$o2bo$bo$4bo	112			search
oscillator	3b2o$o$3bo$bo$bo	24			search
oscillator	3b2o$o3bo$bo$3bo	56			search
oscillator	3b2o$o3bo$2bo	60			search
oscillator	3b2o$o3bo$2bo2$bo	504			search
oscillator	3b2o$o3bo2$2bo	56			search
oscillator	3b2o$o3bo2$3bo$4bo	56			search
oscillator	3b2o$o3bo$4bo$2bo	56			search
oscillator	3b2o$o3bo3$4bo	216			search
oscillator	3b2o2$o3bo$3bo$3b2o	48			search
oscillator	3b2o2$o3bo$3b2o	72			search
oscillator	3b2o$bo$3o	24			search
oscillator	3b2o$bo$3obo	24			search
oscillator	3b2o$bo$2o$4bo	112			search
oscillator	3b2o$bo$obo$2bo	56			search
oscillator	3b2o$bo$ob2o	52			search
oscillator	3b2o$bo$bo$o	16			search
oscillator	3b2o$bo$bo$o$o	16			search
oscillator	3b2o$bo$bo$o3bo	48			search
oscillator	3b2o$bo$bo$bo2bo	112			search
oscillator	3b2o$bo$b2o	16			search
oscillator	3b2o$bo$b2ob2o	560			search
oscillator	3b2o$bo$b2o$4bo	32			search
oscillator	3b2o$bo$b2o2bo$4bo	96			search
oscillator	3b2o$bo$bo$2bobo	112			search
oscillator	3b2o$bo$bo$4bo	48			search
oscillator	3b2o$bo$bo3bo	16			search
oscillator	3b2o$b2o	16			search
oscillator	3b2o$b2o$o	48			search
oscillator	3b2o$b2o2$o	16			search
oscillator	3b2o$b2o2$o$o	16			search
oscillator	3b2o$b2o2$o3bo	48			search
oscillator	3b2o$b2o$bo	16			search
oscillator	3b2o$b2o$b2o	16			search
oscillator	3b2o$b2o$bo$4bo	240			search
oscillator	3b2o$b2o2$bo2bo	112			search
oscillator	3b2o$b2o$2bo	16			search
oscillator	3b2o$b2o$2bo2$2b2o	32			search
oscillator	3b2o$b2o$2b2o	16			search
oscillator	3b2o$b2o$2bo$3b2o	240			search
oscillator	3b2o$b2o$2bob3o	304			search
oscillator	3b2o$b2o$2bo$4bo	32			search
oscillator	3b2o$b3o	64			search
oscillator	3b2o$b3o$bo	40			search
oscillator	3b2o$b3o$b2o	20			search
oscillator	3b2o$b3o$2bo	24			search
oscillator	3b2o$b3o$2bo$4bo	376			search
oscillator	3b2o$b3o$4bo	64			search
oscillator	3b2o$b3o$5bo	64			search
oscillator	3b2o$b3o2bo	1032			search
oscillator	3b2o$b2obo$bo	64			search
oscillator	3b2o$b2obo$2bo	64			search
oscillator	3b2o$b2o2bo	80			search
oscillator	3b2o$b2o2bo$o3bo	144			search
oscillator	3b2o$b2o2bo$bo	24			search
oscillator	3b2o$b2o2bo$b2o	12			search
oscillator	3b2o$b2o2bo$2bo	12			search
oscillator	3b2o$b2o2bo$2b2o	24			search
oscillator	3b2o$b2o2bo$4b2o	112			search
oscillator	3b2o$b2o2bo$5bo	16			search
oscillator	3b2o$b2o2bo$5b2o	16			search
oscillator	3b2o$b2o2b2o	16			search
oscillator	3b2o$b2o$5bo	16			search
oscillator	3b2o$b2o$5bo$4bo	24			search
oscillator	3b2o$b2o3bo	48			search
oscillator	3b2o$b2o3b2o	112			search
oscillator	3b2o$bo$2bo$b2o	56			search
oscillator	3b2o$bo$2b2o	28			search
oscillator	3b2o$bo$2b2o$bo	52			search
oscillator	3b2o$bo$2b2o2$3bo	44			search
oscillator	3b2o$bo$2bobo$4bo	72			search
oscillator	3b2o$bo$2bo$4bo$2o	32			search
oscillator	3b2o$bobo	32			search
oscillator	3b2o$bobo$o	40			search
oscillator	3b2o$bobo$o3bo	40			search
oscillator	3b2o$bobo$o$4bo	80			search
oscillator	3b2o$bobo2$o2b2o	128			search
oscillator	3b2o$bobo2$o3bo	72			search
oscillator	3b2o$bobo$b2o	72			search
oscillator	3b2o$bobo$b2obo	72			search
oscillator	3b2o$bobo2$bob2o	216			search
oscillator	3b2o$bobo2$bo2bo	80			search
oscillator	3b2o$bobo$2bo	24			search
oscillator	3b2o$bobo$2bobo	24			search
oscillator	3b2o$bobo$2bo$4bo	200			search
oscillator	3b2o$bob2o	64			search
oscillator	3b2o$bobo$4bo$o	32			search
oscillator	3b2o$bobo$4bo$bo	40			search
oscillator	3b2o$bobobo$o3bo	96			search
oscillator	3b2o$bobobo$2bo	24			search
oscillator	3b2o$bobobo$2bobo	24			search
oscillator	3b2o$bobob2o	144			search
oscillator	3b2o$bobo2$5b2o	32			search
oscillator	3b2o$bobo2bo	36			search
oscillator	3b2o$bo2bo$obo	208			search
oscillator	3b2o$bo2bo$o$3bo	128			search
oscillator	3b2o$bo2bo$o2$4bo	448			search
oscillator	3b2o$bo2bo$bo	48			search
oscillator	3b2o$bo2bo$bo$o	48			search
oscillator	3b2o$bo2bo$b2o	176			search
oscillator	3b2o$bo2bo2$bobo	128			search
oscillator	3b2o$bo2bo2$bo$4bo	448			search
oscillator	3b2o$bo2bo$2bo	64			search
oscillator	3b2o$bo2bo$2bo$bo	208			search
oscillator	3b2o$bo2bo2$2bo	60			search
oscillator	3b2o$bo2bo2$3bo	60			search
oscillator	3b2o$bo2bo2$3bo$4bo	60			search
oscillator	3b2o$bo2bo$4bo$o	68			search
oscillator	3b2o$bo2bo3$4bo	220			search
oscillator	3b2o$bo3bo$b2o	16			search
oscillator	3b2o$bo3bo$b2ob2o	796			search
oscillator	3b2o$bo3bo$bo2bobo	48			search
oscillator	3b2o$bo3bo$bo3bo	16			search
oscillator	3b2o$bo3bo$bo3b2o	16			search
oscillator	3b2o$bo3bo$bo4bo	48			search
oscillator	3b2o$bo3bo$2b2o	248			search
oscillator	3b2o$bo3b2o$bo	16			search
oscillator	3b2o$bo3bobo$bo4bo	160			search
oscillator	3b2o$bo4bo$bo2bobo	16			search
oscillator	3b2o2$bo$bob2o	28			search
oscillator	3b2o2$b2o$o3bo	48			search
oscillator	3b2o2$b2ob2o	136			search
oscillator	3b2o2$bo2bo$3bo$3b2o	48			search
oscillator	3b2o2$bo2bo$3b2o	72			search
oscillator	3b2o2$bo2bo$4bo$4bo	36			search
oscillator	3b2o$2bo$2o	48			search
oscillator	3b2o$2bo$2o2bo	48			search
oscillator	3b2o$2bo$2o$4bo	144			search
oscillator	3b2o$2bo$obo	48			search
oscillator	3b2o$2bo$o$4bo$3bo	32			search
oscillator	3b2o$2bo$bo	16			search
oscillator	3b2o$2bo$bo$bo	24			search
oscillator	3b2o$2bo$bo$bo$2bo	24			search
oscillator	3b2o$2bo$bo$bo2bo	72			search
oscillator	3b2o$2bo$bo$bo$4bo	24			search
oscillator	3b2o$2bo$b2o	16			search
oscillator	3b2o$2bo$bo$3b2o	28			search
oscillator	3b2o$2bo$bo2bo$bo	24			search
oscillator	3b2o$2bo$bo2bo$2bo2bo	168			search
oscillator	3b2o$2bo$bo$4bo	32			search
oscillator	3b2o$2bo$bo3bo$4bo	96			search
oscillator	3b2o$2bo2$bob2o	112			search
oscillator	3b2o$2bo2$bo2bo$3bo	32			search
oscillator	3b2o$2bo$2bo$o	16			search
oscillator	3b2o$2bo$2bo$o3bo	48			search
oscillator	3b2o$2bo$2bo$bo3bo	48			search
oscillator	3b2o$2b2o$obo	72			search
oscillator	3b2o$2b2o$b2o	24			search
oscillator	3b2o$2b2o$bo$2bo	28			search
oscillator	3b2o$2b2o$2bo$o	16			search
oscillator	3b2o$2b2obo$obobo	24			search
oscillator	3b2o$2bobo$b2o	64			search
oscillator	3b2o$2bobo$2bo$o	48			search
oscillator	3b2o$2bo$4bo$2o	24			search
oscillator	3b2o$2bo2bo$bo	48			search
oscillator	3b2o$2bo2bo$bo2bo	48			search
oscillator	3b2o$2bo2b2o$bo$2bo	112			search
oscillator	3b2o2$2bo$bobo$b2obo	248			search
oscillator	3b2o2$2bobo$bo2bo	72			search
oscillator	3b2o$3bo$2o2bo	40			search
oscillator	3b2o$3bo$obo	40			search
oscillator	3b2o$3bo$obobo	40			search
oscillator	3b2o$3bo$bo	32			search
oscillator	3b2o$3bo$b2o	40			search
oscillator	3b2o$3bo$b2obo	40			search
oscillator	3b2o$3bo$b2o2b2o	40			search
oscillator	3b2o$3bo$b2o3bo	40			search
oscillator	3b2o$3bo$bo2bo	32			search
oscillator	3b2o$3bo$bo2bo$2bo	56			search
oscillator	3b2o$3bo$bo2bo2$3bo	32			search
oscillator	3b2o$3bo$bo2b2o	412			search
oscillator	3b2o$3bo2$bobo$2bo	40			search
oscillator	3b2o$3bo2$bobo$4bo	40			search
oscillator	3b2o$3bo$2bo$o	32			search
oscillator	3b2o$3bo$2bo$bob2o	120			search
oscillator	3b2o$3bo$2bobo$o	32			search
oscillator	3b2o$3bo$2bobo$bo	40			search
oscillator	3b2o$3bo$4bo$bobo	40			search
oscillator	3b2o$3bobo$3o	72			search
oscillator	3b2o$3bobo$2o2bo	48			search
oscillator	3b2o$3bobo$bo	36			search
oscillator	3b2o$3bobo$b2o	24			search
oscillator	3b2o$3bobo$b2obo	24			search
oscillator	3b2o$3bobo$bo2bo	36			search
oscillator	3b2o$3bobo$bo2b2o	160			search
oscillator	3b2o2$3bo$3bo$bo2bo	160			search
oscillator	3b2o$4bo$b2o	68			search
oscillator	3b2o$4bo$b2o2$4bo	68			search
oscillator	3b3o$bo$obo	88			search
oscillator	3b3o$b2o	16			search
oscillator	3b3o$bo$2bo	40			search
oscillator	3b3o$bo3b2o	96			search
oscillator	3b3o$2bo$bo	16			search
oscillator	3b3o$5bo$obobo	128			search
oscillator	3b2o$5bo$3obo	48			search
oscillator	3b2o$5bo$b2ob2o	128			search
oscillator	3b2obo$b2o2b2o	320			search
oscillator	3b2obo$bob2o	88			search
oscillator	3b2obo$bobob2o	592			search
oscillator	3b2obo$bobo2bo	100			search
oscillator	3b2ob2o$b2o	112			search
oscillator	3b2ob2o$b2o2bo	240			search
oscillator	3b2o2bo$bobobo$6bo	360			search
oscillator	3bo$4bo$bo$b2o$2bo	24			search
oscillator	3bo$4bo$bo$2bo$3bo	12			search
oscillator	3bo$4bo2$bo$bo$bobo	12			search
oscillator	3bo$4bo2$b2o$bo	24			search
oscillator	3bo$4bo2$b2o$b2o	12			search
oscillator	3bo$4bo2$b2o$2bo	12			search
oscillator	3bo$4bo2$b2o$2b2o	24			search
oscillator	3bo$4bo2$b2o$2bo$3bo	12			search
oscillator	3bo$4bo2$bobo$b2o	12			search
oscillator	3bo$4bo2$bo2bo$2bo$3bo	28			search
oscillator	3bo$4bo$2bo$bo2$bo	48			search
oscillator	3bo$4bo$2bo$bo2$bobo	68			search
oscillator	3bo$4bo$2bo$bo$2bo	16			search
oscillator	3bo$4bo$2bo2$bo	20			search
oscillator	3bo$4bo$2bo2$bo$bo	24			search
oscillator	3bo$4bo$2bo3$bobo	48			search
oscillator	3bo$4bo$2bo$2bo$bo	16			search
oscillator	3bo$4bo$2bo2$3bo$bo	52			search
oscillator	3bo$4bo2$2bo$2bo$bobo	12			search
oscillator	3bo$4bo2$2b2o$bo	196			search
oscillator	3bobo$bo$3o	72			search
oscillator	3bobo$bo$b2o$bo3bo	48			search
oscillator	3bobo$b2o$4b2o	416			search
oscillator	3bobo$bobo$o	36			search
oscillator	3bobo$bobo$4bo$5bo$3bo	64			search
oscillator	3bobo$bobo2bo	160			search
oscillator	3bobo$bo3bo$2bo	28			search
oscillator	3bobo$3bo$2o	72			search
oscillator	3bobo$3bo$obo	36			search
oscillator	3bobo$3bo$bo2bo	28			search
oscillator	3bob2o$o2bobo	284			search
oscillator	3bob2o$bobo	28			search
oscillator	3bob2o$bobo3bo	360			search
oscillator	3bob2o$bo3bo	104			search
oscillator	3bo2bo$2o2b2o	128			search
oscillator	3bo2bo$b2o2b2o	192			search
oscillator	3bo2bo$bobobo$5bo	36			search
oscillator	3bo2bo$bobob2o	100			search
oscillator	$3bo$o$2obo$obo	32			search
oscillator	$3bo$o$2obo$o2bo	80			search
oscillator	$3bo$o$2obo$o3bo	32			search
oscillator	$3bo$o$o2bo$o2bo	40			search
oscillator	$3bo$o$o2bo$bobo	128			search
oscillator	$3bo$o$o2bo$2b2o	40			search
oscillator	$3bo$o$o2bo$3bo$bo	40			search
oscillator	$3bo$o$o2b2o	32			search
oscillator	$3bo$3o$o2bo$3bo	24			search
oscillator	$3bo$3o$o2b2o	24			search
oscillator	$3bo$4o$3bo$o	52			search
oscillator	$3bo$3o$3bo$o3bo	28			search
oscillator	$3bo$2obo	32			search
oscillator	$3bo$2obo2$o2$bo	96			search
oscillator	$3bo$2obo2$o2$3bo	96			search
oscillator	$3bo$2obo3$o$bo	224			search
oscillator	$3bo$2obo2$bo2$o	160			search
oscillator	$3bo$2obo2$bo2$bo	160			search
oscillator	$3bo$2obo2$bo2$3bo	160			search
oscillator	$3bo$2obo3$bo$o	96			search
oscillator	$3bo$2obo3$bo$2bo	96			search
oscillator	$3bo$2obo3$3bo$3bo	32			search
oscillator	$3bo$2ob2o	24			search
oscillator	$3bo$2ob2o$2bo$3bo	24			search
oscillator	$3bo$2o$3bo$o3bo	40			search
oscillator	$3bo$2o$3bo$2b2o	64			search
oscillator	$3bo$2o2bo$3b2o	64			search
oscillator	$3bo$2o$4bo$o2bo	40			search
oscillator	$3bo$obo$2bo2$bo$o	48			search
oscillator	$3bo$obo$2b2o$o2$bo	104			search
oscillator	$3bo$obo$2b2o2$o$o	48			search
oscillator	$3bo$ob2o$o2bo$4bo	228			search
oscillator	$3bo$ob2o$2b2o$o	72			search
oscillator	$3bo$ob2o$3bo$2o	24			search
oscillator	$3bo$ob3o	72			search
oscillator	$3bo$ob3o2$o	96			search
oscillator	$3bo$ob3o2$2o	16			search
oscillator	$3bo$ob3o2$obo	24			search
oscillator	$3bo$ob3o$bo$o	24			search
oscillator	$3bo$ob3o$bo$2bo	24			search
oscillator	$3bo$ob3o$2bo$3bo	12			search
oscillator	$3bo$ob3o2$3bo	24			search
oscillator	$3bo$obo$3bo$2o2$bo	208			search
oscillator	$3bo$obo$3bo$bo$o$o	48			search
oscillator	$3bo$obobo$b2o$o	24			search
oscillator	$3bo$obobo$bo2bo	24			search
oscillator	$3bo$obobo$2b2o$o	24			search
oscillator	$3bo$obobo$2b2o$o3bo	24			search
oscillator	$3bo$obobo$3bo$2o	72			search
oscillator	$3bo$obobo$3bo$2o2bo	72			search
oscillator	$3bo$obobo$3b2o	40			search
oscillator	$3bo$obob2o$b3o	80			search
oscillator	$3bo$obob2o$bo2bo	16			search
oscillator	$3bo$o2bo$o$bo2$3bo	212			search
oscillator	$3bo$o2bo$o2$bo$2bo	128			search
oscillator	$3bo$o2bo$2bo$2o	16			search
oscillator	$3bo$o2bo$2bo$o2$bo	208			search
oscillator	$3bo$o2bo2$2bo$bobo$b2o	88			search
oscillator	$3bo$o2bo2$3bo$3bo$bo	160			search
oscillator	$3bo$o2b2o$o$o2bo	104			search
oscillator	$3bo$o2b2o$o$bobo	172			search
oscillator	$3bo$o2b2o$o$3bo	36			search
oscillator	$3bo$o2b2o2$2o	24			search
oscillator	$3bo$o2b2o$b2o$2bo	12			search
oscillator	$3bo$o2b2o$2bo$3bo	12			search
oscillator	$3bo$o2b2o$3bo$o	96			search
oscillator	$3bo$o2b2o$3bo$2o	48			search
oscillator	$3bo$o2b2o$3bo$o3bo	96			search
oscillator	$3bo$o3bo$o2b2o	40			search
oscillator	$3bo$o3bo$bo$2o2bo	40			search
oscillator	$3bo$o3bo$2bobo$bo	168			search
oscillator	$3bo$o3bo$3bo$3b2o	12			search
oscillator	$3bo$o3bo$3b2o	24			search
oscillator	$3bo$o3bo$3b2o$3bo	8			search
oscillator	$3bo$o3b2o$3b2o	16			search
oscillator	$3bo$bo$2ob2o	44			search
oscillator	$3bo$bo$o$bob2o	28			search
oscillator	$3bo$bo$o2bo$o2bo	80			search
oscillator	$3bo$bo$o2bo$2b2o	36			search
oscillator	$3bo$bo$o2bo$3bo$bo	112			search
oscillator	$3bo$bo$o2b2o	28			search
oscillator	$3bo$bo$o2b3o	36			search
oscillator	$3bo$bo$o3bo$bo2bo	28			search
oscillator	$3bo$bo$bobo$o2bo	40			search
oscillator	$3bo$bo$bobo$2b2o	40			search
oscillator	$3bo$bo$bobo$3bo$bo	40			search
oscillator	$3bo$bo$bobo$3bo$3bo	40			search
oscillator	$3bo$bo$bob3o	40			search
oscillator	$3bo$b2o$o$obo$bobo	28			search
oscillator	$3bo$b2o$o$o2bo	48			search
oscillator	$3bo$b2o$o$o$3bo	48			search
oscillator	$3bo$b2o$o$2b2o	40			search
oscillator	$3bo$b2o$o2bo$2b2o	44			search
oscillator	$3bo$b2o2$2o	36			search
oscillator	$3bo$b2o$b3o	32			search
oscillator	$3bo$b2o$bo$2bo$bobo	80			search
oscillator	$3bo$b2o2$bo$bo$2bo	112			search
oscillator	$3bo$b2o$3bo$2o	68			search
oscillator	$3bo$b2obo$o3bo	40			search
oscillator	$3bo$b2obo2$2o	36			search
oscillator	$3bo$b2obo$3bo$2o	68			search
oscillator	$3bo$b2obo$3b2o	56			search
oscillator	$3bo$b2obo$3bo2bo	80			search
oscillator	$3bo$b2ob2o	32			search
oscillator	$3bo$b2ob3o	48			search
oscillator	$3bo$b2ob2obo	176			search
oscillator	$3bo$b2obo$6bo	48			search
oscillator	$3bo$b2o$5b2o	48			search
oscillator	$3bo$b2o3bo$5b2o	24			search
oscillator	$3bo$bobo2$2o2$3bo	64			search
oscillator	$3bo$bobo$bo$o2$bo	56			search
oscillator	$3bo$bobo$bo$o2$3bo	56			search
oscillator	$3bo$bobo$b2o$2bo	16			search
oscillator	$3bo$bobo$b2o$2bo$3bo	16			search
oscillator	$3bo$bobo$bo$2bo	40			search
oscillator	$3bo$bobo$bo$2b2o	40			search
oscillator	$3bo$bobo$bo2$2bo$bo	608			search
oscillator	$3bo$bobo2$bo$2b2o	212			search
oscillator	$3bo$bobo2$bobo$3bo	160			search
oscillator	$3bo$bobo3$b3o	128			search
oscillator	$3bo$bobo$2bo$o	16			search
oscillator	$3bo$bobo$2bo2$2b2o	16			search
oscillator	$3bo$bobo$2b2o2$3bo	24			search
oscillator	$3bo$bobo$2bo$3bo$3bo	16			search
oscillator	$3bo$bobo$2bo2$3bo	16			search
oscillator	$3bo$bobo3$2b2o	44			search
oscillator	$3bo$bobo$3bo2$bo$2bo	72			search
oscillator	$3bo$bobo2$3bo$bobo	96			search
oscillator	$3bo$bobo2$3bo$3bo	32			search
oscillator	$3bo$bobo2$3bo$3bo$bo	160			search
oscillator	$3bo$bob2o$o3bo	24			search
oscillator	$3bo$bob2o$bo	32			search
oscillator	$3bo$bob2o$bo$o	32			search
oscillator	$3bo$bob2o$bo$obo	32			search
oscillator	$3bo$bob2o$bo2$bo	32			search
oscillator	$3bo$bob2o$b2o$2bo	24			search
oscillator	$3bo$bob2o$bo$2bo	32			search
oscillator	$3bo$bob2o$bo2bo	72			search
oscillator	$3bo$bob2o$2b2o$o	364			search
oscillator	$3bo$bob2o$2bo$3bo	12			search
oscillator	$3bo$bob2o$3bo$o	28			search
oscillator	$3bo$bob2o$3bo$4bo	40			search
oscillator	$3bo$bo2bo$o2b2o	36			search
oscillator	$3bo$bo2bo$bobo$3b2o	56			search
oscillator	$3bo$bo2bo$bob2o	40			search
oscillator	$3bo$bo2bo$2bobo	56			search
oscillator	$3bo$bo2bo$3bo$2ob2o	160			search
oscillator	$3bo$bo2bo$3bo$3b2o	12			search
oscillator	$3bo$bo2bo$3b2o	24			search
oscillator	$3bo$bo2bo$3b2o$3bo	8			search
oscillator	$3bo$bo2b2o$3b2o	16			search
oscillator	$3bo$bo3bo$2bobo	28			search
oscillator	$3bo2$bobo$b2o$bo$2bo	56			search
oscillator	$3bo$2bo$bo$b2o$bo	40			search
oscillator	$3bo$2bo$bo$b2o$bo$2bo	40			search
oscillator	$3bo$2bo$b2o$bo$bo	64			search
oscillator	$3bo$2bo$bobo$obo$o$bo	80			search
oscillator	$3bo$2bo$bobo$b2o$bo	48			search
oscillator	$3bo$2bo$2bo$bo$2bo	56			search
oscillator	$3bo$2bo$2bo2$bobo$2bo	40			search
oscillator	$3bo$2bo$2b2o$3o	48			search
oscillator	$3bo$2bo$2b2o$b2o$bo	48			search
oscillator	$3bo$2bo$2b2o2$bobo	24			search
oscillator	$3bo$2bo$2b2o2$bobo$2bo	24			search
oscillator	$3bo$2bo$2b2o2$bobo$3bo	28			search
oscillator	$3bo$2bo$2b2o2$bobo$4bo	24			search
oscillator	$3bo$2b2o$o$bo	56			search
oscillator	$3bo$2b2o2$2obo	48			search
oscillator	$3bo$2b2o2$obo2$bo	152			search
oscillator	$3bo$2b2o$bo$b2o2$3bo	72			search
oscillator	$3bo$2b2o$bo2$bo	40			search
oscillator	$3bo$2b2o$bo2$bo$2bo	40			search
oscillator	$3bo$2b2o$b2o2$bo	72			search
oscillator	$3bo$2b2o$bobo$bo$bo	120			search
oscillator	$3bo$2b2o2$bo$bo$2bo	40			search
oscillator	$3bo$2b2o2$bo2$3bo	32			search
oscillator	$3bo$2b2o3$bobo$2bo	40			search
oscillator	$3bo$2b2o$2b2o$bo$bo	168			search
oscillator	$3bo$2b2o2$2bo2$2o	44			search
oscillator	$3bo$2b2o2$2bo$bo	40			search
oscillator	$3bo$2b2o2$2bo$bo$o	48			search
oscillator	$3bo$2b2o2$2bo$bo$2bo	40			search
oscillator	$3bo$2b2o2$3bo$bo	80			search
oscillator	$3bo$2b2o2$3bo$bo$2bo	80			search
oscillator	$3bo$2b3o2$3o	48			search
oscillator	$3bo$2b3o$bo$o	96			search
oscillator	$3bo$2b3o$bo$2o	16			search
oscillator	$3bo$2b3o$bo$b2o	36			search
oscillator	$3bo$2b3o$b2o$o	16			search
oscillator	$3bo$2b3o$b2o$bo	24			search
oscillator	$3bo$2b3o$b2o$2bo	12			search
oscillator	$3bo$2b3o$bo$2bo	24			search
oscillator	$3bo$2b3o$bobo$b2o	24			search
oscillator	$3bo$2b3o2$bo	36			search
oscillator	$3bo$2b3o2$bo$bo	48			search
oscillator	$3bo$2b3o2$bo$bobo	48			search
oscillator	$3bo$2b3o2$b2o	24			search
oscillator	$3bo$2b3o3$bobo	96			search
oscillator	$3bo$2b3o$2bo$obo	16			search
oscillator	$3bo$2b3o2$3bo$bo	28			search
oscillator	$3bo$2bo$3bo$bo$bobo	48			search
oscillator	$3bo$2bo$3bo$bo$bobo$2bo	48			search
oscillator	$3bo$2bobo$bo$3o	72			search
oscillator	$3bo$2bobo$bo$b2o$bo	48			search
oscillator	$3bo$2bobo$b3o$2o	16			search
oscillator	$3bo$2bobo$b3o$3o	16			search
oscillator	$3bo$2bobo$bob2o	40			search
oscillator	$3bo$2bobo$bo2bo	24			search
oscillator	$3bo$2bobo$bo2bo$2bo	32			search
oscillator	$3bo$2bobo$3bo$bo$bobo	72			search
oscillator	$3bo$2bobo$4bo$obo	40			search
oscillator	$3bo$2bob2o$bo2bo	16			search
oscillator	$3bo2$2b2o$bo$2bo	56			search
oscillator	$3bo2$2b2o2$bobo$3bo	80			search
oscillator	$3bo$3bo$2o$o2$bo	52			search
oscillator	$3bo$3bo$2o$o2$3bo	52			search
oscillator	$3bo$3bo$2o2$bo$o	52			search
oscillator	$3bo$3bo$o$2bo$3bo$2b2o	208			search
oscillator	$3bo$3bo$o2bo$bo	56			search
oscillator	$3bo$3bo$o2bo$bo2bo	56			search
oscillator	$3bo$3bo2$2o$3bo$bo	104			search
oscillator	$3bo$3bo$bo$o$o$bo	208			search
oscillator	$3bo$3bo$bo$ob2o	56			search
oscillator	$3bo$3bo$bo$b2o2$3bo	16			search
oscillator	$3bo$3bo$b2o$o2$bo	208			search
oscillator	$3bo$3bo$b2o$o2$3bo	48			search
oscillator	$3bo$3bo$b2o$bo2$3bo	16			search
oscillator	$3bo$3bo$b2o2$bo	48			search
oscillator	$3bo$3bo$b2o2$bo$2bo	48			search
oscillator	$3bo$3bo$b2o$2b2o	16			search
oscillator	$3bo$3bo$b2o$2bo$3bo	16			search
oscillator	$3bo$3bo$b3o2$bo	56			search
oscillator	$3bo$3bo$b2o2b2o$4bo	16			search
oscillator	$3bo$3bo$bo$2bo$b2o	28			search
oscillator	$3bo$3bo$bo$2bo$bobo$b2o	344			search
oscillator	$3bo$3bo$bo$2b2o	40			search
oscillator	$3bo$3bo$bo$2b2o$bo	56			search
oscillator	$3bo$3bo$bo$2b2o2$bo	136			search
oscillator	$3bo$3bo$bo$2b2o2$3bo	184			search
oscillator	$3bo$3bo$bobo$o2$bo	152			search
oscillator	$3bo$3bo$bobo$bo$bo	72			search
oscillator	$3bo$3bo$bobo$b2o2$3bo	72			search
oscillator	$3bo$3bo$bobo2$bo	40			search
oscillator	$3bo$3bo$bobo2$bo$2bo	40			search
oscillator	$3bo$3bo$bobo$2bo$3bo	24			search
oscillator	$3bo$3bo$bobo$3bo2$o	80			search
oscillator	$3bo$3bo2$bo$bobo$3bo	28			search
oscillator	$3bo$3bo2$bobo$2bo$3bo	56			search
oscillator	$3bo$3bo3$b3o$2bo	44			search
oscillator	$3bo$3bo$2bo$2o	24			search
oscillator	$3bo$3bo$2bo$bo$bo	24			search
oscillator	$3bo$3bo$2bo$bo$bo$2bo	24			search
oscillator	$3bo$3bo$2bo$bo$bobo	16			search
oscillator	$3bo$3bo$2bo$bo$bo$3bo	72			search
oscillator	$3bo$3bo$2bo$b2o2$3bo	16			search
oscillator	$3bo$3bo$2bo$bo2$2b2o	112			search
oscillator	$3bo$3bo$2bo$bo2$3bo	16			search
oscillator	$3bo$3bo$2bo$2bo2$2o	112			search
oscillator	$3bo$3bo$2bo$2bo$bo	48			search
oscillator	$3bo$3bo$2bo$2bo$bo$2bo	48			search
oscillator	$3bo$3bo2$2bo$2o$o	32			search
oscillator	$3bo$3bo2$2bo$b2o$2bo	28			search
oscillator	$3bo$3bo2$2b2o$bo$2bo	40			search
oscillator	$3bo$3bo2$2b2o2$bo	136			search
oscillator	$3bo$3bo$3bo$b2o$bobo	48			search
oscillator	$3bo$3bo$3bo$b2o2$3bo	40			search
oscillator	$3bo$3bo$3bo$bo2$3bo	32			search
oscillator	$3bo$3bo$3bo2$bobo$2bo	40			search
oscillator	$3bo$3bo$3bo$2bo$bo$2bo	40			search
oscillator	$3bo$3bo2$3bo$b2o$bo	56			search
oscillator	$3bo$3bo2$3bo$b2o$2bo	56			search
oscillator	$3bo$3bo2$3bo$bobo$o	64			search
oscillator	$3bo$3bo2$3bo$bobo$2bo	32			search
oscillator	$3bo$3bo2$3bo$2bo$bo	24			search
oscillator	$3bo$3bo2$3bo$2bo$b2o	56			search
oscillator	$3bo$3bo2$3bo$3bo$bo	160			search
oscillator	$3bo$3bo2$3bo$3bo$b2o	32			search
oscillator	$3bo$3b2o$2o$o	28			search
oscillator	$3bo$3b2o$2o$obo	28			search
oscillator	$3bo$3b2o$bo$3o	72			search
oscillator	$3bo$3b2o$bo$3obo	72			search
oscillator	$3bo$3b2o$bo$b2o	16			search
oscillator	$3bo$3b2o$b2o$bo	24			search
oscillator	$3bo$3b2o$b2o$b2o	12			search
oscillator	$3bo$3b2o$b2o$2bo	12			search
oscillator	$3bo$3b2o$b2o$2b2o	24			search
oscillator	$3bo$3b2o$b3o$o3bo	24			search
oscillator	$3bo$3b2o$b3o$bo	24			search
oscillator	$3bo$3b2o$b3o2$bo	16			search
oscillator	$3bo$3b2o$b3o$2bo	12			search
oscillator	$3bo$3b2o$b2o3bo	32			search
oscillator	$3bo$3b2o$bo$2b2o	20			search
oscillator	$3bo$3b2o$bobo$o3bo	96			search
oscillator	$3bo$3b2o$bobo$b2o	36			search
oscillator	$3bo$3b2o$bobo$b2obo	36			search
oscillator	$3bo$3b2o$bobo$bo2bo	16			search
oscillator	$3bo$3b2o$bobo$2bo	24			search
oscillator	$3bo$3b2o$bobo$2bobo	24			search
oscillator	$3bo$3b2o$2bo$bo	8			search
oscillator	$3bo$3b2o$2b2o$bo$bo	160			search
oscillator	$3bo$3b2o$3bo$3o	72			search
oscillator	$3bo$3b2o$3bo$2o2bo	48			search
oscillator	$3bo$3b2o$3bo$bo	36			search
oscillator	$3bo$3b2o$3bo$b2o	24			search
oscillator	$3bo$3b2o$3bo$b2obo	24			search
oscillator	$3bo$3b2o$3bo$bo2bo	36			search
oscillator	$3b2o$ob2o	24			search
oscillator	$3b2o$ob2o2$o	32			search
oscillator	$3b2o$ob2o$bo$o	48			search
oscillator	$3b2o$ob2o2$3bo	16			search
oscillator	$3b2o$ob3o	24			search
oscillator	$3b2o$o2bo$2bo$3bo	16			search
oscillator	$3b2o$o2bo$2bo$4bo	16			search
oscillator	$3b2o$o2b2o$2bo	16			search
oscillator	$3b2o$o3bo$3bo$3b2o	12			search
oscillator	$3b2o$o3bo$3b2o	24			search
oscillator	$3b2o2$o3bo$obo	92			search
oscillator	$3b2o$b2ob2o	32			search
oscillator	$3b2o$bobo$2bo$3bo	16			search
oscillator	$3b2o$bobo$3bo2$bo	48			search
oscillator	$3b2o$bob2o$3bo	80			search
oscillator	$3b2o$bo2bo$2bobo	56			search
oscillator	$3b2o$bo2bo$3bo$3b2o	12			search
oscillator	$3b2o$bo2bo$3b2o	24			search
oscillator	$3b2o2$bo$b2o$bo$4bo	24			search
oscillator	$3b2o2$b2o3bo	48			search
oscillator	$3b2o$2b2o$o$bo	56			search
oscillator	$3b2o$2b2o$bo$o	32			search
oscillator	$3b2o$2b2o$bo2$bo	32			search
oscillator	$3b2o$2b2o$bo$2bo	16			search
oscillator	$3b2o$2b2o$bo2bo	28			search
oscillator	$3b2o$2b2o2$b2o	16			search
oscillator	$3b2o$2b2o$2bo$bo	24			search
oscillator	$3b2o$2b3o2$bo	24			search
oscillator	$3b2o$2b3obo$bo	24			search
oscillator	$3b2o$2b2o2bo$bo	24			search
oscillator	$3b2o$2bobo$3bo$b2o	16			search
oscillator	$3b2o2$2bo2$bobo$4bo	48			search
oscillator	$3b2o$3bo$bo$3o	24			search
oscillator	$3b2o$3bo$bo$b2o	16			search
oscillator	$3b2o$3bo$b2o	32			search
oscillator	$3b2o$3bo$b2o$o	48			search
oscillator	$3b2o$3bo$b2o$bo	16			search
oscillator	$3b2o$3bo$b2o$2bo	16			search
oscillator	$3b2o$3bo$b2o$2bo$3bo	16			search
oscillator	$3b2o$3bo$b2o$6bo	32			search
oscillator	$3b2o$3bo$bobo$2bo	16			search
oscillator	$3b2o$3bo$bobo$2bo$3bo	16			search
oscillator	$3b2o$3bo$bo2bo$2bo	36			search
oscillator	$3b2o$3bo$2bo$obo	48			search
oscillator	$3b2o$3bo$2bo$bo	16			search
oscillator	$3b2o$3bo$2bo$b2o	16			search
oscillator	$3b2o$3bo$2bo$2bo$bo	48			search
oscillator	$3b2o$3bo$2b2o$bo	12			search
oscillator	$3b2o$3bo$3bo$obo	32			search
oscillator	$3b2o$3bo$3bo$b2o	16			search
oscillator	$3b2o$3bo$3bo2$bobo	32			search
oscillator	$3b2o$3bo$3bo$2bo$bo	32			search
oscillator	$3b2o$3b2o$bo$b2o	16			search
oscillator	$3b2o$3b2o$b2o	16			search
oscillator	$3b2o$3b2o$bobo	24			search
oscillator	$3b2o$3b2o$bobo$4bo	24			search
oscillator	$3b2o$3b2o$3bo$bo	24			search
oscillator	$3b2o2$3bo2$bobo$4bo	40			search
oscillator	$3b2o$4bo$b2o3bo	32			search
oscillator	$3b3o$2o	40			search
oscillator	$3b3o$obo	40			search
oscillator	$3b3o$ob2o	64			search
oscillator	$3b3o$bo$o4bo	96			search
oscillator	$3b3o$bo$3bo2bo	128			search
oscillator	$3b3o2$b2o	48			search
oscillator	$3b3o2$b3o	20			search
oscillator	$3b3o2$b2o2bo	176			search
oscillator	$3b3o2$b2o3bo	112			search
oscillator	$3b3o2$bobob2o	88			search
oscillator	$3b3o2$bobo2bo	80			search
oscillator	$3b3o$2bo$bo	40			search
oscillator	$3b3o$2bo$b2o	64			search
oscillator	$3b3o$2bo$bo3bo	28			search
oscillator	$3b3o$2bo$bo4bo	80			search
oscillator	$3b3o$2b2o$bo	64			search
oscillator	$3b3o$2bo3bo$bo	40			search
oscillator	$3b3o$2bo3bo$bo3bo	28			search
oscillator	$3b3o$3bo$b2o	48			search
oscillator	$3b3o$3b2obo$b2o	32			search
oscillator	$3b3o$3b2obo$bobo	24			search
oscillator	$3b3o$4bo$b3o	48			search
oscillator	$3b3o$6bo$b2o	48			search
oscillator	$3b3o$6bo$b2o2bo	176			search
oscillator	$3b3o$6bo$bobo	40			search
oscillator	$3b3o$6bo$bobobo	72			search
oscillator	$3b3obo$obo	48			search
oscillator	$3b3obo$bo$3bo	152			search
oscillator	$3b2obo$ob2o	24			search
oscillator	$3b2obo$bo$3bobo	40			search
oscillator	$3b2obo2$b3o	64			search
oscillator	$3b2obo$2bo$bo3bo	28			search
oscillator	$3b2obo$2b2o$bo	24			search
oscillator	$3b2obo$2bobo$b2o	24			search
oscillator	$3b2obo$3bo$b2o	112			search
oscillator	$3b2obo$3b2o$bobo	24			search
oscillator	$3b2o2bo$bo$3bobobo	40			search
oscillator	$3bo$4bo2$ob3o	40			search
oscillator	$3bo$4bo$b3o$2b3o	56			search
oscillator	$3bo$4bo$bobo$3obo	48			search
oscillator	$3bo$4bo$bobo$2b3o	24			search
oscillator	$3bo$4bo$bob2o$2bo	32			search
oscillator	$3bo$4bo$bob2o$2bo$3bo	56			search
oscillator	$3bo$4bo$3bo$ob3o	72			search
oscillator	$3bo$4bo$3b2o$obo	40			search
oscillator	$3bobo$2ob2o	136			search
oscillator	$3bobo$ob3o	24			search
oscillator	$3bobo$o2b2o$bo2bo	96			search
oscillator	$3bobo$o2b2o$2bo	16			search
oscillator	$3bobo$o3b2o$b2o	56			search
oscillator	$3bobo$bo$o2b2o	36			search
oscillator	$3bobo$bo$bob2o	40			search
oscillator	$3bobo$b2o$bob2o	120			search
oscillator	$3bobo$b2obo$3bo2bo	208			search
oscillator	$3bobo$b2ob2o	72			search
oscillator	$3bobo$b2ob3o	112			search
oscillator	$3bobo$b2obo$6bo	32			search
oscillator	$3bobo$b2o2bo	72			search
oscillator	$3bobo$b2o2b2o$4bo	28			search
oscillator	$3bobo$bobo$2bo3bo	28			search
oscillator	$3bobo$bobo$3bo2bo	128			search
oscillator	$3bobo$bob2o$o	112			search
oscillator	$3bobo$bob2o$bo2bo	240			search
oscillator	$3bobo$bo2bo$2b2o2bo	128			search
oscillator	$3bobo$bo2b2o$2bo	56			search
oscillator	$3bobo2$b3o	40			search
oscillator	$3bobo2$b3o2bo	40			search
oscillator	$3bobo$2bo$b2o	40			search
oscillator	$3bobo$2b2o$bo3bo	64			search
oscillator	$3bobo$2b3o$bo	24			search
oscillator	$3bobo$2b3o$b2o	32			search
oscillator	$3bobo$2b3o$bo3bo	120			search
oscillator	$3bobo$2b3o$bo4bo	48			search
oscillator	$3bobo$2b3obo$bo	24			search
oscillator	$3bobo$2b2o2bo$bo3bo	64			search
oscillator	$3bobo$2bobo$b2o	24			search
oscillator	$3bobo$2bobobo$b2o	24			search
oscillator	$3bobo$2bo3bo$b2o	40			search
oscillator	$3bobo$3bo$b3o	56			search
oscillator	$3bobo$3bo$b3obo	52			search
oscillator	$3bobo$3bo$b2o3bo	112			search
oscillator	$3bobo$3b2o$b2o	48			search
oscillator	$3bobo$3b2o$b3o	16			search
oscillator	$3bobo$3b2o$bobobo	24			search
oscillator	$3bobo$3b2obo$b2o	48			search
oscillator	$3bobo$3b2obo$bobo	72			search
oscillator	$3bob3o$b2o3bo	240			search
oscillator	$3bobo$6bo$b3o	40			search
oscillator	$3bobobo$ob3o	120			search
oscillator	$3bobobo$bob2o$3bo	40			search
oscillator	$3bo2bo$b2obo$5bo	24			search
oscillator	$3bo2bo$b2obo2bo	44			search
oscillator	$3bo2bo$bo$2b2obo	40			search
oscillator	$3bo2bo$2b3o$bo3bo	80			search
oscillator	$3bo2bo$3b2o$b2o2bo	256			search
oscillator	$3bo2bo$3b2o$bobobo	40			search
oscillator	$3bo2b2o$b2o3bo	36			search
oscillator	$3bo2b2o$bo$2b2obo	568			search
oscillator	$3bo3bo$bo$2b2obobo	80			search
oscillator	4bo$o$ob3o	44			search
oscillator	4bo$o$o2b2o$2bo	24			search
oscillator	4bo$o$o3bo$2b2o	44			search
oscillator	4bo$o$o3bo$3b2o	32			search
oscillator	4bo$o$o3bo$4bo$3bo	32			search
oscillator	4bo$2o$2bobo$4bo	32			search
oscillator	4bo$2obo$2b3o	48			search
oscillator	4bo$2ob2o$o3bo	44			search
oscillator	4bo$2obo$4bo$4bo	24			search
oscillator	4bo$2o2bo$2b2o	48			search
oscillator	4bo$o$bob2o$3bo	168			search
oscillator	4bo$o$bo2bo$3bo$3b2o	224			search
oscillator	4bo$ob3o$4bo	136			search
oscillator	4bo$o$2bobo$b2o	44			search
oscillator	4bo$o2bo$ob3o	112			search
oscillator	4bo$o2bo$o$2b2o	44			search
oscillator	4bo$o2bo$o2bo$2bo	72			search
oscillator	4bo$o2bo$o2b2o$2bo	96			search
oscillator	4bo$o2bo2$b3o	44			search
oscillator	4bo$o2bo$2bo$b2o	44			search
oscillator	4bo$o2bo$2bobo$b2o	112			search
oscillator	4bo$o2bo$3bo$b2o	24			search
oscillator	4bo$o2bo$3b2o$b2o	96			search
oscillator	4bo$o2b2o$obo	44			search
oscillator	4bo$o2b2o$o$2bo	72			search
oscillator	4bo$o$3b2o$b2o	24			search
oscillator	4bo$o3bo$obobo	44			search
oscillator	4bo$o3bo$o$2b2o	28			search
oscillator	4bo$o3bo$o2bo$4bo	112			search
oscillator	4bo$o3bo$bobo$3bo	184			search
oscillator	4bo$o3bo$bobo$4bo	56			search
oscillator	4bo$o3bo$3bo$bo2bo	112			search
oscillator	4bo$o3bo$4bo$b2o	24			search
oscillator	4bo$o$4bo$b3o	44			search
oscillator	4bo2$ob3o	40			search
oscillator	4bo2$o3bo$2bobo$bo	64			search
oscillator	4bo$bo$ob3o	40			search
oscillator	4bo$bo$o2b2o$2bo	32			search
oscillator	4bo$bo$b2obo$3b2o	88			search
oscillator	4bo$bo$b2ob3o	36			search
oscillator	4bo$bo$bo2bo$bob2o	144			search
oscillator	4bo$b2o$2bobo$bo2bo	184			search
oscillator	4bo$b2o$2bobo$4bo$2bo	80			search
oscillator	4bo$b2o$2bob2o	200			search
oscillator	4bo$b2o$2bo2bo$4bo	32			search
oscillator	4bo$b3o	32			search
oscillator	4bo$b3o$2o	64			search
oscillator	4bo$b3o$3o	48			search
oscillator	4bo$b3o2$o3bo	36			search
oscillator	4bo$b3o2$bo2bo	40			search
oscillator	4bo$b3o$2bo$4bo	48			search
oscillator	4bo$b3o$4bo$4bo	48			search
oscillator	4bo$b3o$4b2o	48			search
oscillator	4bo$b3o2$5b2o	32			search
oscillator	4bo$b3o2bo	48			search
oscillator	4bo$b2obo2$2bo$o	80			search
oscillator	4bo$b2o$4bo$bo2bo	40			search
oscillator	4bo$b2o$4bo$4bo	36			search
oscillator	4bo$b2o$4bo$4bo$2bo	40			search
oscillator	4bo$b2o2bo$2bob2o	40			search
oscillator	4bo$b2o2bo$2bo2bo$4bo	160			search
oscillator	4bo$bo$2bobo$bo2bo	32			search
oscillator	4bo$bo$2bobo$3b2o	104			search
oscillator	4bo$bo$2bobo$4bo	32			search
oscillator	4bo$bo$2bobo$4bo$2bo	40			search
oscillator	4bo$bobo$3o	40			search
oscillator	4bo$bobo$3obo	40			search
oscillator	4bo$bobo$ob3o	72			search
oscillator	4bo$bobo$bo$o3bo	36			search
oscillator	4bo$bobo$bo$bo2bo	40			search
oscillator	4bo$bobo$b2o$bo2bo	168			search
oscillator	4bo$bobo$b2o$bo$4bo	56			search
oscillator	4bo$bobo$b3o$bo	60			search
oscillator	4bo$bobo$b2obo$bo	56			search
oscillator	4bo$bobo$bo$5b2o	32			search
oscillator	4bo$bobo$2bo$b2o	40			search
oscillator	4bo$bobo$2b3o	24			search
oscillator	4bo$bobo$2b3o$bo	72			search
oscillator	4bo$bobo$2b3o2$bo	48			search
oscillator	4bo$bobo$2b3o$2bo	16			search
oscillator	4bo$bobo$2b3o$3bo	16			search
oscillator	4bo$bobo$2bobo$2bo$3bo	40			search
oscillator	4bo$bobo$2bobo$4bo	32			search
oscillator	4bo$bob2o$obo	40			search
oscillator	4bo$bob2o$obo$bo	128			search
oscillator	4bo$bob2o$o$2bo	32			search
oscillator	4bo$bob2o$2bo	32			search
oscillator	4bo$bob2o$2bo$bo	40			search
oscillator	4bo$bob2o$2bo2$bo	40			search
oscillator	4bo$bobobo$3obo	48			search
oscillator	4bo$bo2bo$o2bo$2bo	48			search
oscillator	4bo$bo2bo$o3bo$2bo	32			search
oscillator	4bo$bo2bo$2bo$3bo	12			search
oscillator	4bo$bo2bo$2bo$3b2o	56			search
oscillator	4bo$bo2bo$2bo$3bo$4bo	12			search
oscillator	4bo$bo2bo$2bo$4bo$3bo	64			search
oscillator	4bo$bo$4bo$3bo$2b3o	56			search
oscillator	4bo2$bob2o$bo	36			search
oscillator	4bo2$bob2o$bo$2bo	36			search
oscillator	4bo2$bo2bo$o2b2o	36			search
oscillator	4bo2$bo2bo$bob2o	40			search
oscillator	4bo2$bo2bo$3bo$3b2o	32			search
oscillator	4bo2$bo2bo$3b2o$3bo	40			search
oscillator	4bo$2bo$2o2b2o	72			search
oscillator	4bo$2bo$bo3bo$4bo	32			search
oscillator	4bo$2b2o$2o$4bo	40			search
oscillator	4bo$2b2o$bo$2bo	56			search
oscillator	4bo$2b2o$bo2bo$2bo	56			search
oscillator	4bo$2b2o2$bob2o	40			search
oscillator	4bo$2b3o$3bo$bo	16			search
oscillator	4bo$2b2o$4bo$3bo$2o	240			search
oscillator	4bo$2b2o$4bo$3bo$2o2bo	272			search
oscillator	4bo$2bo$3b2o$bo2bo	140			search
oscillator	4bo$2bobo$bo$3bo$2bo	64			search
oscillator	4bo$2bobo$bo$3bo$4bo	64			search
oscillator	4bo$2bobo$bo$4bo$3bo	64			search
oscillator	4bo$2bobo2$bo$b2o$3bo	112			search
oscillator	4bo$2bo$4bo$bo$b2o$3bo	72			search
oscillator	4bo2$2bobo$bo2bo$2bo	40			search
oscillator	4bo$3bo$obo$2bo$o	48			search
oscillator	4bo$3bo$obo$2b2o$o	72			search
oscillator	4bo$3bo$ob3o	72			search
oscillator	4bo$3bo$ob3o2$o	96			search
oscillator	4bo$3bo$ob3o2$obo	24			search
oscillator	4bo$3bo$ob3o2$3bo	24			search
oscillator	4bo$3bo$obobo$2b2o$o	72			search
oscillator	4bo$3bo$obobo$3bo$2o	72			search
oscillator	4bo$3bo$o2b2o$2bo$3bo	16			search
oscillator	4bo$3bo$o2b2o$3bo$o	32			search
oscillator	4bo$3bo$o$3bo$2o	48			search
oscillator	4bo$3bo$o3bo$3bo$2o	32			search
oscillator	4bo$3bo$o3bo$3bo$3b2o	32			search
oscillator	4bo$3bo$o3bo$3b2o	32			search
oscillator	4bo$3bo$bo$o2b2o	36			search
oscillator	4bo$3bo$bo$bob2o	40			search
oscillator	4bo$3bo$bob2o$bo	100			search
oscillator	4bo$3bo$bob2o$bo$2bo	100			search
oscillator	4bo$3bo$bob2o$2bo$3bo	16			search
oscillator	4bo$3bo$bob2o$3bo	80			search
oscillator	4bo$3bo$bob2o$3bo$o	112			search
oscillator	4bo$3bo$bo2bo$2bobo	56			search
oscillator	4bo$3bo$bo2bo$3bo$3b2o	32			search
oscillator	4bo$3bo$bo2bo$3b2o	32			search
oscillator	4bo$3bo$bo2b2o$3bo	32			search
oscillator	4bo$3bo2$bobo$3o	48			search
oscillator	4bo$3bo2$bo2bo$b2o$3bo	72			search
oscillator	4bo$3bo$2bo$bo$3o	64			search
oscillator	4bo$3bo$2b3o$bo$o	96			search
oscillator	4bo$3bo$2b3o$bo$b2o	48			search
oscillator	4bo$3bo$2b3o$bo$2bo	24			search
oscillator	4bo$3bo$2b3o2$bo	48			search
oscillator	4bo$3bo$2b3o2$b2o	24			search
oscillator	4bo$3bo$2bobo$bo2bo	32			search
oscillator	4bo$3bo$3bo$2bo$obo	24			search
oscillator	4bo$3bo$3b2o$bo$2o	72			search
oscillator	4bo$3bo$3b2o$bo$b2o	32			search
oscillator	4bo$3bo$3b2o$b2o$o	24			search
oscillator	4bo$3bo$3b2o$b2o$bo	16			search
oscillator	4bo$3bo$3b2o$b2o$2bo	16			search
oscillator	4bo$3bo$3b2o$bobo$o	32			search
oscillator	4bo$3bo$3b2o$bobo$b2o	24			search
oscillator	4bo$3bo$3b2o$bobo$2bo	16			search
oscillator	4bo$3bo$3b2o$2bo$b2o	16			search
oscillator	4bo$3bo$3b2o$3bo$2o	32			search
oscillator	4bo$3bo$3b2o$3bo$obo	32			search
oscillator	4bo$3bo$3b2o$3bo$bo	48			search
oscillator	4bo$3bo$3b2o$3bo$b2o	16			search
oscillator	4bo$3bo$3b2o$3bo$bo2bo	48			search
oscillator	4bo$3b2o$obo	40			search
oscillator	4bo$3b2o$obo2$o	48			search
oscillator	4bo$3b2o$obo$bo$o	96			search
oscillator	4bo$3b2o$ob2o	48			search
oscillator	4bo$3b2o$obo2$3bo	32			search
oscillator	4bo$3b2o$o$2bo$o	72			search
oscillator	4bo$3b2o$o$2bo$3bo	24			search
oscillator	4bo$3b2o$o$3bo$o	48			search
oscillator	4bo$3b2o$bo$2bo$3bo	24			search
oscillator	4bo$3b2o$bo$3bo	128			search
oscillator	4bo$3b2o$bo$3bo$o	104			search
oscillator	4bo$3b2o2$bo$2o	24			search
oscillator	4bo$3b2o2$bo$3o	72			search
oscillator	4bo$3b2o2$bo$b2o	24			search
oscillator	4bo$3b2o2$b2o$bo	24			search
oscillator	4bo$3b2o2$b2o$2bo	24			search
oscillator	4bo$3b2o2$bo$2b2o	104			search
oscillator	4bo$3b2o2$bobo$o	48			search
oscillator	4bo$3b2o2$bobo$b2o	60			search
oscillator	4bo$3b2o2$bobo$2bo	32			search
oscillator	4bo$3b2o$2bo2$obo	48			search
oscillator	4bo$3b2o$2bo$bo$o	48			search
oscillator	4bo$3b2o$2bo$bo$2bo	32			search
oscillator	4bo$3b2o$2bo2$bo	40			search
oscillator	4bo$3b2o$2b2o2$bo	44			search
oscillator	4bo$3b2o$2bobo$b2o	48			search
oscillator	4bo$3b2o2$2bo$obo	24			search
oscillator	4bo$3b2o2$2bo$o2bo	24			search
oscillator	4bo$3b2o2$2bo$bo	24			search
oscillator	4bo$3b2o2$2bo$b2o	24			search
oscillator	4bo$3b2o$3bo$2bo$bo	8			search
oscillator	4bo$3b2o2$3bo$2o	48			search
oscillator	4bo$3b2o2$3bo$obo	48			search
oscillator	4bo$3b2o2$3bo$bo	40			search
oscillator	4bo$3b2o2$3bo$bo2bo	40			search
oscillator	4bo$3b3o$obo	32			search
oscillator	4bo$3bobo$ob3o	72			search
oscillator	4bo$3bobo$bob2o$bo	124			search
oscillator	4bo2$3b2o$bo$2b2o	36			search
oscillator	4bo2$3b2o$2bo$2o	24			search
oscillator	4bo$4bo$obo$4bo$3bo	64			search
oscillator	4bo$4bo$o$2b2o$o	32			search
oscillator	4bo$4bo$bo$2b2o	80			search
oscillator	4bo$4bo$bobo$o3bo	16			search
oscillator	4bo$4bo$bobo$bo	20			search
oscillator	4bo$4bo$bobo$bo$2bo	20			search
oscillator	4bo$4bo$bobo$4bo	56			search
oscillator	4bo$4bo2$b3o$o	32			search
oscillator	4bo$4bo2$b3o$bo	16			search
oscillator	4bo$4bo2$b3o$2bo	16			search
oscillator	4bo$4bo2$bobo$3o	32			search
oscillator	4bo$4bo$2bo$bob2o	56			search
oscillator	4bo$4bo$2bo$bo2bo$3bo	64			search
oscillator	4bo$4bo$2bo$2b2o$bo	16			search
oscillator	4bo$4bo$2b2o$o$bo	56			search
oscillator	4bo$4bo2$2b2o$obo	32			search
oscillator	4bo$4bo2$2bobo$bo$3bo	112			search
oscillator	4bo$4bo$3bo$b3o	32			search
oscillator	4bo$4bo$3bo$bo$2b2o	100			search
oscillator	4bo$4bo$3bo$bobo2bo	24			search
oscillator	4bo$4bo$3bo$bo2bo	56			search
oscillator	4bo$4bo$3bo$2bo$2o	24			search
oscillator	4bo$4bo$3b2o$b2o	16			search
oscillator	4bo$4bo$3b2o$2bo$bo	16			search
oscillator	4bo$4b2o$ob3o	80			search
oscillator	4bo$4b2o$6bo$b2o2bo	48			search
oscillator	4bo2$4bo$bobo$2b3o	56			search
oscillator	4bo2$4bo$bob2o$2bo	40			search
oscillator	4bo2$4bo$bo2bo$2bobo	40			search
oscillator	4b2o$bo$2b3o	16			search
oscillator	4b2o$bob2o$2bo	16			search
oscillator	4b3o3$b3o	120			search
oscillator	4b3o3$b2o2bo	80			search
oscillator	4b3o2$2bobo$bo	48			search
oscillator	4b3o$3bo2$b2o	32			search
oscillator	4b3o2$4bo$b2o	32			search
oscillator	4b2o$7bo$obobo	48			search
oscillator	4bo$5bo$ob3o	32			search
oscillator	4bo$5bo$2bo3bo$b3obo	48			search
oscillator	4bobo$b3o2bo	88			search
oscillator	4bobo2$2bobo$b2o2bo	80			search
oscillator	4bobo$3bo2$b3o	48			search
oscillator	4bobo$3bo$3bo$b2o	32			search
oscillator	4bobo2$3b2o$b2o	32			search
oscillator	4bobo$4bo$bo2bo$bo	128			search
oscillator	4bobo$4bo2$b2o2bo	80			search
oscillator	4bo2bo$bo5bo$b2obo	120			search
oscillator	$4bo$3o$3bo$o3bo	28			search
oscillator	$4bo$2obo	36			search
oscillator	$4bo$2obo$o3bo	24			search
oscillator	$4bo$2o$3bobo$4bo	80			search
oscillator	$4bo$obo$o2bo$bo	48			search
oscillator	$4bo$obo$o2bo$4bo	32			search
oscillator	$4bo$obo$2b2o$bo	24			search
oscillator	$4bo$o2bo$2o2bo	28			search
oscillator	$4bo$o2bo$o$bobo	40			search
oscillator	$4bo$o2bo$4bo	28			search
oscillator	$4bo$o2bo$4bo$obo	140			search
oscillator	$4bo$o3bo$2b2o$o	32			search
oscillator	$4bo$o$4bo$2b3o	24			search
oscillator	$4bo$o4bo$3bo$obobo	100			search
oscillator	$4bo$b2o$3b2o	24			search
oscillator	$4bo$bo$2b2o$o3bo	28			search
oscillator	$4bo$bobo$o3bo	16			search
oscillator	$4bo$bobo$bo	20			search
oscillator	$4bo$bobo$bo$2bo	20			search
oscillator	$4bo$bobo$3bo$o	28			search
oscillator	$4bo$bobo$3bo$o3bo	28			search
oscillator	$4bo$bob2o$bo$2bo	40			search
oscillator	$4bo$bobo$4bo	28			search
oscillator	$4bo$bo$4bo$2b3o	24			search
oscillator	$4bo2$bo2bo$2b3o	24			search
oscillator	$4bo$2bo$2obo$2bo	36			search
oscillator	$4bo$2bo$2obo$4bo	36			search
oscillator	$4bo$2bo$b3o$o	24			search
oscillator	$4bo$2bo$bobo$3o	24			search
oscillator	$4bo$2bo$bobo$b2o	16			search
oscillator	$4bo$2bo$bobo$b2obo	16			search
oscillator	$4bo$2bo$bobo$2b2o	24			search
oscillator	$4bo$2bo$bobo$2b3o	16			search
oscillator	$4bo$2bo$bobo$3b2o	56			search
oscillator	$4bo$2b2o$o$bo	56			search
oscillator	$4bo$2b2o$b2o	16			search
oscillator	$4bo$2bo$3bo$b2obo	16			search
oscillator	$4bo$3bo$o$ob2o	248			search
oscillator	$4bo$3bo$o2bo$bo	56			search
oscillator	$4bo$3bo$o2bo$bo2bo	56			search
oscillator	$4bo$3bo$bo$ob2o	32			search
oscillator	$4bo$3bo$b3o	16			search
oscillator	$4bo$3bo$bo$2b2o	32			search
oscillator	$4bo$3bo$bo2bo	28			search
oscillator	$4bo$3bo$bo2bo$obo	132			search
oscillator	$4bo$3b2o$bo$2b2o	40			search
oscillator	$4bo$4bo$b2obo	68			search
oscillator	$4b2o$obo$2bo3bo	48			search
oscillator	$4b2o$ob2o	24			search
oscillator	$4b2o$ob2o$6bo	24			search
oscillator	$4b2o$obo$5b2o	80			search
oscillator	$4b2o$o2bo$bo2bo	16			search
oscillator	$4b2o$o$3bob2o	80			search
oscillator	$4b2o$o3bo$2bo	32			search
oscillator	$4b2o$bobo$bo	20			search
oscillator	$4b2o$bobo$3bo	40			search
oscillator	$4b2o$bo3bo$3bo	136			search
oscillator	$4b2o2$b2o2bo	32			search
oscillator	$4b2o2$b2o2bo$6bo	32			search
oscillator	$4b2o2$bobob2o	80			search
oscillator	$4b2o2$bobobo$6bo	40			search
oscillator	$4b2o$2bo$b3o	48			search
oscillator	$4b2o$2bo$b2o$6bo	24			search
oscillator	$4b2o$2b2o$b2o	32			search
oscillator	$4b2o$2b2o$bo4bo	24			search
oscillator	$4b2o$2bo3bo$b2o	24			search
oscillator	$4b2o$2bo3bo$bo3bo	40			search
oscillator	$4b2o$3bo$b2o	16			search
oscillator	$4b2o$3bo$b3o	48			search
oscillator	$4b2o$3bo$bo2bo	56			search
oscillator	$4b2o$3b2obo$bobo	40			search
oscillator	$4b2o$5bo$bobo	88			search
oscillator	$4b2o2$5bo$b2o3bo	32			search
oscillator	$4b2o$6bo$b2o2bo	32			search
oscillator	$4b2o$6bo$bobobo	40			search
oscillator	$4b2obo$bobo$3bo	200			search
oscillator	$4b2obo$bo$3bobo	152			search
oscillator	$4b2obo$bo2bo$3bo	152			search
oscillator	$4bo$5bo$3bo$2o	24			search
oscillator	$4bobo$2bobo$b2o	40			search
oscillator	5bo2$ob3o	32			search
oscillator	5bo$bo$b2o$4b2o	36			search
oscillator	5bo$b2o$2bob2o	236			search
oscillator	5bo$b2o3bo$2bobo	124			search
oscillator	5bo$bo3bo$ob2o	24			search
oscillator	5bo$bo3bo$2b2o	16			search
oscillator	5bo$bo3bo$2b3o	24			search
oscillator	5bo2$bo3bo$2bo2bo	56			search
oscillator	5bo$3bo$ob3o	72			search
oscillator	5bo$3b2o$obo	32			search
oscillator	5bo$3b3o$obo	32			search
oscillator	5bo$4bo$2bo$b3o2bo	48			search
oscillator	5b2o$b3o	56			search
oscillator	5b2o$bobo3bo$bo4bo	360			search
oscillator	5b2o$3bo2$b3o	32			search
oscillator	5b2o$3bo$2bo$b2o	32			search
oscillator	5b2o$3b2o$2bo$bo	32			search
oscillator	5b2o$3bo$4bo$b3o	144			search
oscillator	5b2o2$3b2o$bobo	32			search
oscillator	5b2o$5bo$2bobo$bo	48			search
oscillator	5b2o$5bo$4bo$b2o	32			search
oscillator	$5bo$3o2bo$5bo	36			search
oscillator	$5bo$2ob2o	112			search
oscillator	$5bo$2o2bo$bob3o	44			search
oscillator	$5bo$ob3o	40			search
oscillator	$5bo$ob2obo	96			search
oscillator	$5bo$ob2ob2o	72			search
oscillator	$5bo$bo$o2b3o	36			search
oscillator	$5bo$bo$bob3o	40			search
oscillator	$5bo$b2ob2o$4b2o	72			search
oscillator	$5bo$b2ob3o	84			search
oscillator	$5bo$b2o2bo$bo3bo	36			search
oscillator	$5bo$b2o2bo$3b2o	16			search
oscillator	$5bo$b2o2bo$4bo	72			search
oscillator	$5bo$bobo$2bo$5b2o	28			search
oscillator	$5bo$bob2o$bo	36			search
oscillator	$5bo$bo2b2o$2bo4bo	56			search
oscillator	$5bo$bo2b3o$2bo	56			search
oscillator	$5bo$bo3b2o$2b2o	92			search
oscillator	$5bo$bo3b2o$2bobo	84			search
oscillator	$5bo$bo4bo$2bob2o	56			search
oscillator	$5bo$2bo$b3obo	32			search
oscillator	$5bo$2b2o$b2o2bo	20			search
oscillator	$5bo$2b3o$bo3bo	28			search
oscillator	$5bo$2b3obo$bo3bo	28			search
oscillator	$5bo$2b2ob2o$bo	72			search
oscillator	$5bo$2b2o2bo$bo3bo	40			search
oscillator	$5bo$2bo2bo$bo3bo	32			search
oscillator	$5bo$2bo2b2o$b2o	104			search
oscillator	$5bo$2bo3bo$b3obo	32			search
oscillator	$5bo$3b2o$b2o	48			search
oscillator	$5bo$3b2o$b3o	20			search
oscillator	$5bo$3b2obo$b2o	48			search
oscillator	$5bo$5b2o$b3o	28			search
oscillator	$5b2o$bo3bo$2bo2bo	56			search
oscillator	$5b2o$2bo2bo$bo3bo	40			search
oscillator	$5b3o$ob2o	48			search
oscillator	$5b3o$bo$2b2o	172			search
oscillator	$5b3o$bobo$3bo	144			search
oscillator	$5bobo$ob3o	48			search
oscillator	$5bobo$ob2ob2o	72			search
oscillator	$5bobo$b2ob3o	56			search
oscillator	$5bobo$bobobo$3bo	144			search
oscillator	$5bobo$bobob2o$3bo	292			search
oscillator	$5bobo$bo3b2o$2b2o	244			search
oscillator	6bo$b3ob2o	88			search
oscillator	6bo$3b2obo$2bo$bo3bo	248			search
oscillator	6bo$3bobo2$b3o	48			search
oscillator	6bo$3bobo$3bo$b2o	32			search
oscillator	6bo$4b2o$bo2bo$bo	128			search
oscillator	6bo$4b2o2$b2o2bo	80			search
oscillator	6bo$5bo$3b2o$b2o	32			search
oscillator	$6bo$ob2obo	104			search
oscillator	$6bo$ob2o2b2o	76			search
oscillator	$6bo$bob2o$3bobo	40			search
oscillator	$6bo$bobobo$2bo	28			search
oscillator	$6bo$bo2bo$2b2obo	172			search
oscillator	$6bo$bo2b2o$2bo	56			search
oscillator	$6bo$bo5bo$2bo2bo	56			search
oscillator	$6bo$2b3o$bo3bo	28			search
oscillator	$6bo$4bo$b3ob2o	116			search
oscillator	$6b2o$bo$2b2o3bo	528			search
oscillator	$6b2o$bobo$3bo3bo	80			search
oscillator	$6b2o$bobobo$2bo	56			search
oscillator	$6b2o$bo2bo$2bobo	56			search
oscillator	$7bo$ob2ob2o	136			search
oscillator	$7bo$b2ob3o	44			search
still life	o$2o	2			search
still life	o$2o$2bo$2b2o	2			search
still life	o$2o$2b2o$2bo	2			search
still life	o$2o$2b2o$3bo	2			search
still life	2o$o	2			search
still life	2o$2o	2			search
still life	2o$bo	2			search
still life	2o$bo$2bo$2b2o	2			search
still life	2o$bo$2b2o$2bo	2			search
still life	2o$bo$2b2o$3bo	2			search
still life	$o	2			search
still life	bo$o	2			search
still life	bo$2o	2			search
still life	bo$2o$2bo$2b2o	2			search
still life	bo$2o$2b2o$2bo	2			search
still life	bo$2o$2b2o$3bo	2			search
